record_id,timestamp_utc,local_delta,validation_status,should_submit
experiment_00001,2026-04-27T22:06:13Z,,failed,False
experiment_00002,2026-04-27T22:06:45Z,,passed,True
experiment_00003,2026-04-27T22:19:17Z,,passed,True
experiment_00004,2026-04-28T00:19:48Z,,passed,True
experiment_00005,2026-04-28T00:21:50Z,,passed,True
experiment_00006,2026-04-28T00:23:49Z,,passed,True
experiment_00007,2026-04-28T00:25:51Z,,passed,True
experiment_00008,2026-04-28T00:37:25Z,,passed,True
experiment_00009,2026-04-28T00:38:04Z,,,
experiment_00010,2026-04-28T01:09:22Z,,passed,True
experiment_00011,2026-04-28T01:11:21Z,,passed,True
experiment_00012,2026-04-28T01:16:01Z,,passed,True
experiment_00013,2026-04-28T01:36:41Z,,passed,True
experiment_00014,2026-04-28T01:42:36Z,,passed,True
experiment_00015,2026-04-28T01:53:13Z,,passed,True
experiment_00016,2026-04-28T01:58:49Z,,passed,True
experiment_00017,2026-04-28T02:04:28Z,,passed,True
experiment_00018,2026-04-28T02:18:02Z,,failed,False
experiment_00019,2026-04-28T02:20:01Z,,passed,True
experiment_00020,2026-04-28T02:28:06Z,,failed,False
experiment_00021,2026-04-28T02:30:04Z,,failed,False
experiment_00022,2026-04-28T02:38:15Z,,failed,False
experiment_00023,2026-04-28T02:40:10Z,,passed,True
experiment_00024,2026-04-28T02:44:44Z,,failed,False
experiment_00025,2026-04-28T02:46:40Z,,failed,False
experiment_00026,2026-04-28T02:48:34Z,,failed,False
experiment_00027,2026-04-28T02:50:33Z,,passed,True
experiment_00028,2026-04-28T02:55:09Z,,failed,False
experiment_00029,2026-04-28T02:59:47Z,,failed,False
experiment_00030,2026-04-28T03:03:38Z,,passed,True
experiment_00031,2026-04-28T03:11:53Z,,failed,False
experiment_00032,2026-04-28T03:13:48Z,,failed,False
experiment_00033,2026-04-28T03:17:49Z,,passed,True
experiment_00034,2026-04-28T03:22:58Z,,failed,False
experiment_00035,2026-04-28T03:24:53Z,,passed,True
experiment_00036,2026-04-28T03:30:27Z,,passed,True
experiment_00037,2026-04-28T03:36:05Z,,passed,True
experiment_00038,2026-04-28T03:42:44Z,,passed,True
experiment_00039,2026-04-28T03:48:20Z,,passed,True
experiment_00040,2026-04-28T03:53:57Z,,passed,True
experiment_00041,2026-04-28T04:04:55Z,,passed,True
experiment_00042,2026-04-28T04:11:31Z,,passed,True
experiment_00043,2026-04-28T04:17:38Z,,passed,True
experiment_00044,2026-04-28T04:24:13Z,,passed,True
experiment_00045,2026-04-28T04:30:49Z,,passed,True
experiment_00046,2026-04-28T04:36:53Z,,passed,True
experiment_00047,2026-04-28T04:43:29Z,,passed,True
experiment_00048,2026-04-28T04:50:05Z,,passed,True
experiment_00049,2026-04-28T04:56:42Z,,passed,True
experiment_00050,2026-04-28T05:03:20Z,,passed,True
experiment_00051,2026-04-28T05:09:56Z,,passed,True
experiment_00052,2026-04-28T05:16:30Z,,passed,True
experiment_00053,2026-04-28T05:22:01Z,,passed,True
experiment_00054,2026-04-28T05:28:36Z,,passed,True
experiment_00055,2026-04-28T05:35:10Z,,passed,True
experiment_00056,2026-04-28T05:41:43Z,,passed,True
experiment_00057,2026-04-28T14:24:33Z,,passed,True
experiment_00058,2026-04-28T14:31:08Z,,passed,True
experiment_00059,2026-04-28T14:37:43Z,,passed,True
experiment_00060,2026-04-28T14:40:40Z,,passed,True
experiment_00061,2026-04-28T14:46:22Z,,passed,True
experiment_00062,2026-04-28T14:52:18Z,,passed,True
experiment_00063,2026-04-28T14:58:18Z,,passed,True
experiment_00064,2026-04-28T15:19:47Z,,passed,True
experiment_00065,2026-04-28T15:34:43Z,,passed,True
experiment_00066,2026-04-28T15:40:42Z,,passed,True
experiment_00067,2026-04-28T15:47:29Z,,passed,True
experiment_00068,2026-04-28T15:52:36Z,,passed,True
experiment_00069,2026-04-28T15:58:51Z,,passed,True
experiment_00070,2026-04-28T16:11:48Z,,passed,True
experiment_00071,2026-04-28T16:18:01Z,,passed,True
experiment_00072,2026-04-28T16:20:33Z,,passed,True
experiment_00073,2026-04-28T16:29:04Z,,passed,True
experiment_00074,2026-04-28T16:35:19Z,,passed,True
experiment_00075,2026-04-28T16:44:49Z,,passed,True
experiment_00076,2026-04-28T16:49:54Z,,passed,True
experiment_00077,2026-04-28T16:55:55Z,,passed,True
experiment_00078,2026-04-28T17:01:51Z,,failed,False
experiment_00079,2026-04-28T17:04:06Z,,passed,True
experiment_00080,2026-04-28T17:17:15Z,,failed,False
experiment_00081,2026-04-28T17:20:09Z,,passed,True
experiment_00082,2026-04-28T17:26:36Z,,passed,True
experiment_00083,2026-04-28T17:31:26Z,,passed,True
experiment_00084,2026-04-28T17:37:46Z,,failed,False
experiment_00085,2026-04-28T17:48:09Z,,passed,True
experiment_00086,2026-04-28T18:04:06Z,,passed,True
experiment_00087,2026-04-28T18:07:32Z,,passed,True
experiment_00088,2026-04-28T18:25:13Z,,passed,True
experiment_00089,2026-04-28T18:30:06Z,,passed,True
experiment_00090,2026-04-28T18:36:04Z,,passed,True
experiment_00091,2026-04-28T18:42:32Z,,passed,True
experiment_00092,2026-04-28T18:48:22Z,,passed,True
experiment_00093,2026-04-28T18:58:05Z,,passed,True
experiment_00094,2026-04-28T19:11:34Z,,failed,False
experiment_00095,2026-04-28T19:14:03Z,,passed,True
experiment_00096,2026-04-28T19:36:31Z,,passed,True
experiment_00097,2026-04-28T19:46:43Z,,passed,True
experiment_00098,2026-04-28T19:56:32Z,,passed,True
experiment_00099,2026-04-28T20:05:52Z,,passed,True
experiment_00100,2026-04-28T20:15:52Z,,passed,True
experiment_00101,2026-04-28T20:27:01Z,,passed,True
experiment_00102,2026-04-28T20:35:52Z,,passed,True
experiment_00103,2026-04-28T20:46:21Z,,passed,True
experiment_00104,2026-04-28T20:54:49Z,,passed,True
experiment_00105,2026-04-28T21:02:29Z,,passed,True
experiment_00106,2026-04-28T21:11:52Z,,passed,True
experiment_00107,2026-04-28T21:20:16Z,,passed,True
experiment_00108,2026-04-28T21:26:30Z,,passed,True
experiment_00109,2026-04-28T21:38:07Z,,passed,True
experiment_00110,2026-04-28T21:44:51Z,,passed,True
experiment_00111,2026-04-28T21:54:59Z,,passed,True
experiment_00112,2026-04-28T21:58:15Z,,passed,True
experiment_00113,2026-04-28T22:05:58Z,,passed,True
experiment_00114,2026-04-28T22:09:54Z,,passed,True
experiment_00115,2026-04-28T22:11:19Z,,passed,True
experiment_00116,2026-04-28T22:20:11Z,,passed,True
experiment_00117,2026-04-28T22:27:13Z,,passed,True
experiment_00118,2026-04-28T22:27:50Z,,passed,True
experiment_00119,2026-04-28T22:36:01Z,,passed,True
experiment_00120,2026-04-28T22:39:28Z,,passed,True
experiment_00121,2026-04-28T22:41:28Z,,passed,True
experiment_00122,2026-04-28T22:43:33Z,,passed,True
experiment_00123,2026-04-28T22:44:53Z,,passed,True
experiment_00124,2026-04-28T22:47:04Z,,passed,True
experiment_00125,2026-04-28T22:48:56Z,,passed,True
experiment_00126,2026-04-28T22:50:52Z,,passed,True
experiment_00127,2026-04-28T22:52:50Z,,passed,True
experiment_00128,,,,
experiment_00129,2026-04-28T23:27:51Z,,passed,
experiment_00130,2026-04-28T23:39:24Z,230.7807382455867,passed,
experiment_00131,2026-04-28T23:44:01Z,9.504348754073362,passed,
experiment_00132,2026-04-28T23:48:09Z,15.657332398869585,passed,
experiment_00133,2026-04-29T00:05:05Z,,passed,True
experiment_00134,2026-04-29T00:17:53Z,,passed,True
experiment_00135,2026-04-29T00:24:27Z,,passed,True
experiment_00136,2026-04-29T00:32:39Z,,built_pending_full_public_validation,
experiment_00137,2026-04-29T00:44:54Z,,passed,True
experiment_00138,2026-04-29T00:51:32Z,,passed,
experiment_00139,2026-04-29T00:51:32Z,,passed,
experiment_00140,2026-04-29T00:51:32Z,,passed,
experiment_00141,2026-04-29T00:51:32Z,,passed,
experiment_00142,2026-04-29T00:51:32Z,,passed,
experiment_00143,2026-04-29T01:06:17Z,,,
experiment_00144,2026-04-29T01:24:34Z,,pending,
experiment_00145,2026-04-29T01:31:25Z,,pending,
experiment_00146,2026-04-29T01:31:25Z,,pending,
experiment_00147,2026-04-29T01:31:26Z,,pending,
experiment_00148,2026-04-29T01:31:27Z,,pending,
experiment_00149,2026-04-29T01:31:27Z,,pending,
experiment_00150,2026-04-29T01:39:10Z,,pending,
experiment_00151,2026-04-29T01:39:11Z,,pending,
experiment_00152,2026-04-29T01:39:12Z,,pending,
experiment_00153,2026-04-29T01:39:12Z,,pending,
experiment_00154,2026-04-29T01:39:13Z,,pending,
experiment_00155,2026-04-29T01:39:14Z,,pending,
experiment_00156,2026-04-29T01:39:15Z,,pending,
experiment_00157,2026-04-29T01:39:15Z,,pending,
experiment_00158,2026-04-29T01:39:16Z,,pending,
experiment_00159,2026-04-29T01:39:17Z,,pending,
experiment_00160,2026-04-29T01:39:17Z,,pending,
experiment_00161,2026-04-29T01:39:19Z,,pending,
experiment_00162,2026-04-29T01:39:20Z,,pending,
experiment_00163,2026-04-29T01:39:20Z,,pending,
experiment_00164,2026-04-29T01:39:21Z,,pending,
experiment_00165,2026-04-29T01:39:22Z,,pending,
experiment_00166,2026-04-29T01:39:23Z,,pending,
experiment_00167,2026-04-29T01:39:25Z,,pending,
experiment_00168,2026-04-29T01:39:26Z,,pending,
experiment_00169,2026-04-29T01:39:27Z,,pending,
experiment_00170,2026-04-29T02:13:07Z,,pending,
experiment_00171,2026-04-29T02:13:07Z,,pending,
experiment_00172,2026-04-29T02:13:08Z,,pending,
experiment_00173,2026-04-29T02:13:09Z,,pending,
experiment_00174,2026-04-29T02:13:09Z,,pending,
experiment_00175,2026-04-29T02:13:10Z,,pending,
experiment_00176,2026-04-29T02:13:10Z,,pending,
experiment_00177,2026-04-29T02:27:22Z,15.093854808974514,,
experiment_00178,2026-04-29T02:27:42Z,,pending,
experiment_00179,2026-04-29T02:27:43Z,,pending,
experiment_00180,2026-04-29T02:27:43Z,,pending,
experiment_00181,2026-04-29T02:27:44Z,,pending,
experiment_00182,2026-04-29T02:33:18Z,23.841283553736716,,
experiment_00183,2026-04-29T02:38:36Z,31.249667718464327,,
experiment_00184,2026-04-29T02:43:45Z,37.41853739943109,,
experiment_00185,2026-04-29T02:59:14Z,43.395222825413256,,
experiment_00186,2026-04-29T03:00:41Z,,pending,False
experiment_00187,2026-04-29T03:00:41Z,,pending,False
experiment_00188,2026-04-29T03:00:41Z,,pending,False
experiment_00189,2026-04-29T03:00:41Z,,pending,False
experiment_00190,2026-04-29T03:00:41Z,,pending,False
experiment_00191,2026-04-29T03:00:41Z,,pending,False
experiment_00192,2026-04-29T03:00:42Z,,pending,False
experiment_00193,2026-04-29T03:00:42Z,,pending,False
experiment_00194,2026-04-29T03:00:42Z,,pending,False
experiment_00195,2026-04-29T03:00:42Z,,pending,False
experiment_00196,2026-04-29T03:00:42Z,,pending,False
experiment_00197,2026-04-29T03:00:43Z,,pending,False
experiment_00198,2026-04-29T03:00:43Z,,pending,False
experiment_00199,2026-04-29T03:00:43Z,,pending,False
experiment_00200,2026-04-29T03:00:43Z,,pending,False
experiment_00201,2026-04-29T03:00:43Z,,pending,False
experiment_00202,2026-04-29T03:00:44Z,,pending,False
experiment_00203,2026-04-29T03:00:44Z,,pending,False
experiment_00204,2026-04-29T03:00:44Z,,pending,False
experiment_00205,2026-04-29T03:00:44Z,,pending,False
experiment_00206,2026-04-29T03:00:44Z,,pending,False
experiment_00207,2026-04-29T03:00:44Z,,pending,False
experiment_00208,2026-04-29T03:00:45Z,,pending,False
experiment_00209,2026-04-29T03:00:45Z,,pending,False
experiment_00210,2026-04-29T03:00:45Z,,pending,False
experiment_00211,2026-04-29T03:00:45Z,,pending,False
experiment_00212,2026-04-29T03:06:17Z,49.340275261747564,,
experiment_00213,2026-04-29T03:11:25Z,54.62211943301144,,
experiment_00214,2026-04-29T03:15:21Z,59.79830708924343,,
experiment_00215,2026-04-29T03:19:49Z,64.6618314449569,,
experiment_00216,2026-04-29T03:23:40Z,68.80341823746582,,
experiment_00217,2026-04-29T03:28:04Z,72.81200803484441,,
experiment_00218,2026-04-29T03:31:57Z,76.78450207801089,,
experiment_00219,2026-04-29T03:36:16Z,80.6525010368713,,
experiment_00220,2026-04-29T03:40:38Z,84.48189702990474,,
experiment_00221,2026-04-29T03:44:56Z,87.90240686830231,,
experiment_00222,2026-04-29T03:48:43Z,91.314056862119,,
experiment_00223,2026-04-29T03:48:46Z,,pending,False
experiment_00224,2026-04-29T03:48:46Z,,pending,False
experiment_00225,2026-04-29T03:48:46Z,,pending,False
experiment_00226,2026-04-29T03:48:46Z,,pending,False
experiment_00227,2026-04-29T03:48:46Z,,pending,False
experiment_00228,2026-04-29T03:48:47Z,,pending,False
experiment_00229,2026-04-29T03:48:47Z,,pending,False
experiment_00230,2026-04-29T03:48:47Z,,pending,False
experiment_00231,2026-04-29T03:48:47Z,,pending,False
experiment_00232,2026-04-29T03:48:47Z,,pending,False
experiment_00233,2026-04-29T03:48:47Z,,pending,False
experiment_00234,2026-04-29T03:48:48Z,,pending,False
experiment_00235,2026-04-29T03:48:48Z,,pending,False
experiment_00236,2026-04-29T03:48:48Z,,pending,False
experiment_00237,2026-04-29T03:48:48Z,,pending,False
experiment_00238,2026-04-29T03:48:48Z,,pending,False
experiment_00239,2026-04-29T03:48:49Z,,pending,False
experiment_00240,2026-04-29T03:48:49Z,,pending,False
experiment_00241,2026-04-29T03:48:49Z,,pending,False
experiment_00242,2026-04-29T03:48:49Z,,pending,False
experiment_00243,2026-04-29T03:48:49Z,,pending,False
experiment_00244,2026-04-29T03:48:49Z,,pending,False
experiment_00245,2026-04-29T03:48:50Z,,pending,False
experiment_00246,2026-04-29T03:48:50Z,,pending,False
experiment_00247,2026-04-29T03:48:50Z,,pending,False
experiment_00248,2026-04-29T03:53:31Z,94.3173713118457,,
experiment_00249,2026-04-29T03:56:13Z,,pending,False
experiment_00250,2026-04-29T03:56:13Z,,pending,False
experiment_00251,2026-04-29T03:56:13Z,,pending,False
experiment_00252,2026-04-29T03:56:14Z,,pending,False
experiment_00253,2026-04-29T03:56:14Z,,pending,False
experiment_00254,2026-04-29T03:56:14Z,,pending,False
experiment_00255,2026-04-29T03:56:14Z,,pending,False
experiment_00256,2026-04-29T03:56:14Z,,pending,False
experiment_00257,2026-04-29T03:56:14Z,,pending,False
experiment_00258,2026-04-29T03:56:14Z,,pending,False
experiment_00259,2026-04-29T03:56:15Z,,pending,False
experiment_00260,2026-04-29T03:56:15Z,,pending,False
experiment_00261,2026-04-29T03:56:15Z,,pending,False
experiment_00262,2026-04-29T03:57:49Z,97.31496418689294,,
experiment_00263,2026-04-29T04:02:13Z,100.26729101344095,,
experiment_00264,2026-04-29T04:06:29Z,103.11427376492983,,
experiment_00265,2026-04-29T04:10:16Z,105.85050517126521,,
experiment_00266,2026-04-29T04:14:33Z,108.485347399881,,
experiment_00267,2026-04-29T04:18:51Z,111.12004419863005,,
experiment_00268,2026-04-29T04:22:37Z,113.69185604188664,,
experiment_00269,2026-04-29T04:26:55Z,116.13200302450619,,
experiment_00270,2026-04-29T04:31:13Z,118.5396775595473,,
experiment_00271,2026-04-29T04:35:30Z,120.94101603640573,,
experiment_00272,2026-04-29T04:41:00Z,,passed,True
experiment_00273,2026-04-29T04:42:48Z,,passed,True
experiment_00274,2026-04-29T13:00:09Z,120.88993861814643,,
experiment_00275,2026-04-29T13:07:47Z,-18.84815207911243,,
experiment_00276,2026-04-29T13:15:59Z,1.3385215151252225,,
experiment_00277,2026-04-29T13:37:22Z,1.739409011828684,,
experiment_00278,2026-04-29T13:37:22Z,3.410915200243835,,
experiment_00279,2026-04-29T13:37:23Z,5.015688301963564,,
experiment_00280,2026-04-29T13:37:23Z,6.516549623818719,,
experiment_00281,2026-04-29T13:37:23Z,7.505714328475733,,
experiment_00282,2026-04-29T13:37:23Z,8.139713836532792,,
experiment_00283,2026-04-29T13:37:23Z,8.765842063892705,,
experiment_00284,2026-04-29T13:37:24Z,9.246010807908533,,
experiment_00285,2026-04-29T13:37:24Z,9.712668888058033,,
experiment_00286,2026-04-29T13:37:24Z,10.168830765097482,,
experiment_00287,2026-04-29T13:37:59Z,5.774620435056413,,
experiment_00288,2026-04-29T13:38:00Z,4.793454585996516,,
experiment_00289,2026-04-29T13:38:00Z,3.980907247399683,,
experiment_00290,2026-04-29T13:38:01Z,3.7687343411911236,,
experiment_00291,2026-04-29T13:38:01Z,3.5857169317872533,,
experiment_00292,2026-04-29T13:38:02Z,3.5701020011022386,,
experiment_00293,2026-04-29T13:38:02Z,3.511076005965654,,
experiment_00294,2026-04-29T13:38:03Z,3.4313699791355816,,
experiment_00295,2026-04-29T13:38:03Z,2.838567069216891,,
experiment_00296,2026-04-29T13:38:04Z,2.769878164061449,,
experiment_00297,2026-04-29T13:39:08Z,5.774720816506006,,
experiment_00298,2026-04-29T13:39:08Z,4.793454585996516,,
experiment_00299,2026-04-29T13:39:09Z,3.980907247399683,,
experiment_00300,2026-04-29T13:43:31Z,3.7687343411911236,,
experiment_00301,2026-04-29T13:43:32Z,3.5857169317872533,,
experiment_00302,2026-04-29T13:43:32Z,3.5701020011022386,,
experiment_00303,2026-04-29T13:45:28Z,3.511076005965654,,
experiment_00304,2026-04-29T13:47:22Z,3.4313699791355816,,
experiment_00305,2026-04-29T13:47:22Z,2.838567069216891,,
experiment_00306,2026-04-29T13:48:42Z,4.793454585996516,,
experiment_00307,2026-04-29T13:48:42Z,3.7687343411911236,,
experiment_00308,2026-04-29T13:48:43Z,3.5857169317872533,,
experiment_00309,2026-04-29T13:48:43Z,3.5701020011022386,,
experiment_00310,2026-04-29T13:48:44Z,3.511076005965654,,
experiment_00311,2026-04-29T13:48:44Z,3.4313699791355816,,
experiment_00312,2026-04-29T13:48:44Z,2.838567069216891,,
experiment_00313,2026-04-29T13:48:45Z,2.769878164061449,,
experiment_00314,2026-04-29T13:48:45Z,2.75428258528418,,
experiment_00315,2026-04-29T13:52:59Z,2.4205483300606474,,
experiment_00316,2026-04-29T13:57:15Z,2.3428870122258214,,
experiment_00317,2026-04-29T13:57:16Z,2.2730492765932713,,
experiment_00318,2026-04-29T13:57:16Z,2.2698906411873523,,
experiment_00319,2026-04-29T13:57:17Z,2.2357551807058993,,
experiment_00320,2026-04-29T13:57:17Z,2.186169891374451,,
experiment_00321,2026-04-29T13:57:18Z,1.9564668497328874,,
experiment_00322,2026-04-29T13:57:18Z,1.9433155620651164,,
experiment_00323,2026-04-29T13:57:19Z,1.7394090118290144,,
experiment_00324,2026-04-29T14:01:32Z,1.7336017796794536,,
experiment_00325,2026-04-29T14:01:33Z,1.7180544378353915,,
experiment_00326,2026-04-29T14:01:34Z,1.6715061884147868,,
experiment_00327,2026-04-29T14:05:49Z,1.6047731017196742,,
experiment_00328,2026-04-29T14:09:46Z,1.5102817027584727,,
experiment_00329,2026-04-29T14:09:47Z,1.5102102210781947,,
experiment_00330,2026-04-29T14:09:48Z,1.5008613218547513,,
experiment_00331,2026-04-29T14:13:44Z,1.4612957959899333,,
experiment_00332,2026-04-29T14:13:45Z,1.4081493552553788,,
experiment_00333,2026-04-29T14:13:45Z,1.3863852420452876,,
experiment_00334,2026-04-29T14:13:46Z,1.3779972721516192,,
experiment_00335,2026-04-29T14:13:46Z,1.3766728806910375,,
experiment_00336,2026-04-29T14:13:47Z,1.3438376153332658,,
experiment_00337,2026-04-29T14:13:47Z,1.2677609422877527,,
experiment_00338,2026-04-29T14:13:47Z,1.2595867815077302,,
experiment_00339,2026-04-29T14:13:48Z,1.213091979346352,,
experiment_00340,2026-04-29T14:13:48Z,1.1757317800464477,,
experiment_00341,2026-04-29T14:13:49Z,1.1420001796775114,,
experiment_00342,2026-04-29T14:13:50Z,1.073525609999395,,
experiment_00343,2026-04-29T14:13:50Z,1.0435147807288523,,
experiment_00344,2026-04-29T14:13:51Z,1.0207119800914768,,
experiment_00345,2026-04-29T14:13:51Z,0.9940544556253474,,
experiment_00346,2026-04-29T14:13:51Z,0.9891647046573269,,
experiment_00347,2026-04-29T14:13:52Z,0.9413128880496515,,
experiment_00348,2026-04-29T14:13:52Z,0.8430988551282272,,
experiment_00349,2026-04-29T14:13:53Z,0.8342796044785548,,
experiment_00350,2026-04-29T14:13:53Z,0.8005431233298417,,
experiment_00351,2026-04-29T14:13:54Z,0.7668440767072884,,
experiment_00352,2026-04-29T14:13:54Z,0.6865538646593947,,
experiment_00353,2026-04-29T14:13:55Z,0.6405762880141967,,
experiment_00354,2026-04-29T14:13:55Z,0.6339995080572507,,
experiment_00355,2026-04-29T14:13:55Z,0.6261282273602902,,
experiment_00356,2026-04-29T14:13:56Z,0.6214170818038376,,
experiment_00357,2026-04-29T14:13:56Z,0.612925740451324,,
experiment_00358,2026-04-29T14:13:57Z,0.6046226745464978,,
experiment_00359,2026-04-29T14:13:57Z,0.5996211225491237,,
experiment_00360,2026-04-29T14:13:58Z,0.5996211225491237,,
experiment_00361,2026-04-29T14:13:58Z,0.5877866649021186,,
experiment_00362,2026-04-29T14:13:59Z,0.5877866649021186,,
experiment_00363,2026-04-29T14:13:59Z,0.5586864216159988,,
experiment_00364,2026-04-29T14:14:00Z,0.5557529249625226,,
experiment_00365,2026-04-29T14:14:00Z,0.5288738256986427,,
experiment_00366,2026-04-29T14:14:01Z,0.48016874401608156,,
experiment_00367,2026-04-29T14:14:01Z,0.46665808014956056,,
experiment_00368,2026-04-29T14:14:02Z,0.4561618770395093,,
experiment_00369,2026-04-29T14:14:02Z,0.44085267642399906,,
experiment_00370,2026-04-29T14:14:02Z,0.40801542273545266,,
experiment_00371,2026-04-29T14:14:03Z,0.40239479559490476,,
experiment_00372,2026-04-29T14:14:03Z,0.4010721225677951,,
experiment_00373,2026-04-29T14:14:04Z,0.39507546935928595,,
experiment_00374,2026-04-29T14:14:04Z,0.38011615884538585,,
experiment_00375,2026-04-29T14:14:05Z,0.3602157415054279,,
experiment_00376,2026-04-29T14:14:05Z,0.33968592535361,,
experiment_00377,2026-04-29T14:14:05Z,0.3254862696065395,,
experiment_00378,2026-04-29T14:14:06Z,0.3160870190361216,,
experiment_00379,2026-04-29T14:14:06Z,0.3093113505337719,,
experiment_00380,2026-04-29T14:14:07Z,0.2776716794156311,,
experiment_00381,2026-04-29T14:14:07Z,0.25976798434185966,,
experiment_00382,2026-04-29T14:14:08Z,0.2554136931558837,,
experiment_00383,2026-04-29T14:14:08Z,0.2396152811859551,,
experiment_00384,2026-04-29T14:14:09Z,0.233237950472871,,
experiment_00385,2026-04-29T14:14:09Z,0.22712284666858373,,
experiment_00386,2026-04-29T14:14:09Z,0.2254158470982528,,
experiment_00387,2026-04-29T14:14:10Z,0.2216826063378754,,
experiment_00388,2026-04-29T14:14:10Z,0.20245686803500007,,
experiment_00389,2026-04-29T14:14:11Z,0.1940423154708526,,
experiment_00390,2026-04-29T14:14:11Z,0.1898863311157939,,
experiment_00391,2026-04-29T14:14:12Z,0.1897272965261294,,
experiment_00392,2026-04-29T14:14:12Z,0.17726144713599012,,
experiment_00393,2026-04-29T14:14:12Z,0.16216431070620807,,
experiment_00394,2026-04-29T14:14:13Z,0.14775292303403376,,
experiment_00395,2026-04-29T14:14:14Z,0.14512395613252238,,
experiment_00396,2026-04-29T14:14:14Z,0.13697352389049655,,
experiment_00397,2026-04-29T14:14:15Z,0.13631109861081292,,
experiment_00398,2026-04-29T14:14:15Z,0.1314631395604664,,
experiment_00399,2026-04-29T14:14:16Z,0.12942049179712,,
experiment_00400,2026-04-29T14:14:16Z,0.12629467992959498,,
experiment_00401,2026-04-29T14:14:17Z,0.1199751024375928,,
experiment_00402,2026-04-29T14:14:17Z,0.11947398781768115,,
experiment_00403,2026-04-29T14:14:18Z,0.11507529570805985,,
experiment_00404,2026-04-29T14:14:18Z,0.10842536095285915,,
experiment_00405,2026-04-29T14:14:19Z,0.10753488001826028,,
experiment_00406,2026-04-29T14:14:19Z,0.10037918530762013,,
experiment_00407,2026-04-29T14:14:20Z,0.10037918530762013,,
experiment_00408,2026-04-29T14:14:20Z,0.09627956636255952,,
experiment_00409,2026-04-29T14:14:20Z,0.0932469978534467,,
experiment_00410,2026-04-29T14:14:21Z,0.09025263117586668,,
experiment_00411,2026-04-29T14:14:21Z,0.08826661980599226,,
experiment_00412,2026-04-29T14:14:22Z,0.08239124975841428,,
experiment_00413,2026-04-29T14:14:22Z,0.07865344446827827,,
experiment_00414,2026-04-29T14:14:23Z,0.07842151623641946,,
experiment_00415,2026-04-29T14:14:23Z,0.07693713227670074,,
experiment_00416,2026-04-29T14:14:24Z,0.0766952957186735,,
experiment_00417,2026-04-29T14:14:24Z,0.06931596122172223,,
experiment_00418,2026-04-29T14:14:24Z,0.06893467971808853,,
experiment_00419,2026-04-29T14:14:25Z,0.06760360828169354,,
experiment_00420,2026-04-29T14:14:25Z,0.059770315866410684,,
experiment_00421,2026-04-29T14:14:26Z,0.0518848353690089,,
experiment_00422,2026-04-29T14:14:26Z,0.0518848353690089,,
experiment_00423,2026-04-29T14:14:27Z,0.04977336878532235,,
experiment_00424,2026-04-29T14:14:27Z,0.04953119710759424,,
experiment_00425,2026-04-29T14:14:28Z,0.04776275406793218,,
experiment_00426,2026-04-29T14:14:28Z,0.04726575773687536,,
experiment_00427,2026-04-29T14:14:28Z,0.04602293316650652,,
experiment_00428,2026-04-29T14:14:29Z,0.04583481297436798,,
experiment_00429,2026-04-29T14:14:29Z,0.04415311644026332,,
experiment_00430,2026-04-29T14:14:30Z,0.04320277514045934,,
experiment_00431,2026-04-29T14:14:30Z,0.04311727395740128,,
experiment_00432,2026-04-29T14:14:31Z,0.04194606168056758,,
experiment_00433,2026-04-29T14:14:31Z,0.040153014272034326,,
experiment_00434,2026-04-29T14:14:31Z,0.036917317228855495,,
experiment_00435,2026-04-29T14:14:32Z,0.035932009226065986,,
experiment_00436,2026-04-29T14:14:33Z,0.035932009226065986,,
experiment_00437,2026-04-29T14:14:33Z,0.03560014659291255,,
experiment_00438,2026-04-29T14:14:34Z,0.03498994246164777,,
experiment_00439,2026-04-29T14:14:34Z,0.032212481364128465,,
experiment_00440,2026-04-29T14:14:35Z,0.02672882094761242,,
experiment_00441,2026-04-29T14:14:35Z,0.026435594620943803,,
experiment_00442,2026-04-29T14:14:35Z,0.025700583108580588,,
experiment_00443,2026-04-29T14:14:36Z,0.024949288905586897,,
experiment_00444,2026-04-29T14:14:36Z,0.023034539630454987,,
experiment_00445,2026-04-29T14:14:37Z,0.022055596928314714,,
experiment_00446,2026-04-29T14:14:37Z,0.02098650697741533,,
experiment_00447,2026-04-29T14:14:38Z,0.01910322510962459,,
experiment_00448,2026-04-29T14:14:38Z,0.018538036155538506,,
experiment_00449,2026-04-29T14:14:38Z,0.016922583610153197,,
experiment_00450,2026-04-29T14:14:39Z,0.015622864007351467,,
experiment_00451,2026-04-29T14:14:39Z,0.015077387687513877,,
experiment_00452,2026-04-29T14:14:40Z,0.014691370249387603,,
experiment_00453,2026-04-29T14:14:40Z,0.013106281291337396,,
experiment_00454,2026-04-29T14:14:40Z,0.009861601099654393,,
experiment_00455,2026-04-29T14:14:41Z,0.0091923913097407,,
experiment_00456,2026-04-29T14:14:41Z,0.007880321136182644,,
experiment_00457,2026-04-29T14:14:42Z,0.007622896772700116,,
experiment_00458,2026-04-29T14:14:42Z,0.006545251792532625,,
experiment_00459,2026-04-29T14:14:43Z,0.006478649350023957,,
experiment_00460,2026-04-29T14:14:43Z,0.006281173808890372,,
experiment_00461,2026-04-29T14:14:43Z,0.005976541277902925,,
experiment_00462,2026-04-29T14:14:44Z,0.005698818420064811,,
experiment_00463,2026-04-29T14:14:44Z,0.005640787466266062,,
experiment_00464,2026-04-29T14:14:45Z,0.004616348860375652,,
experiment_00465,2026-04-29T14:14:45Z,0.004291115407108137,,
experiment_00466,2026-04-29T14:14:46Z,0.004090749289085593,,
experiment_00467,2026-04-29T14:14:46Z,0.003609583939615746,,
experiment_00468,2026-04-29T14:14:47Z,0.003585948369710934,,
experiment_00469,2026-04-29T14:14:47Z,0.0034755779338588866,,
experiment_00470,2026-04-29T14:14:48Z,0.0032748560485611478,,
experiment_00471,2026-04-29T14:14:48Z,0.0025447329835746046,,
experiment_00472,2026-04-29T14:14:49Z,0.0021704424089872276,,
experiment_00473,2026-04-29T14:14:49Z,0.001962401037950201,,
experiment_00474,2026-04-29T14:14:50Z,0.001893277974369667,,
experiment_00475,2026-04-29T14:14:51Z,0.0017664351545292334,,
experiment_00476,2026-04-29T14:14:51Z,0.0016403049957851579,,
experiment_00477,2026-04-29T14:14:52Z,0.0016261843978249146,,
experiment_00478,2026-04-29T14:14:52Z,0.0014098655477283728,,
experiment_00479,2026-04-29T14:14:52Z,0.0013501883875957077,,
experiment_00480,2026-04-29T14:14:53Z,0.0012109063429281974,,
experiment_00481,2026-04-29T14:14:53Z,0.001034717000237606,,
experiment_00482,2026-04-29T14:14:54Z,0.0010323973646340079,,
experiment_00483,2026-04-29T14:16:37Z,4.793454585996516,,
experiment_00484,2026-04-29T14:16:38Z,3.7687029203402442,,
experiment_00485,2026-04-29T14:16:39Z,3.5857169317872533,,
experiment_00486,2026-04-29T14:16:39Z,3.5701020011022386,,
experiment_00487,2026-04-29T14:16:40Z,2.2357551807058993,,
experiment_00488,2026-04-29T14:16:40Z,2.186169891374451,,
experiment_00489,2026-04-29T14:16:41Z,1.9563539773420597,,
experiment_00490,2026-04-29T14:16:41Z,1.7336017796794536,,
experiment_00491,2026-04-29T14:16:42Z,1.7180544378353915,,
experiment_00492,2026-04-29T14:16:42Z,1.5102817027584727,,
experiment_00493,2026-04-29T14:16:43Z,1.4612957959899333,,
experiment_00494,2026-04-29T14:16:43Z,1.3438376153332658,,
experiment_00495,2026-04-29T14:16:44Z,1.2595867815077302,,
experiment_00496,2026-04-29T14:16:44Z,1.213091979346352,,
experiment_00497,2026-04-29T14:16:45Z,1.133619680376162,,
experiment_00498,2026-04-29T14:16:45Z,1.073525609999395,,
experiment_00499,2026-04-29T14:16:46Z,1.0207119800914768,,
experiment_00500,2026-04-29T14:16:46Z,0.9940544556253474,,
experiment_00501,2026-04-29T14:16:47Z,0.9891277504251388,,
experiment_00502,2026-04-29T14:16:47Z,0.906377815287053,,
experiment_00503,2026-04-29T14:16:47Z,0.7242642869405245,,
experiment_00504,2026-04-29T14:16:48Z,0.6978202369523796,,
experiment_00505,2026-04-29T14:16:49Z,0.6261282273602902,,
experiment_00506,2026-04-29T14:16:49Z,0.612925740451324,,
experiment_00507,2026-04-29T14:16:49Z,0.5996211225491237,,
experiment_00508,2026-04-29T14:16:50Z,0.5996211225491237,,
experiment_00509,2026-04-29T14:16:50Z,0.5877866649021186,,
experiment_00510,2026-04-29T14:16:51Z,0.5877866649021186,,
experiment_00511,2026-04-29T14:16:51Z,0.5696328425961248,,
experiment_00512,2026-04-29T14:16:52Z,0.5586864216159988,,
experiment_00513,2026-04-29T14:16:52Z,0.5557529249625226,,
experiment_00514,2026-04-29T14:16:53Z,0.5288738256986427,,
experiment_00515,2026-04-29T14:16:53Z,0.5092719472235725,,
experiment_00516,2026-04-29T14:16:53Z,0.45406915187482433,,
experiment_00517,2026-04-29T14:16:54Z,0.4318144777941697,,
experiment_00518,2026-04-29T14:16:54Z,0.40801542273545266,,
experiment_00519,2026-04-29T14:16:55Z,0.3254862696065395,,
experiment_00520,2026-04-29T14:16:55Z,0.3160870190361216,,
experiment_00521,2026-04-29T14:16:56Z,0.276142107397499,,
experiment_00522,2026-04-29T14:16:56Z,0.26231946260372396,,
experiment_00523,2026-04-29T14:16:57Z,0.21732155140083798,,
experiment_00524,2026-04-29T14:16:58Z,0.18966089766816552,,
experiment_00525,2026-04-29T14:16:58Z,0.18234090228086153,,
experiment_00526,2026-04-29T14:16:58Z,0.14775292303403376,,
experiment_00527,2026-04-29T14:16:59Z,0.134498600946646,,
experiment_00528,2026-04-29T14:16:59Z,0.11051342473760961,,
experiment_00529,2026-04-29T14:17:00Z,0.07865344446827827,,
experiment_00530,2026-04-29T14:17:00Z,0.07441012882292597,,
experiment_00531,2026-04-29T14:17:01Z,0.07380938420174665,,
experiment_00532,2026-04-29T14:17:01Z,0.07330169819427645,,
experiment_00533,2026-04-29T14:17:02Z,0.06478455386116266,,
experiment_00534,2026-04-29T14:17:02Z,0.04311727395740128,,
experiment_00535,2026-04-29T14:17:02Z,0.039008195885454455,,
experiment_00536,2026-04-29T14:17:03Z,0.029453523239576285,,
experiment_00537,2026-04-29T14:17:03Z,0.02098650697741533,,
experiment_00538,2026-04-29T14:17:04Z,0.018525311885596807,,
experiment_00539,2026-04-29T14:17:04Z,0.018519713096535995,,
experiment_00540,2026-04-29T14:17:05Z,0.015077387687513877,,
experiment_00541,2026-04-29T14:17:05Z,0.014691370249387603,,
experiment_00542,2026-04-29T14:17:06Z,0.014441666856662039,,
experiment_00543,2026-04-29T14:17:06Z,0.008438777501464045,,
experiment_00544,2026-04-29T14:17:06Z,0.005698818420064811,,
experiment_00545,2026-04-29T14:17:07Z,0.004139521223894604,,
experiment_00546,2026-04-29T14:17:08Z,0.0034755779338588866,,
experiment_00547,2026-04-29T14:17:08Z,0.0032748560485611478,,
experiment_00548,2026-04-29T14:17:09Z,0.0028600741300870425,,
experiment_00549,2026-04-29T14:17:10Z,0.0013501883875957077,,
experiment_00550,2026-04-29T14:18:02Z,4.793454585996516,,
experiment_00551,2026-04-29T14:18:03Z,3.7687029203402442,,
experiment_00552,2026-04-29T14:18:04Z,3.5857169317872533,,
experiment_00553,2026-04-29T14:18:04Z,3.5701020011022386,,
experiment_00554,2026-04-29T14:18:04Z,2.2357551807058993,,
experiment_00555,2026-04-29T14:18:05Z,2.186169891374451,,
experiment_00556,2026-04-29T14:18:06Z,1.9563539773420597,,
experiment_00557,2026-04-29T14:18:06Z,1.7336017796794536,,
experiment_00558,2026-04-29T14:18:06Z,1.7180544378353915,,
experiment_00559,2026-04-29T14:18:07Z,1.5102817027584727,,
experiment_00560,2026-04-29T14:18:07Z,1.4612957959899333,,
experiment_00561,2026-04-29T14:18:08Z,1.3438376153332658,,
experiment_00562,2026-04-29T14:18:08Z,1.2595867815077302,,
experiment_00563,2026-04-29T14:18:09Z,1.213091979346352,,
experiment_00564,2026-04-29T14:18:09Z,1.133619680376162,,
experiment_00565,2026-04-29T14:18:10Z,1.073525609999395,,
experiment_00566,2026-04-29T14:18:10Z,1.0207119800914768,,
experiment_00567,2026-04-29T14:18:11Z,0.9940544556253474,,
experiment_00568,2026-04-29T14:18:11Z,0.9891277504251388,,
experiment_00569,2026-04-29T14:18:12Z,0.906377815287053,,
experiment_00570,2026-04-29T14:18:12Z,0.7242642869405245,,
experiment_00571,2026-04-29T14:18:13Z,0.6978202369523796,,
experiment_00572,2026-04-29T14:18:13Z,0.6261282273602902,,
experiment_00573,2026-04-29T14:18:14Z,0.612925740451324,,
experiment_00574,2026-04-29T14:18:14Z,0.5996211225491237,,
experiment_00575,2026-04-29T14:18:15Z,0.5996211225491237,,
experiment_00576,2026-04-29T14:18:15Z,0.5877866649021186,,
experiment_00577,2026-04-29T14:18:16Z,0.5877866649021186,,
experiment_00578,2026-04-29T14:18:17Z,0.5696328425961248,,
experiment_00579,2026-04-29T14:18:17Z,0.5586864216159988,,
experiment_00580,2026-04-29T14:18:18Z,0.5557529249625226,,
experiment_00581,2026-04-29T14:18:19Z,0.5288738256986427,,
experiment_00582,2026-04-29T14:18:19Z,0.5092719472235725,,
experiment_00583,2026-04-29T14:18:20Z,0.45406915187482433,,
experiment_00584,2026-04-29T14:18:21Z,0.4318144777941697,,
experiment_00585,2026-04-29T14:18:21Z,0.40801542273545266,,
experiment_00586,2026-04-29T14:18:22Z,0.3254862696065395,,
experiment_00587,2026-04-29T14:18:22Z,0.3160870190361216,,
experiment_00588,2026-04-29T14:18:23Z,0.276142107397499,,
experiment_00589,2026-04-29T14:18:24Z,0.26231946260372396,,
experiment_00590,2026-04-29T14:18:24Z,0.21732155140083798,,
experiment_00591,2026-04-29T14:18:25Z,0.18966089766816552,,
experiment_00592,2026-04-29T14:18:26Z,0.18234090228086153,,
experiment_00593,2026-04-29T14:18:26Z,0.14775292303403376,,
experiment_00594,2026-04-29T14:18:27Z,0.134498600946646,,
experiment_00595,2026-04-29T14:18:27Z,0.11051342473760961,,
experiment_00596,2026-04-29T14:18:28Z,0.07865344446827827,,
experiment_00597,2026-04-29T14:18:28Z,0.07441012882292597,,
experiment_00598,2026-04-29T14:18:29Z,0.07380938420174665,,
experiment_00599,2026-04-29T14:18:29Z,0.07330169819427645,,
experiment_00600,2026-04-29T14:18:30Z,0.06478455386116266,,
experiment_00601,2026-04-29T14:18:30Z,0.04311727395740128,,
experiment_00602,2026-04-29T14:18:31Z,0.039008195885454455,,
experiment_00603,2026-04-29T14:18:31Z,0.029453523239576285,,
experiment_00604,2026-04-29T14:18:32Z,0.02098650697741533,,
experiment_00605,2026-04-29T14:18:32Z,0.018525311885596807,,
experiment_00606,2026-04-29T14:18:33Z,0.018519713096535995,,
experiment_00607,2026-04-29T14:18:33Z,0.015077387687513877,,
experiment_00608,2026-04-29T14:18:34Z,0.014691370249387603,,
experiment_00609,2026-04-29T14:18:34Z,0.014441666856662039,,
experiment_00610,2026-04-29T14:18:35Z,0.008438777501464045,,
experiment_00611,2026-04-29T14:18:35Z,0.005698818420064811,,
experiment_00612,2026-04-29T14:18:36Z,0.004139521223894604,,
experiment_00613,2026-04-29T14:18:36Z,0.0034755779338588866,,
experiment_00614,2026-04-29T14:18:37Z,0.0032748560485611478,,
experiment_00615,2026-04-29T14:18:37Z,0.0028600741300870425,,
experiment_00616,2026-04-29T14:18:38Z,0.0013501883875957077,,
experiment_00617,2026-04-29T14:47:14Z,,,
experiment_00618,2026-04-29T14:47:14Z,,,
experiment_00619,2026-04-29T14:47:14Z,,,
experiment_00620,2026-04-29T14:47:14Z,,,
experiment_00621,2026-04-29T14:47:15Z,,,
experiment_00622,2026-04-29T14:47:15Z,,,
experiment_00623,2026-04-29T14:47:15Z,,,
experiment_00624,2026-04-29T14:47:15Z,,,
experiment_00625,2026-04-29T15:25:57Z,,,
experiment_00626,2026-04-29T15:25:58Z,,,
experiment_00627,2026-04-29T15:25:58Z,,,
experiment_00628,2026-04-29T15:25:58Z,,,
experiment_00629,2026-04-29T15:25:58Z,,,
experiment_00630,2026-04-29T15:25:59Z,,,
experiment_00631,2026-04-29T15:25:59Z,,,
experiment_00632,2026-04-29T15:26:00Z,,,
experiment_00633,,4.793454585996516,,
experiment_00634,,3.7687343411911236,,
experiment_00635,,3.5857169317872533,,
experiment_00636,,3.5701020011022386,,
experiment_00637,,3.4313699791355816,,
experiment_00638,,1.9433155620651164,,
experiment_00639,,1.4612957959899333,,
experiment_00640,,1.4081493552553788,,
experiment_00641,,1.3438376153332658,,
experiment_00642,,0.9940544556253474,,
experiment_00643,,0.7412164964937702,,
experiment_00644,,,,
experiment_00645,2026-04-29T22:01:27Z,3.5701020011022386,passed,
experiment_00646,,,,
experiment_00647,2026-04-29T22:21:29Z,13.37822648523674,,
experiment_00648,,,,
experiment_00649,,,,
experiment_00650,2026-04-30T00:08:12Z,4.793454585996516,,
experiment_00651,2026-04-30T00:08:13Z,3.7687343411911236,,
experiment_00652,2026-04-30T00:08:13Z,3.5857169317872533,,
experiment_00653,2026-04-30T00:08:14Z,3.5701020011022386,,
experiment_00654,2026-04-30T00:08:14Z,3.4313699791355816,,
experiment_00655,2026-04-30T00:08:15Z,1.9433155620651164,,
experiment_00656,2026-04-30T00:08:15Z,1.4612957959899333,,
experiment_00657,2026-04-30T00:08:16Z,1.4081493552553788,,
experiment_00658,2026-04-30T00:08:16Z,1.3438376153332658,,
experiment_00659,2026-04-30T00:08:17Z,0.9940544556253474,,
experiment_00660,2026-04-30T00:08:17Z,0.6046226745464978,,
experiment_00661,2026-04-30T00:08:18Z,0.5586864216159988,,
experiment_00662,2026-04-30T00:08:18Z,0.4702590615567228,,
experiment_00663,2026-04-30T00:08:19Z,0.40801542273545266,,
experiment_00664,2026-04-30T00:08:20Z,0.40239479559490476,,
experiment_00665,2026-04-30T00:08:20Z,0.4010721225677951,,
experiment_00666,2026-04-30T00:08:21Z,0.38011615884538585,,
experiment_00667,2026-04-30T00:08:21Z,0.3602157415054279,,
experiment_00668,2026-04-30T00:08:22Z,0.33968592535361,,
experiment_00669,2026-04-30T00:08:22Z,0.3093113505337719,,
experiment_00670,2026-04-30T00:08:22Z,0.2776716794156311,,
experiment_00671,2026-04-30T00:08:23Z,0.2554136931558837,,
experiment_00672,2026-04-30T00:08:23Z,0.2396152811859551,,
experiment_00673,2026-04-30T00:08:24Z,0.233237950472871,,
experiment_00674,2026-04-30T00:08:24Z,0.22712284666858373,,
experiment_00675,2026-04-30T00:08:25Z,0.2254158470982528,,
experiment_00676,2026-04-30T00:08:25Z,0.20245686803500007,,
experiment_00677,2026-04-30T00:08:26Z,0.1940423154708526,,
experiment_00678,2026-04-30T00:08:26Z,0.1898863311157939,,
experiment_00679,2026-04-30T00:08:27Z,0.14512395613252238,,
experiment_00680,2026-04-30T00:08:27Z,0.13697352389049655,,
experiment_00681,2026-04-30T00:08:28Z,0.13631109861081292,,
experiment_00682,2026-04-30T00:08:28Z,0.1314631395604664,,
experiment_00683,2026-04-30T00:08:29Z,0.12942049179712,,
experiment_00684,2026-04-30T00:08:29Z,0.12629467992959498,,
experiment_00685,2026-04-30T00:08:30Z,0.1199751024375928,,
experiment_00686,2026-04-30T00:08:30Z,0.11947398781768115,,
experiment_00687,2026-04-30T00:08:31Z,0.10842536095285915,,
experiment_00688,2026-04-30T00:08:31Z,0.10753488001826028,,
experiment_00689,2026-04-30T00:08:32Z,0.10037918530762013,,
experiment_00690,2026-04-30T00:08:32Z,0.10037918530762013,,
experiment_00691,2026-04-30T00:08:33Z,0.09657939735889087,,
experiment_00692,2026-04-30T00:08:34Z,0.0932469978534467,,
experiment_00693,2026-04-30T00:08:34Z,0.09026967454747137,,
experiment_00694,2026-04-30T00:08:35Z,0.09025263117586668,,
experiment_00695,2026-04-30T00:08:35Z,0.08818391287160487,,
experiment_00696,2026-04-30T00:08:36Z,0.08239124975841428,,
experiment_00697,2026-04-30T00:08:36Z,0.07842151623641946,,
experiment_00698,2026-04-30T00:08:37Z,0.07693713227670074,,
experiment_00699,2026-04-30T00:08:37Z,0.0766952957186735,,
experiment_00700,2026-04-30T00:08:38Z,0.058901841177110725,,
experiment_00701,2026-04-30T00:08:38Z,0.0518848353690089,,
experiment_00702,2026-04-30T00:08:39Z,0.0518848353690089,,
experiment_00703,2026-04-30T00:08:39Z,0.04953119710759424,,
experiment_00704,2026-04-30T00:08:40Z,0.04776275406793218,,
experiment_00705,2026-04-30T00:08:41Z,0.04602293316650652,,
experiment_00706,2026-04-30T00:08:41Z,0.04320277514045934,,
experiment_00707,2026-04-30T00:08:42Z,0.04194606168056758,,
experiment_00708,2026-04-30T00:08:42Z,0.040153014272034326,,
experiment_00709,2026-04-30T00:08:43Z,0.036917317228855495,,
experiment_00710,2026-04-30T00:08:44Z,0.035932009226065986,,
experiment_00711,2026-04-30T00:08:44Z,0.035932009226065986,,
experiment_00712,2026-04-30T00:08:45Z,0.03560014659291255,,
experiment_00713,2026-04-30T00:08:45Z,0.03498994246164777,,
experiment_00714,2026-04-30T00:08:46Z,0.032212481364128465,,
experiment_00715,2026-04-30T00:08:46Z,0.026435594620943803,,
experiment_00716,2026-04-30T00:08:47Z,0.024949288905586897,,
experiment_00717,2026-04-30T00:08:47Z,0.022055596928314714,,
experiment_00718,2026-04-30T00:08:48Z,0.02098650697741533,,
experiment_00719,2026-04-30T00:08:48Z,0.01910322510962459,,
experiment_00720,2026-04-30T00:08:49Z,0.018538036155538506,,
experiment_00721,2026-04-30T00:08:49Z,0.016922583610153197,,
experiment_00722,2026-04-30T00:08:50Z,0.015622864007351467,,
experiment_00723,2026-04-30T00:08:50Z,0.015077387687513877,,
experiment_00724,2026-04-30T00:08:51Z,0.014691370249387603,,
experiment_00725,2026-04-30T00:08:51Z,0.009861601099654393,,
experiment_00726,2026-04-30T00:08:52Z,0.0091923913097407,,
experiment_00727,2026-04-30T00:08:52Z,0.007880321136182644,,
experiment_00728,2026-04-30T00:08:53Z,0.006545251792532625,,
experiment_00729,2026-04-30T00:08:53Z,0.006478649350023957,,
experiment_00730,2026-04-30T00:08:54Z,0.006281173808890372,,
experiment_00731,2026-04-30T00:08:54Z,0.005976541277902925,,
experiment_00732,2026-04-30T00:08:55Z,0.005698818420064811,,
experiment_00733,2026-04-30T00:08:55Z,0.005640787466266062,,
experiment_00734,2026-04-30T00:08:56Z,0.004291115407108137,,
experiment_00735,2026-04-30T00:08:56Z,0.004090749289085593,,
experiment_00736,2026-04-30T00:08:57Z,0.003609583939615746,,
experiment_00737,2026-04-30T00:08:58Z,0.003585948369710934,,
experiment_00738,2026-04-30T00:08:58Z,0.0034755779338588866,,
experiment_00739,2026-04-30T00:08:59Z,0.0032748560485611478,,
experiment_00740,2026-04-30T00:09:00Z,0.0025447329835746046,,
experiment_00741,2026-04-30T00:09:00Z,0.0021704424089872276,,
experiment_00742,2026-04-30T00:09:01Z,0.001962401037950201,,
experiment_00743,2026-04-30T00:09:01Z,0.001893277974369667,,
experiment_00744,2026-04-30T00:09:02Z,0.0017664351545292334,,
experiment_00745,2026-04-30T00:09:02Z,0.0016403049957851579,,
experiment_00746,2026-04-30T00:09:03Z,0.0016261843978249146,,
experiment_00747,2026-04-30T00:09:03Z,0.0014098655477283728,,
experiment_00748,2026-04-30T00:09:04Z,0.0013501883875957077,,
experiment_00749,2026-04-30T00:09:04Z,0.0012109063429281974,,
experiment_00750,2026-04-30T00:09:05Z,0.0010566697512253143,,
experiment_00751,2026-04-30T00:09:05Z,0.001034717000237606,,
experiment_00752,2026-04-30T00:09:06Z,0.0010323973646340079,,
experiment_00753,2026-04-30T00:14:37Z,1.3438376153332658,,
experiment_00754,2026-04-30T00:14:38Z,0.38011615884538585,,
experiment_00755,2026-04-30T00:14:39Z,0.3093113505337719,,
experiment_00756,2026-04-30T00:17:46Z,10.491274217438248,,
experiment_00757,2026-04-30T00:17:47Z,4.793454585996516,,
experiment_00758,2026-04-30T00:17:47Z,3.7687343411911236,,
experiment_00759,2026-04-30T00:17:48Z,3.5857169317872533,,
experiment_00760,2026-04-30T00:17:48Z,3.5701020011022386,,
experiment_00761,2026-04-30T00:17:49Z,3.4313699791355816,,
experiment_00762,2026-04-30T00:17:50Z,2.4013384768584256,,
experiment_00763,2026-04-30T00:17:50Z,1.9433155620651164,,
experiment_00764,2026-04-30T00:17:50Z,1.4612957959899333,,
experiment_00765,2026-04-30T00:17:51Z,1.4081493552553788,,
experiment_00766,2026-04-30T00:17:52Z,1.3438376153332658,,
experiment_00767,2026-04-30T00:17:52Z,0.9940544556253474,,
experiment_00768,2026-04-30T00:17:53Z,0.7412164964937702,,
experiment_00769,2026-04-30T00:17:53Z,0.7161971447334512,,
experiment_00770,2026-04-30T00:17:53Z,0.6046226745464978,,
experiment_00771,2026-04-30T00:17:54Z,0.5586864216159988,,
experiment_00772,2026-04-30T00:17:55Z,0.4702590615567228,,
experiment_00773,2026-04-30T00:17:55Z,0.44085267642399906,,
experiment_00774,2026-04-30T00:17:55Z,0.40801542273545266,,
experiment_00775,2026-04-30T00:17:56Z,0.40239479559490476,,
experiment_00776,2026-04-30T00:17:56Z,0.4010721225677951,,
experiment_00777,2026-04-30T00:17:57Z,0.39507546935928595,,
experiment_00778,2026-04-30T00:17:57Z,0.38011615884538585,,
experiment_00779,2026-04-30T00:17:58Z,0.3602157415054279,,
experiment_00780,2026-04-30T00:17:59Z,0.33968592535361,,
experiment_00781,2026-04-30T00:17:59Z,0.3093113505337719,,
experiment_00782,2026-04-30T00:17:59Z,0.29155627270768214,,
experiment_00783,2026-04-30T00:18:00Z,0.28718748371459313,,
experiment_00784,2026-04-30T00:18:01Z,0.2776716794156311,,
experiment_00785,2026-04-30T00:18:01Z,0.27247542618178144,,
experiment_00786,2026-04-30T00:18:02Z,0.2554136931558837,,
experiment_00787,2026-04-30T00:44:48Z,,,
experiment_00788,2026-04-30T00:53:59Z,10.491274217438248,,
experiment_00789,2026-04-30T00:53:59Z,1.3438376153332658,,
experiment_00790,2026-04-30T00:54:00Z,4.793454585996516,,
experiment_00791,2026-04-30T00:54:00Z,0.38011615884538585,,
experiment_00792,2026-04-30T00:54:00Z,0.3093113505337719,,
experiment_00793,2026-04-30T00:54:00Z,3.7687343411911236,,
experiment_00794,2026-04-30T00:54:01Z,0.2254158470982528,,
experiment_00795,2026-04-30T00:54:01Z,3.5857169317872533,,
experiment_00796,2026-04-30T00:54:02Z,0.14512395613252238,,
experiment_00797,2026-04-30T00:54:02Z,3.5701020011022386,,
experiment_00798,2026-04-30T00:54:02Z,0.13697352389049655,,
experiment_00799,2026-04-30T00:54:02Z,3.4313699791355816,,
experiment_00800,2026-04-30T00:54:03Z,0.12942049179712,,
experiment_00801,2026-04-30T00:54:03Z,2.4013384768584256,,
experiment_00802,2026-04-30T00:54:03Z,1.9433155620651164,,
experiment_00803,2026-04-30T00:54:03Z,0.12629467992959498,,
experiment_00804,2026-04-30T00:54:04Z,0.11947398781768115,,
experiment_00805,2026-04-30T00:54:04Z,1.4612957959899333,,
experiment_00806,2026-04-30T00:54:05Z,1.4081493552553788,,
experiment_00807,2026-04-30T00:54:05Z,0.09025263117586668,,
experiment_00808,2026-04-30T00:54:05Z,1.3438376153332658,,
experiment_00809,2026-04-30T00:54:05Z,0.07842151623641946,,
experiment_00810,2026-04-30T00:54:06Z,0.9940544556253474,,
experiment_00811,2026-04-30T00:54:06Z,0.0518848353690089,,
experiment_00812,2026-04-30T00:54:07Z,0.7412164964937702,,
experiment_00813,2026-04-30T00:54:07Z,0.0518848353690089,,
experiment_00814,2026-04-30T00:54:07Z,0.7161971447334512,,
experiment_00815,2026-04-30T00:54:08Z,0.6046226745464978,,
experiment_00816,2026-04-30T00:54:08Z,0.5586864216159988,,
experiment_00817,2026-04-30T00:54:09Z,0.4702590615567228,,
experiment_00818,2026-04-30T00:54:09Z,0.44085267642399906,,
experiment_00819,2026-04-30T00:54:10Z,0.40801542273545266,,
experiment_00820,2026-04-30T00:54:10Z,0.40239479559490476,,
experiment_00821,2026-04-30T00:54:11Z,0.4010721225677951,,
experiment_00822,2026-04-30T00:54:11Z,0.39507546935928595,,
experiment_00823,2026-04-30T00:54:12Z,0.38011615884538585,,
experiment_00824,2026-04-30T00:54:12Z,0.3602157415054279,,
experiment_00825,2026-04-30T00:54:13Z,0.33968592535361,,
experiment_00826,2026-04-30T00:54:13Z,0.3093113505337719,,
experiment_00827,2026-04-30T00:54:14Z,0.29155627270768214,,
experiment_00828,2026-04-30T00:54:14Z,0.28718748371459313,,
experiment_00829,2026-04-30T00:54:16Z,0.2776716794156311,,
experiment_00830,2026-04-30T00:54:16Z,0.27247542618178144,,
experiment_00831,2026-04-30T00:54:16Z,0.2554136931558837,,
experiment_00832,2026-04-30T00:54:17Z,0.233237950472871,,
experiment_00833,2026-04-30T00:54:18Z,0.22712284666858373,,
experiment_00834,2026-04-30T00:54:18Z,0.2254158470982528,,
experiment_00835,2026-04-30T00:54:19Z,0.20245686803500007,,
experiment_00836,2026-04-30T00:54:19Z,0.1940423154708526,,
experiment_00837,2026-04-30T00:54:20Z,0.1898863311157939,,
experiment_00838,2026-04-30T00:54:20Z,0.14512395613252238,,
experiment_00839,2026-04-30T00:54:21Z,0.13697352389049655,,
experiment_00840,2026-04-30T00:54:21Z,0.13631109861081292,,
experiment_00841,2026-04-30T00:54:22Z,0.1314631395604664,,
experiment_00842,2026-04-30T00:54:22Z,0.12942049179712,,
experiment_00843,2026-04-30T00:54:23Z,0.12629467992959498,,
experiment_00844,2026-04-30T00:54:23Z,0.1199751024375928,,
experiment_00845,2026-04-30T00:54:24Z,0.11947398781768115,,
experiment_00846,2026-04-30T00:54:24Z,0.10842536095285915,,
experiment_00847,2026-04-30T00:54:25Z,0.10037918530762013,,
experiment_00848,2026-04-30T00:54:25Z,0.10037918530762013,,
experiment_00849,2026-04-30T00:54:26Z,0.09657939735889087,,
experiment_00850,2026-04-30T00:54:26Z,0.0932469978534467,,
experiment_00851,2026-04-30T00:54:27Z,0.09025263117586668,,
experiment_00852,2026-04-30T00:54:27Z,0.08826661980599226,,
experiment_00853,2026-04-30T00:54:28Z,0.08239124975841428,,
experiment_00854,2026-04-30T00:54:28Z,0.07842151623641946,,
experiment_00855,2026-04-30T00:54:29Z,0.07693713227670074,,
experiment_00856,2026-04-30T00:54:29Z,0.0766952957186735,,
experiment_00857,2026-04-30T00:54:30Z,0.058901841177110725,,
experiment_00858,2026-04-30T00:54:30Z,0.0518848353690089,,
experiment_00859,2026-04-30T00:54:31Z,0.0518848353690089,,
experiment_00860,2026-04-30T00:54:31Z,0.05170137437688993,,
experiment_00861,2026-04-30T01:03:29Z,,,
experiment_00862,2026-04-30T01:15:45Z,,,
experiment_00863,2026-04-30T02:12:18Z,,,
experiment_00864,2026-04-30T03:37:59Z,,,
experiment_00865,2026-04-30T13:22:20Z,,,False
experiment_00866,2026-04-30T13:35:16Z,,,
experiment_00867,2026-04-30T13:38:40Z,,,
experiment_00868,2026-04-30T13:41:15Z,,manual_override_gate_bypassed,
experiment_00869,2026-04-30T13:52:30Z,,manual_override_gate_bypassed,
experiment_00870,2026-04-30T13:59:16Z,,,
experiment_00871,2026-04-30T13:58:05Z,,changed-task-public-examples-ok,
experiment_00872,2026-04-30T14:00:17Z,,changed-task-public-examples-ok,
experiment_00873,2026-04-30T14:02:07Z,,changed-task-public-examples-ok,
experiment_00874,2026-04-30T14:06:18Z,,passed,True
experiment_00875,2026-04-30T14:09:59Z,,manual_ablation_source_previously_kaggle_complete,
experiment_00876,2026-04-30T14:14:13Z,,changed-task-public-examples-ok,
experiment_00877,2026-04-30T14:21:02Z,,changed-task-public-examples-ok,
experiment_00878,2026-04-30T14:24:05Z,,changed-task-public-examples-ok,
experiment_00879,2026-04-30T14:27:58Z,,changed-task-public-examples-ok,
experiment_00880,2026-04-30T14:30:08Z,,changed-task-public-examples-ok,
experiment_00881,2026-04-30T14:31:48Z,,changed-task-public-examples-ok,
experiment_00882,2026-04-30T14:33:49Z,,changed-task-public-examples-ok,
experiment_00883,2026-04-30T14:36:00Z,,changed-task-public-examples-ok,
experiment_00884,2026-04-30T14:38:01Z,,changed-task-public-examples-ok,
experiment_00885,2026-04-30T14:41:22Z,,changed-task-public-examples-ok,
experiment_00886,2026-04-30T14:43:36Z,,changed-task-public-examples-ok,
experiment_00887,2026-04-30T14:45:17Z,,changed-task-public-examples-ok,
experiment_00888,2026-04-30T14:46:59Z,,changed-task-public-examples-ok,
experiment_00889,2026-04-30T14:49:14Z,,changed-task-public-examples-ok,
experiment_00890,2026-04-30T14:51:42Z,,changed-task-public-examples-ok,
experiment_00891,2026-04-30T14:55:42Z,,changed-task-public-examples-ok,
experiment_00892,2026-04-30T14:57:54Z,,changed-task-public-examples-ok,
experiment_00893,2026-04-30T14:59:38Z,,changed-task-public-examples-ok,
experiment_00894,2026-04-30T15:01:42Z,,changed-task-public-examples-ok,
experiment_00895,2026-04-30T15:04:06Z,,changed-task-public-examples-ok,
experiment_00896,2026-04-30T15:06:05Z,,changed-task-public-examples-ok,
experiment_00897,2026-04-30T15:08:05Z,,changed-task-public-examples-ok,
experiment_00898,2026-04-30T15:10:16Z,,changed-task-public-examples-ok,
experiment_00899,2026-04-30T15:12:27Z,,changed-task-public-examples-ok,
experiment_00900,2026-04-30T15:14:48Z,,changed-task-public-examples-ok,
experiment_00901,2026-04-30T15:49:31Z,,changed-task-public-examples-ok,
experiment_00902,2026-04-30T15:51:12Z,,changed-task-public-examples-ok,
experiment_00903,2026-04-30T15:53:34Z,,changed-task-public-examples-ok,
experiment_00904,2026-04-30T15:55:04Z,,changed-task-public-examples-ok,
experiment_00905,2026-04-30T15:57:08Z,,changed-task-public-examples-ok,
experiment_00906,2026-04-30T15:59:22Z,,changed-task-public-examples-ok,
experiment_00907,2026-04-30T16:01:34Z,,changed-task-public-examples-ok,
experiment_00908,2026-04-30T16:03:14Z,,changed-task-public-examples-ok,
experiment_00909,2026-04-30T16:05:29Z,,changed-task-public-examples-ok,
experiment_00910,2026-04-30T16:07:46Z,,changed-task-public-examples-ok,
experiment_00911,2026-04-30T16:09:48Z,,changed-task-public-examples-ok,
experiment_00912,2026-04-30T16:12:10Z,,changed-task-public-examples-ok,
experiment_00913,2026-04-30T16:14:10Z,,changed-task-public-examples-ok,
experiment_00914,2026-04-30T16:16:22Z,,changed-task-public-examples-ok,
experiment_00915,2026-04-30T16:18:02Z,,changed-task-public-examples-ok,
experiment_00916,2026-04-30T16:20:03Z,,changed-task-public-examples-ok,
experiment_00917,2026-04-30T16:22:05Z,,changed-task-public-examples-ok,
experiment_00918,2026-04-30T16:24:16Z,,changed-task-public-examples-ok,
experiment_00919,2026-04-30T16:25:45Z,,changed-task-public-examples-ok,
experiment_00920,2026-04-30T16:27:57Z,,changed-task-public-examples-ok,
experiment_00921,2026-04-30T16:43:07Z,,,
experiment_00922,2026-04-30T16:44:10Z,,,
experiment_00923,2026-04-30T16:45:02Z,,changed-task-public-examples-ok-from-iter1399-scan,
experiment_00924,2026-04-30T16:47:14Z,,changed-task-public-examples-ok-from-iter1399-scan,
experiment_00925,2026-04-30T16:49:14Z,,changed-task-public-examples-ok-from-iter1399-scan,
experiment_00926,2026-04-30T16:51:03Z,,changed-task-public-examples-ok-from-iter1399-scan,
experiment_00927,2026-04-30T16:52:42Z,,changed-task-public-examples-ok-from-iter1399-scan,
experiment_00928,2026-04-30T16:54:43Z,,changed-task-public-examples-ok-from-iter1399-scan,
experiment_00929,2026-04-30T16:56:54Z,,changed-task-public-examples-ok-from-iter1399-scan,
experiment_00930,2026-04-30T16:59:05Z,,changed-task-public-examples-ok-from-iter1399-scan,
experiment_00931,2026-04-30T17:02:05Z,,passed,True
experiment_00932,2026-04-30T16:59:05Z,,changed-task-public-examples-ok-from-iter1399-scan,
experiment_00933,2026-04-30T17:31:53Z,,,
experiment_00934,2026-04-30T17:33:25Z,,,
experiment_00935,2026-04-30T17:33:41Z,,changed-task-public-examples-ok-from-iter1399-scan,
experiment_00936,2026-04-30T17:35:33Z,,changed-task-public-examples-ok-from-iter1399-scan,
experiment_00937,2026-04-30T17:37:46Z,,changed-task-public-examples-ok-from-iter1399-scan,
experiment_00938,2026-04-30T17:39:58Z,,changed-task-public-examples-ok-from-iter1399-scan,
experiment_00939,2026-04-30T17:42:11Z,,changed-task-public-examples-ok-from-iter1399-scan,
experiment_00940,2026-04-30T17:44:22Z,,changed-task-public-examples-ok-from-iter1399-scan,
experiment_00941,2026-04-30T17:46:32Z,,changed-task-public-examples-ok-from-iter1399-scan,
experiment_00942,2026-04-30T17:48:33Z,,changed-task-public-examples-ok-from-iter1399-scan,
experiment_00943,2026-04-30T17:50:13Z,,changed-task-public-examples-ok-from-iter1399-scan,
experiment_00944,2026-04-30T17:52:15Z,,changed-task-public-examples-ok-from-iter1399-scan,
experiment_00945,2026-04-30T17:54:16Z,,changed-task-public-examples-ok-from-iter1399-scan,
experiment_00946,2026-04-30T17:56:52Z,,changed-task-public-examples-ok-from-iter1399-scan,
experiment_00947,2026-04-30T17:59:15Z,,changed-task-public-examples-ok-from-iter1399-scan,
experiment_00948,2026-04-30T18:01:16Z,,changed-task-public-examples-ok-from-iter1399-scan,
experiment_00949,2026-04-30T18:03:17Z,,changed-task-public-examples-ok-from-iter1399-scan,
experiment_00950,2026-04-30T18:05:30Z,,changed-task-public-examples-ok-from-iter1399-scan,
experiment_00951,2026-04-30T18:07:41Z,,changed-task-public-examples-ok-from-iter1399-scan,
experiment_00952,2026-04-30T18:09:44Z,,changed-task-public-examples-ok-from-iter1399-scan,
experiment_00953,2026-04-30T18:18:48Z,,,
experiment_00954,2026-04-30T18:19:27Z,,changed-task-public-examples-ok-from-iter1399-scan,
experiment_00955,2026-04-30T18:23:08Z,,changed-task-public-examples-ok-from-iter1399-scan,
experiment_00956,2026-04-30T18:23:08Z,,changed-task-public-examples-ok-from-iter1399-scan,
experiment_00957,2026-04-30T18:24:49Z,,changed-task-public-examples-ok-from-iter1399-scan,
experiment_00958,2026-04-30T18:28:22Z,,changed-task-public-examples-ok-from-iter1399-scan,
experiment_00959,2026-04-30T18:37:30Z,,,
experiment_00960,2026-04-30T18:38:17Z,,,
experiment_00961,2026-05-01T00:06:50Z,,passed,True
experiment_00962,2026-05-01T00:08:51Z,,passed,True
experiment_00963,2026-05-01T00:10:50Z,,passed,True
experiment_00964,2026-05-01T00:12:59Z,,passed,True
experiment_00965,2026-05-01T00:13:57Z,,,
experiment_00966,2026-05-01T00:27:00Z,,,
experiment_00967,2026-05-01T00:43:41Z,,passed_full_metric_public,
experiment_00968,2026-05-01T00:43:41Z,,passed_metric_changed_public,
experiment_00969,2026-05-01T00:43:41Z,,passed_full_metric_public,
experiment_00970,2026-05-01T00:43:41Z,,,
experiment_00971,2026-05-01T01:04:50Z,,,
experiment_00972,2026-05-01T01:04:50Z,,,
experiment_00973,2026-05-01T01:04:50Z,,,
experiment_00974,2026-05-01T01:04:50Z,,,
experiment_00975,2026-05-01T01:04:50Z,,,
experiment_00976,2026-05-01T01:04:50Z,,,
experiment_00977,2026-05-01T01:04:50Z,,,
experiment_00978,2026-05-01T01:04:50Z,,,
experiment_00979,2026-05-01T01:04:50Z,,,
experiment_00980,2026-05-01T01:04:50Z,,,
experiment_00981,2026-05-01T01:04:50Z,,,
experiment_00982,2026-05-01T01:07:40Z,,failed,False
experiment_00983,2026-05-01T01:09:26Z,,passed,True
experiment_00984,2026-05-01T01:11:21Z,,passed,True
experiment_00985,2026-05-01T01:13:15Z,,passed,True
experiment_00986,2026-05-01T01:22:10Z,,failed,False
experiment_00987,2026-05-01T01:24:13Z,,failed,False
experiment_00988,2026-05-01T01:28:24Z,,,
experiment_00989,2026-05-01T02:05:46Z,,passed_full_metric_public,
experiment_00990,2026-05-01T02:05:46Z,,passed_full_metric_public,
experiment_00991,2026-05-01T02:05:46Z,,passed_full_metric_public,
experiment_00992,2026-05-01T02:05:46Z,,all_passed_full_metric_public,
experiment_00993,2026-05-01T02:10:41Z,,passed,True
experiment_00994,2026-05-01T02:14:21Z,,passed,True
experiment_00995,2026-05-01T02:27:33Z,,passed,True
experiment_00996,2026-05-01T02:29:22Z,,passed_full_metric_public,
experiment_00997,2026-05-01T02:29:22Z,,passed_full_metric_public,
experiment_00998,2026-05-01T02:29:22Z,,passed_full_metric_public,
experiment_00999,2026-05-01T02:29:22Z,,rejected_public_examples_mismatch,
experiment_01000,2026-05-01T02:44:13Z,,passed_full_metric_public,
experiment_01001,2026-05-01T02:44:13Z,,passed_full_metric_public,
experiment_01002,2026-05-01T02:44:13Z,,passed_full_metric_public,
experiment_01003,2026-05-01T02:44:13Z,,passed_full_metric_public,
experiment_01004,2026-05-01T02:44:13Z,,passed_full_metric_public,
experiment_01005,2026-05-01T02:44:13Z,,scan_completed_7_passing_1_rejected_public_mismatch,
experiment_01006,2026-05-01T02:49:55Z,7.811882005827101,passed_full_metric_public,
experiment_01007,2026-05-01T02:55:51Z,3.157686527523765,passed_full_metric_public,
experiment_01008,2026-05-01T04:37:50Z,3.4313699791355816,,
experiment_01009,2026-05-01T04:37:50Z,1.9433155620651164,,
experiment_01010,2026-05-01T04:37:50Z,1.4081493552553788,,
experiment_01011,2026-05-01T04:37:51Z,1.3438376153332658,,
experiment_01012,2026-05-01T04:49:39Z,,,
experiment_01013,2026-05-01T05:02:11Z,0.4010721225677951,,
experiment_01014,2026-05-01T05:02:12Z,0.2776716794156311,,
experiment_01015,2026-05-01T05:02:12Z,0.2554136931558837,,
experiment_01016,2026-05-01T05:10:55Z,0.2554136931558837,,
experiment_01017,2026-05-01T05:29:34Z,0.0005996299015897932,,
experiment_01018,2026-05-01T05:29:34Z,0.00040023681212097983,,
experiment_01019,2026-05-01T05:29:34Z,0.00010447371376187675,,
experiment_01020,2026-05-01T05:29:34Z,6.639885796388967e-05,,
experiment_01021,2026-05-01T05:29:34Z,5.8664789410300955e-05,,
experiment_01022,2026-05-01T05:29:34Z,3.695423218808003e-05,,
experiment_01023,2026-05-01T05:29:34Z,0.13697352389049655,,
experiment_01024,2026-05-01T05:29:34Z,0.13631109861081292,,
experiment_01025,2026-05-01T05:29:34Z,0.1199751024375928,,
experiment_01026,2026-05-01T05:29:34Z,0.10037918530762013,,
experiment_01027,2026-05-01T05:29:34Z,0.10037918530762013,,
experiment_01028,2026-05-01T05:32:52Z,0.5940180955541425,,
experiment_01029,2026-05-01T05:40:31Z,6.651571873589727,passed,
experiment_01030,2026-05-01T05:50:12Z,1.0114726840329826,,
experiment_01031,2026-05-01T05:55:36Z,2.4009068144117514,passed,
experiment_01032,2026-05-01T06:03:39Z,2.323080053480636,passed,
experiment_01033,2026-05-01T06:14:23Z,1.3567124734264908,,
experiment_01034,2026-05-01T06:46:20Z,0.9946934809187891,,
experiment_01035,2026-05-01T06:55:20Z,0.9278053628622072,,
experiment_01036,2026-05-01T06:57:30Z,0.646011489864323,,
experiment_01037,2026-05-01T06:59:33Z,0.886601321194366,,
experiment_01038,2026-05-01T07:04:13Z,1.3925724901181926,,
experiment_01039,2026-05-01T07:07:07Z,0.660045721187764,,
experiment_01040,2026-05-01T15:10:57Z,0.39879627258288863,,
experiment_01041,2026-05-01T15:17:04Z,0.8163304013825528,,
experiment_01042,2026-05-01T15:19:53Z,0.6677455334395432,,
experiment_01043,2026-05-01T15:22:47Z,0.1422766299178111,,
experiment_01044,2026-05-01T15:25:06Z,0.1422766299178111,,
experiment_01045,2026-05-01T15:25:16Z,0.5410729025006997,,
experiment_01046,2026-05-01T15:25:53Z,3.6116302330542496,,
experiment_01047,2026-05-01T15:25:54Z,3.5857169317872533,,
experiment_01048,2026-05-01T15:25:55Z,2.2212999583432698,,
experiment_01049,2026-05-01T15:25:55Z,1.3438376153332658,,
experiment_01050,2026-05-01T15:25:56Z,0.8332675556494582,,
experiment_01051,2026-05-01T15:25:56Z,0.674852836360543,,
experiment_01052,2026-05-01T15:25:57Z,0.5053270973373838,,
experiment_01053,2026-05-01T15:25:58Z,0.2776716794156311,,
experiment_01054,2026-05-01T15:25:58Z,0.2554136931558837,,
experiment_01055,2026-05-01T15:25:59Z,0.22712284666858373,,
experiment_01056,2026-05-01T15:26:00Z,0.20245686803500007,,
experiment_01057,2026-05-01T15:26:01Z,0.13697352389049655,,
experiment_01058,2026-05-01T15:26:01Z,0.13631109861081292,,
experiment_01059,2026-05-01T15:26:02Z,0.1314631395604664,,
experiment_01060,2026-05-01T15:26:03Z,0.1199751024375928,,
experiment_01061,2026-05-01T15:26:03Z,0.10842536095285915,,
experiment_01062,2026-05-01T15:26:04Z,0.10753488001826028,,
experiment_01063,2026-05-01T15:26:04Z,0.10037918530762013,,
experiment_01064,2026-05-01T15:26:05Z,0.10037918530762013,,
experiment_01065,2026-05-01T15:26:06Z,0.0932469978534467,,
experiment_01066,2026-05-01T15:26:06Z,0.09026967454747137,,
experiment_01067,2026-05-01T15:26:07Z,0.08818391287160487,,
experiment_01068,2026-05-01T15:26:07Z,0.08239124975841428,,
experiment_01069,2026-05-01T15:26:08Z,0.07693713227670074,,
experiment_01070,2026-05-01T15:26:09Z,0.0766952957186735,,
experiment_01071,2026-05-01T15:26:09Z,0.058901841177110725,,
experiment_01072,2026-05-01T15:26:10Z,0.0518848353690089,,
experiment_01073,2026-05-01T15:26:10Z,0.0518848353690089,,
experiment_01074,2026-05-01T15:26:11Z,0.04953119710759424,,
experiment_01075,2026-05-01T15:26:12Z,0.04776275406793218,,
experiment_01076,2026-05-01T15:26:12Z,0.04602293316650652,,
experiment_01077,2026-05-01T15:26:13Z,0.04320277514045934,,
experiment_01078,2026-05-01T15:26:13Z,0.04194606168056758,,
experiment_01079,2026-05-01T15:26:14Z,0.040153014272034326,,
experiment_01080,2026-05-01T15:26:15Z,0.036917317228855495,,
experiment_01081,2026-05-01T15:26:15Z,0.035932009226065986,,
experiment_01082,2026-05-01T15:26:16Z,0.035932009226065986,,
experiment_01083,2026-05-01T15:26:17Z,0.03560014659291255,,
experiment_01084,2026-05-01T15:26:17Z,0.03498994246164777,,
experiment_01085,2026-05-01T15:26:18Z,0.032212481364128465,,
experiment_01086,2026-05-01T15:26:19Z,0.026435594620943803,,
experiment_01087,2026-05-01T15:26:19Z,0.024949288905586897,,
experiment_01088,2026-05-01T15:26:20Z,0.022055596928314714,,
experiment_01089,2026-05-01T15:26:20Z,0.02098650697741533,,
experiment_01090,2026-05-01T15:26:21Z,0.018538036155538506,,
experiment_01091,2026-05-01T15:26:22Z,0.018525311885596807,,
experiment_01092,2026-05-01T15:26:22Z,0.016922583610153197,,
experiment_01093,2026-05-01T15:26:23Z,0.015622864007351467,,
experiment_01094,2026-05-01T15:26:23Z,0.015077387687513877,,
experiment_01095,2026-05-01T15:26:24Z,0.014691370249387603,,
experiment_01096,2026-05-01T15:26:25Z,0.009861601099654393,,
experiment_01097,2026-05-01T15:25:16Z,0.5410729025006997,,
experiment_01098,2026-05-01T15:26:25Z,0.0091923913097407,,
experiment_01099,2026-05-01T15:26:26Z,0.007880321136182644,,
experiment_01100,2026-05-01T15:26:26Z,0.006545251792532625,,
experiment_01101,2026-05-01T15:26:27Z,0.006478649350023957,,
experiment_01102,2026-05-01T15:26:28Z,0.006281173808890372,,
experiment_01103,2026-05-01T15:26:28Z,0.005976541277902925,,
experiment_01104,2026-05-01T15:26:29Z,0.005698818420064811,,
experiment_01105,2026-05-01T15:26:29Z,0.005640787466266062,,
experiment_01106,2026-05-01T15:26:30Z,0.004291115407108137,,
experiment_01107,2026-05-01T15:26:31Z,0.004090749289085593,,
experiment_01108,2026-05-01T15:26:31Z,0.003609583939615746,,
experiment_01109,2026-05-01T15:26:32Z,0.003585948369710934,,
experiment_01110,2026-05-01T15:26:33Z,0.0034755779338588866,,
experiment_01111,2026-05-01T15:26:33Z,0.0032748560485611478,,
experiment_01112,2026-05-01T15:26:34Z,0.0025447329835746046,,
experiment_01113,2026-05-01T15:26:34Z,0.0021704424089872276,,
experiment_01114,2026-05-01T15:26:35Z,0.001962401037950201,,
experiment_01115,2026-05-01T15:26:36Z,0.001893277974369667,,
experiment_01116,2026-05-01T15:26:36Z,0.0017664351545292334,,
experiment_01117,2026-05-01T15:26:37Z,0.0016403049957851579,,
experiment_01118,2026-05-01T15:26:37Z,0.0016261843978249146,,
experiment_01119,2026-05-01T15:26:38Z,0.0014098655477283728,,
experiment_01120,2026-05-01T15:26:39Z,0.0013501883875957077,,
experiment_01121,2026-05-01T15:26:39Z,0.0012109063429281974,,
experiment_01122,2026-05-01T15:26:40Z,0.001034717000237606,,
experiment_01123,2026-05-01T15:26:41Z,0.0010323973646340079,,
experiment_01124,2026-05-01T15:26:41Z,0.000658792780024342,,
experiment_01125,2026-05-01T15:26:42Z,0.0006018658020980894,,
experiment_01126,2026-05-01T15:26:43Z,0.00043044695405924926,,
experiment_01127,2026-05-01T15:26:43Z,0.00041601220302744935,,
experiment_01128,2026-05-01T15:26:44Z,0.0004036978779939915,,
experiment_01129,2026-05-01T15:26:45Z,0.00032328457406016753,,
experiment_01130,2026-05-01T15:26:45Z,0.00030032939578639173,,
experiment_01131,2026-05-01T15:26:46Z,0.00018376057719038386,,
experiment_01132,2026-05-01T15:26:46Z,0.00016314339713296988,,
experiment_01133,2026-05-01T15:26:47Z,6.639885796388967e-05,,
experiment_01134,2026-05-01T15:26:48Z,6.528906737024442e-05,,
experiment_01135,2026-05-01T15:26:49Z,5.8664789410300955e-05,,
experiment_01136,2026-05-01T15:26:49Z,4.9670621699249295e-05,,
experiment_01137,2026-05-01T15:26:50Z,4.4122837989490904e-05,,
experiment_01138,2026-05-01T15:26:51Z,3.41150658567102e-05,,
experiment_01139,2026-05-01T15:26:52Z,2.8470966734417402e-05,,
experiment_01140,2026-05-01T15:26:52Z,1.564688118627089e-05,,
experiment_01141,2026-05-01T15:37:49Z,-0.1896303289775183,,
experiment_01142,2026-05-01T15:38:21Z,2.0341137211123126,,
experiment_01143,2026-05-01T15:43:43Z,1.0467841028919,,
experiment_01144,2026-05-01T15:53:29Z,1.543800345299129,,
experiment_01145,2026-05-01T16:13:08Z,0.7604014824345828,,
experiment_01146,2026-05-01T16:17:04Z,0.404600164282769,,
experiment_01147,2026-05-01T16:21:03Z,1.5962591423639818,,
experiment_01148,2026-05-01T16:27:52Z,0.7186959505445625,,
experiment_01149,2026-05-01T16:40:18Z,-11.90771033738193,,
experiment_01150,2026-05-01T16:42:33Z,1.2096022631619867,,
experiment_01151,2026-05-01T16:54:03Z,1.1911291006851883,,
experiment_01152,2026-05-01T17:03:19Z,-12.326123016894037,,
experiment_01153,2026-05-01T17:05:14Z,0.4053836825342252,,
experiment_01154,2026-05-01T17:08:09Z,0.16587918113600253,,
experiment_01155,2026-05-01T17:10:10Z,-0.1896303289775183,,
experiment_01156,2026-05-01T17:21:32Z,-2.8769821838975673,,
experiment_01157,2026-05-01T17:34:32Z,1.5562693634786804,,
experiment_01158,2026-05-01T17:35:28Z,0.404600164282769,,
experiment_01159,2026-05-01T17:37:26Z,-12.015981868958685,,
experiment_01160,2026-05-01T17:46:02Z,,passed,True
experiment_01161,2026-05-01T17:48:38Z,,passed,True
experiment_01162,2026-05-01T17:51:12Z,,passed,True
experiment_01163,2026-05-01T17:53:50Z,,passed,True
experiment_01164,2026-05-01T17:54:44Z,31.661124904824646,,
experiment_01165,2026-05-01T17:56:26Z,,passed,True
experiment_01166,2026-05-01T18:06:49Z,0.7436551760782173,,
experiment_01167,2026-05-01T18:09:54Z,0.9668265086428622,,
experiment_01168,2026-05-01T18:13:14Z,1.2545629379473962,,
experiment_01169,2026-05-01T18:21:43Z,,passed,True
experiment_01170,2026-05-01T18:23:38Z,,passed,True
experiment_01171,2026-05-01T18:25:32Z,,passed,True
experiment_01172,2026-05-01T18:27:30Z,,passed,True
experiment_01173,2026-05-01T19:22:01Z,0.0,,
experiment_01174,2026-05-01T19:23:52Z,0.16587918113600253,,
experiment_01175,2026-05-01T19:25:57Z,-0.1896303289775183,,
experiment_01176,2026-05-01T19:26:33Z,0.18032950917961976,,
experiment_01177,2026-05-01T19:27:48Z,0.1422766299178111,,
experiment_01178,2026-05-01T19:29:43Z,-2.8769821838975673,,
experiment_01179,2026-05-01T19:31:33Z,0.7604014824345828,,
experiment_01180,2026-05-01T19:33:17Z,0.404600164282769,,
experiment_01181,2026-05-01T19:35:03Z,0.39879627258288863,,
experiment_01182,2026-05-01T22:17:02Z,0.0,,
experiment_01183,2026-05-01T22:17:44Z,0.8930854845162024,,
experiment_01184,2026-05-01T22:17:57Z,0.7127559753365826,passed,
experiment_01185,2026-05-01T22:19:01Z,1.543800345299129,,
experiment_01186,2026-05-01T22:20:55Z,0.0,,
experiment_01187,2026-05-01T22:22:39Z,0.16587918113600253,,
experiment_01188,2026-05-01T22:24:26Z,0.0,,
experiment_01189,2026-05-01T22:26:13Z,-0.1896303289775183,,
experiment_01190,2026-05-01T22:28:12Z,0.0,,
experiment_01191,2026-05-01T22:28:45Z,0.404600164282769,,
experiment_01192,2026-05-01T22:30:13Z,0.1422766299178111,,
experiment_01193,2026-05-01T22:30:48Z,0.18032950917961976,,
experiment_01194,2026-05-01T22:32:03Z,0.0,,
experiment_01195,2026-05-01T22:32:43Z,0.16587918113600253,,
experiment_01196,2026-05-01T22:34:00Z,0.18032950917961976,,
experiment_01197,2026-05-01T22:34:55Z,0.1422766299178111,,
experiment_01198,2026-05-01T22:35:10Z,0.6797061832403024,,
experiment_01199,2026-05-01T22:35:56Z,-0.5887595005726904,passed,
experiment_01200,2026-05-01T22:37:06Z,0.8758488595553988,,
experiment_01201,2026-05-01T22:37:46Z,0.39879627258288863,,
experiment_01202,2026-05-01T22:37:54Z,-2.0341137211123126,,
experiment_01203,2026-05-01T22:38:58Z,1.0786630567771933,,
experiment_01204,2026-05-01T22:39:09Z,0.404600164282769,passed,
experiment_01205,2026-05-01T22:39:09Z,0.39879627258288863,passed,
experiment_01206,2026-05-01T22:39:09Z,0.18032950917961976,passed,
experiment_01207,2026-05-01T22:39:09Z,0.16587918113600253,passed,
experiment_01208,2026-05-01T22:39:09Z,0.1422766299178111,passed,
experiment_01209,2026-05-01T22:39:45Z,-2.8769821838975673,,
experiment_01210,2026-05-01T22:40:46Z,1.282329101530868,,
experiment_01211,2026-05-01T22:41:37Z,0.7604014824345828,,
experiment_01212,2026-05-01T22:43:21Z,0.404600164282769,,
experiment_01213,2026-05-01T22:45:05Z,0.39879627258288863,,
experiment_01214,2026-05-01T22:47:16Z,0.40342894177164546,,
experiment_01215,2026-05-01T22:53:36Z,1.543800345299129,passed,
experiment_01216,2026-05-01T22:53:37Z,0.16587918113600253,quick-passed,
experiment_01217,2026-05-01T22:53:39Z,0.1422766299178111,quick-passed,
experiment_01218,2026-05-01T22:53:39Z,0.18032950917961976,quick-passed,
experiment_01219,2026-05-01T22:58:08Z,,passed,True
experiment_01220,2026-05-01T23:04:27Z,-0.009714351594448445,,
experiment_01221,2026-05-01T23:06:13Z,0.0,,
experiment_01222,2026-05-01T23:14:17Z,0.45168593558395287,passed,
experiment_01223,2026-05-01T23:19:01Z,0.5908229717761451,passed,
experiment_01224,2026-05-01T23:33:50Z,1.4753311291895184,passed,
experiment_01225,2026-05-01T23:44:00Z,0.8545998129249295,passed,
experiment_01226,2026-05-01T23:51:48Z,1.543800345299129,,
experiment_01227,2026-05-02T00:00:13Z,1.363556058025198,passed,
experiment_01228,2026-05-02T00:05:48Z,1.9473610495274745,passed,
experiment_01229,2026-05-02T00:11:03Z,1.8541147195319798,passed,
experiment_01230,2026-05-02T00:25:02Z,0.39879627258288863,,
experiment_01231,2026-05-02T00:27:22Z,0.7604014824345828,,
experiment_01232,2026-05-02T00:29:21Z,0.0,,
experiment_01233,2026-05-02T00:31:15Z,-2.0341137211123126,,
experiment_01234,2026-05-02T00:33:08Z,0.0,,
experiment_01235,2026-05-02T00:43:25Z,,passed,True
experiment_01236,2026-05-02T00:45:25Z,,passed,True
experiment_01237,2026-05-02T00:47:27Z,,passed,True
experiment_01238,2026-05-02T00:49:32Z,,passed,True
experiment_01239,2026-05-02T00:51:33Z,,passed,True
experiment_01240,2026-05-02T00:57:16Z,-0.1896303289775183,failed,False
experiment_01241,2026-05-02T00:59:06Z,-2.8769821838975673,passed,True
experiment_01242,2026-05-02T01:00:54Z,0.0,passed,True
experiment_01243,2026-05-02T01:02:43Z,-2.0341137211123126,passed,True
experiment_01244,2026-05-02T01:04:33Z,0.0,passed,True
experiment_01245,2026-05-02T01:06:23Z,0.0,passed,True
experiment_01246,2026-05-02T01:08:09Z,-0.009714351594448445,passed,True
experiment_01247,2026-05-02T01:09:56Z,-1.1795824723488355,passed,True
experiment_01248,2026-05-02T01:11:42Z,-0.4104934625965253,passed,True
experiment_01249,2026-05-02T01:13:32Z,0.0,passed,True
experiment_01250,2026-05-02T01:15:23Z,0.0,passed,True
experiment_01251,2026-05-02T01:17:10Z,0.0,passed,True
experiment_01252,2026-05-02T01:18:56Z,0.0,passed,True
experiment_01253,2026-05-02T01:23:32Z,-0.627856873362731,passed,True
experiment_01254,2026-05-02T01:26:11Z,-12.659877346349571,failed,False
experiment_01255,2026-05-02T01:28:08Z,-1.308606964161502,passed,True
experiment_01256,2026-05-02T01:35:46Z,-0.045268056329899053,passed,True
experiment_01257,2026-05-02T01:38:45Z,0.1542216903550795,passed,True
experiment_01258,2026-05-02T01:42:40Z,-12.52951135010704,failed,False
experiment_01259,2026-05-02T01:46:11Z,0.5847108042087683,passed,True
experiment_01260,2026-05-02T02:04:52Z,0.3852590078406237,passed,True
experiment_01261,2026-05-02T02:07:58Z,0.9363975694533924,passed,True
experiment_01262,2026-05-02T02:21:21Z,1.1198430949444251,passed,True
experiment_01263,2026-05-02T02:28:36Z,1.8115141153328533,passed,True
experiment_01264,2026-05-02T02:35:01Z,1.9133132972827855,passed,True
experiment_01265,2026-05-02T02:43:47Z,2.6609506801605214,passed,True
experiment_01266,2026-05-02T02:49:46Z,2.739703407170735,passed,True
experiment_01267,2026-05-02T02:57:35Z,2.084792692963525,passed,True
experiment_01268,2026-05-02T03:03:37Z,1.4768881760272237,passed,True
experiment_01269,2026-05-02T03:10:45Z,1.6463556912570656,passed,True
experiment_01270,2026-05-02T03:14:42Z,2.3177692078721144,failed,False
experiment_01271,2026-05-02T03:19:02Z,2.3330398738247737,passed,True
experiment_01272,2026-05-02T03:20:54Z,0.6971969729855125,passed,True
experiment_01273,2026-05-02T03:24:13Z,0.6971969729855125,passed,True
experiment_01274,2026-05-02T03:24:14Z,0.3782918158699857,passed,True
experiment_01275,2026-05-02T03:29:29Z,0.3782918158699857,passed,True
experiment_01276,2026-05-02T03:32:57Z,-1.790320303457781,passed,True
experiment_01277,2026-05-02T03:42:30Z,-0.6087249231204819,passed,True
experiment_01278,2026-05-02T03:45:10Z,0.3652511419347544,failed,False
experiment_01279,2026-05-02T03:52:33Z,0.4608162663066242,passed,True
experiment_01280,2026-05-02T04:10:29Z,0.45714077091741956,passed,True
experiment_01281,2026-05-02T04:14:49Z,0.45247559926140823,passed,True
experiment_01282,2026-05-02T04:19:11Z,0.41698153666741966,passed,True
experiment_01283,2026-05-02T04:22:53Z,0.4076524581303733,passed,True
experiment_01284,2026-05-02T04:27:04Z,0.36743905159869605,passed,True
experiment_01285,2026-05-02T04:31:40Z,0.35082461809697385,passed,True
experiment_01286,2026-05-02T04:36:18Z,0.3375231586630978,passed,True
experiment_01287,2026-05-02T04:40:26Z,0.33519996099132143,passed,True
experiment_01288,2026-05-02T04:44:10Z,0.31576782407963044,passed,True
experiment_01289,2026-05-02T04:48:19Z,0.31436324065701804,passed,True
experiment_01290,2026-05-02T04:52:54Z,0.3090587914602665,passed,True
experiment_01291,2026-05-02T04:58:59Z,0.3029917966472748,passed,True
experiment_01292,2026-05-02T05:03:09Z,0.3028734625648877,passed,True
experiment_01293,2026-05-02T05:08:01Z,0.3782918158699857,passed,True
experiment_01294,2026-05-02T05:17:47Z,0.3951106577058692,passed,True
experiment_01295,2026-05-02T05:20:52Z,0.2970410099804415,passed,True
experiment_01296,2026-05-02T05:20:52Z,0.29667866744000193,passed,True
experiment_01297,2026-05-02T05:26:06Z,0.795823451160123,passed,True
experiment_01298,2026-05-02T05:30:59Z,0.30393337232167283,passed,True
experiment_01299,2026-05-02T05:37:54Z,0.26758213739330117,passed,True
experiment_01300,2026-05-02T05:50:26Z,0.29280709257013093,passed,True
experiment_01301,2026-05-02T05:57:12Z,0.27382332573725066,passed,True
experiment_01302,2026-05-02T06:02:06Z,0.5552438715510029,passed,True
experiment_01303,2026-05-02T06:08:13Z,0.4678639850872557,passed,True
experiment_01304,2026-05-02T06:13:02Z,0.4205067671259304,passed,True
experiment_01305,2026-05-02T06:18:05Z,0.3737740089063397,passed,True
experiment_01306,2026-05-02T06:22:30Z,0.3693431575120858,passed,True
experiment_01307,2026-05-02T06:27:05Z,0.3649582224334935,passed,True
experiment_01308,2026-05-02T06:31:40Z,0.35679673920104804,passed,True
experiment_01309,2026-05-02T06:36:15Z,0.34934078932881185,passed,True
experiment_01310,2026-05-02T06:40:51Z,0.3291629641667342,passed,True
experiment_01311,2026-05-02T06:44:54Z,0.3174671966657385,passed,True
experiment_01312,2026-05-02T06:48:58Z,0.30737967073846306,passed,True
experiment_01313,2026-05-02T06:53:03Z,0.28884418763196074,passed,True
experiment_01314,2026-05-02T06:57:38Z,0.2693022735146897,passed,True
experiment_01315,2026-05-02T07:06:34Z,0.5081393964787964,passed,True
experiment_01316,2026-05-02T07:11:06Z,0.34127444467021206,passed,True
experiment_01317,2026-05-02T07:17:01Z,0.5595517243843577,passed,True
experiment_01318,2026-05-02T07:23:35Z,0.5204197360766898,passed,True
experiment_01319,2026-05-02T07:28:50Z,0.3222488020870866,passed,True
experiment_01320,2026-05-02T07:34:16Z,0.2656091478391982,passed,True
experiment_01321,2026-05-02T07:42:35Z,0.476453957766239,passed,True
experiment_01322,2026-05-02T07:47:18Z,0.2960155331069494,passed,True
experiment_01323,2026-05-02T07:56:02Z,0.2880753679258561,passed,True
experiment_01324,2026-05-02T07:59:18Z,0.2880753679258561,passed,True
experiment_01325,2026-05-02T08:04:04Z,0.646411896798412,passed,True
experiment_01326,2026-05-02T08:07:44Z,0.4848872472856005,failed,False
experiment_01327,2026-05-02T08:07:44Z,0.46436107507571656,failed,False
experiment_01328,2026-05-02T08:11:25Z,-0.11937407074745643,passed,True
experiment_01329,2026-05-02T08:13:45Z,-0.13064334757712714,passed,True
experiment_01330,2026-05-02T08:15:56Z,0.45714077091741956,passed,True
experiment_01331,2026-05-02T08:27:23Z,-3.7305325060038506,passed,True
experiment_01332,2026-05-02T08:30:07Z,0.1730257317800632,passed,True
experiment_01333,2026-05-02T08:31:33Z,-0.4950005789692291,failed,False
experiment_01334,2026-05-02T08:32:02Z,0.14587122777294148,passed,True
experiment_01335,2026-05-02T08:33:48Z,0.10275838762405876,passed,True
experiment_01336,2026-05-02T08:39:50Z,0.38839249558885847,passed,True
experiment_01337,2026-05-02T08:39:50Z,0.49091400586187284,passed,True
experiment_01338,2026-05-02T08:40:34Z,6.562345128776704,passed,True
experiment_01339,2026-05-02T08:46:35Z,0.38839249558885847,passed,True
experiment_01340,2026-05-02T08:54:04Z,0.3653054298398253,passed,True
experiment_01341,2026-05-02T08:54:04Z,0.5002933930132745,passed,True
experiment_01342,2026-05-02T08:58:53Z,0.778790161531429,passed,True
experiment_01343,2026-05-02T09:04:00Z,0.5901423785945781,passed,True
experiment_01344,2026-05-02T09:06:31Z,0.5901423785945781,passed,True
experiment_01345,2026-05-02T09:11:41Z,0.5833542323180723,passed,True
experiment_01346,2026-05-02T09:16:46Z,0.5579359700785638,passed,True
experiment_01347,2026-05-02T09:21:55Z,0.541702561361264,passed,True
experiment_01348,2026-05-02T09:26:53Z,0.5347292910996995,passed,True
experiment_01349,2026-05-02T09:31:51Z,0.5176994396342636,passed,True
experiment_01350,2026-05-02T09:36:19Z,0.5135626015687826,passed,True
experiment_01351,2026-05-02T09:40:49Z,0.5064994790362309,passed,True
experiment_01352,2026-05-02T09:45:48Z,0.4996966836298675,passed,True
experiment_01353,2026-05-02T09:50:48Z,0.4755050624560333,passed,True
experiment_01354,2026-05-02T09:55:18Z,0.4751704394937004,passed,True
experiment_01355,2026-05-02T10:00:15Z,0.4646613967577373,passed,True
experiment_01356,2026-05-02T10:07:08Z,0.45861463382650136,passed,True
experiment_01357,2026-05-02T10:14:00Z,0.4535985077541582,passed,True
experiment_01358,2026-05-02T10:19:23Z,0.45125609391379484,passed,True
experiment_01359,2026-05-02T10:24:04Z,0.4505457906506596,passed,True
experiment_01360,2026-05-02T10:26:02Z,0.4415651257121418,passed,True
experiment_01361,2026-05-02T10:30:43Z,0.4406292476004232,passed,True
experiment_01362,2026-05-02T10:35:24Z,0.43847755788468135,passed,True
experiment_01363,2026-05-02T10:40:04Z,0.43637664221526506,passed,True
experiment_01364,2026-05-02T10:44:45Z,0.4344798194264854,passed,True
experiment_01365,2026-05-02T10:49:25Z,0.43189780311474557,passed,True
experiment_01366,2026-05-02T10:51:23Z,0.4256523366455589,passed,True
experiment_01367,2026-05-02T10:55:37Z,0.4191423781622845,passed,True
experiment_01368,2026-05-02T10:57:35Z,0.4180954176717684,passed,True
experiment_01369,2026-05-02T11:02:15Z,0.40744828013248124,passed,True
experiment_01370,2026-05-02T11:06:56Z,0.4049733939231075,passed,True
experiment_01371,2026-05-02T11:11:37Z,0.5903464729770285,failed,False
experiment_01372,2026-05-02T11:13:28Z,0.4725855211312453,failed,False
experiment_01373,2026-05-02T11:15:29Z,0.4368022371178135,failed,False
experiment_01374,2026-05-02T11:17:30Z,0.5901423785945781,passed,True
experiment_01375,2026-05-02T11:19:29Z,0.5230412282887809,passed,True
experiment_01376,2026-05-02T11:22:40Z,0.4017990483447953,passed,True
experiment_01377,2026-05-02T11:27:21Z,0.4010760553525916,passed,True
experiment_01378,2026-05-02T11:32:02Z,0.40093041958413167,passed,True
experiment_01379,2026-05-02T11:37:14Z,0.39583880642921265,passed,True
experiment_01380,2026-05-02T21:49:04Z,0.1730257317800632,passed,True
experiment_01381,2026-05-02T21:49:16Z,0.3931543436366578,passed,True
experiment_01382,2026-05-02T21:50:58Z,0.14587122777294148,passed,True
experiment_01383,2026-05-02T21:52:55Z,0.12383689472286541,passed,True
experiment_01384,2026-05-02T21:54:26Z,0.3923716313611454,passed,True
experiment_01385,2026-05-02T21:57:31Z,0.1730257317800632,passed,True
experiment_01386,2026-05-02T21:58:55Z,0.37925556733790344,passed,True
experiment_01387,2026-05-02T21:59:29Z,0.14587122777294148,passed,True
experiment_01388,2026-05-02T22:01:17Z,0.12383689472286541,passed,True
experiment_01389,2026-05-02T22:03:16Z,0.10948692989468434,passed,True
experiment_01390,2026-05-02T22:03:53Z,0.3786736673530733,passed,True
experiment_01391,2026-05-02T22:05:09Z,0.08603424964564788,passed,True
experiment_01392,2026-05-02T22:08:05Z,0.3786736673530733,passed,True
experiment_01393,2026-05-02T22:12:06Z,0.1730257317800632,passed,True
experiment_01394,2026-05-02T22:13:01Z,0.3786624615595855,passed,True
experiment_01395,2026-05-02T22:14:01Z,0.14587122777294148,passed,True
experiment_01396,2026-05-02T22:17:28Z,0.3777625055588274,passed,True
experiment_01397,2026-05-02T22:18:04Z,0.1730257317800632,passed,True
experiment_01398,2026-05-02T22:19:57Z,0.14587122777294148,passed,True
experiment_01399,2026-05-02T22:22:27Z,0.3777625055588274,passed,True
experiment_01400,2026-05-02T22:22:40Z,0.10948692989468434,passed,True
experiment_01401,2026-05-02T22:24:27Z,0.08603424964564788,passed,True
experiment_01402,2026-05-02T22:26:29Z,0.07241603712503597,passed,True
experiment_01403,2026-05-02T22:27:38Z,0.37273162252334124,passed,True
experiment_01404,2026-05-02T22:28:31Z,0.07191009349478605,passed,True
experiment_01405,2026-05-02T22:30:23Z,0.06228884139509283,passed,True
experiment_01406,2026-05-02T22:32:18Z,0.05127867867127023,passed,True
experiment_01407,2026-05-02T22:34:54Z,0.1730257317800632,passed,True
experiment_01408,2026-05-02T22:36:42Z,0.14587122777294148,passed,True
experiment_01409,2026-05-02T22:38:29Z,0.12383689472286541,passed,True
experiment_01410,2026-05-02T22:40:17Z,0.10948692989468434,passed,True
experiment_01411,2026-05-02T22:42:05Z,0.08603424964564788,passed,True
experiment_01412,2026-05-03T03:27:08Z,0.40634955639761294,passed,False
experiment_01413,2026-05-03T03:28:53Z,0.1730257317800632,passed,False
experiment_01414,2026-05-03T03:29:57Z,0.6009966913087261,passed,True
experiment_01415,2026-05-03T03:30:47Z,0.40634955639761294,passed,False
experiment_01416,2026-05-03T03:36:10Z,0.599929883883652,passed,True
experiment_01417,2026-05-03T03:42:23Z,0.5196670930994749,passed,True
experiment_01418,2026-05-03T03:49:38Z,0.1730257317800632,passed,True
experiment_01419,2026-05-03T03:50:15Z,0.4920584007951625,passed,True
experiment_01420,2026-05-03T03:50:57Z,0.4920584007951625,passed,True
experiment_01421,2026-05-03T03:55:40Z,0.1730257317800632,passed,True
experiment_01422,2026-05-03T03:58:04Z,0.46832336426408894,passed,True
experiment_01423,2026-05-03T04:04:15Z,0.4387276672543958,passed,True
experiment_01424,2026-05-03T04:10:26Z,0.4260963489088887,passed,True
experiment_01425,2026-05-03T04:16:41Z,0.4030109360543559,passed,True
experiment_01426,2026-05-03T04:23:02Z,0.37135431582338896,passed,True
experiment_01427,2026-05-03T04:29:18Z,0.3698012701145572,passed,True
experiment_01428,2026-05-03T04:35:36Z,0.36771725469203886,passed,True
experiment_01429,2026-05-03T04:41:51Z,0.365608274597335,passed,True
experiment_01430,2026-05-03T04:48:07Z,0.36549659673194057,passed,True
experiment_01431,2026-05-03T04:53:51Z,0.3646178094115413,passed,True
experiment_01432,2026-05-03T04:59:32Z,0.3575363122619528,passed,True
experiment_01433,2026-05-03T05:05:41Z,0.35553189215774594,passed,True
experiment_01434,2026-05-03T05:11:50Z,0.3543594309819529,passed,True
experiment_01435,2026-05-03T05:17:58Z,0.35276291777867996,passed,True
experiment_01436,2026-05-03T05:24:04Z,0.35223690285713793,passed,True
experiment_01437,2026-05-03T05:29:41Z,0.3514937457882006,passed,True
experiment_01438,2026-05-03T05:35:18Z,0.3512894634911756,passed,True
experiment_01439,2026-05-03T05:40:54Z,0.35121789458349895,passed,True
experiment_01440,2026-05-03T05:47:00Z,0.34731222777297255,passed,True
experiment_01441,2026-05-03T05:53:07Z,0.34610847994997407,passed,True
experiment_01442,2026-05-03T05:59:14Z,0.34092715801558526,passed,True
experiment_01443,2026-05-03T06:05:21Z,0.34015994782039094,passed,True
experiment_01444,2026-05-03T06:11:30Z,0.33925661947310815,passed,True
experiment_01445,2026-05-03T06:17:36Z,0.33753361371942425,passed,True
experiment_01446,2026-05-03T06:23:42Z,0.3373899108665128,passed,True
experiment_01447,2026-05-03T06:29:47Z,0.33636828929021867,passed,True
experiment_01448,2026-05-03T06:35:52Z,0.33560898076073364,passed,True
experiment_01449,2026-05-03T06:42:00Z,0.33247308638876305,passed,True
experiment_01450,2026-05-03T06:48:08Z,0.33247308638876305,passed,True
experiment_01451,2026-05-03T06:54:14Z,0.33145783172698273,passed,True
experiment_01452,2026-05-03T07:00:21Z,0.32655302012634024,passed,True
experiment_01453,2026-05-03T07:06:27Z,0.3260485102222699,passed,True
experiment_01454,2026-05-03T07:13:03Z,0.32008189567382495,passed,True
experiment_01455,2026-05-03T07:19:08Z,0.3196897104890173,passed,True
experiment_01456,2026-05-03T07:25:15Z,0.3187600181118402,passed,True
experiment_01457,2026-05-03T07:31:21Z,0.31855263843636905,passed,True
experiment_01458,2026-05-03T07:37:27Z,0.31844190030924757,passed,True
experiment_01459,2026-05-03T07:43:02Z,0.3149131383151911,passed,True
experiment_01460,2026-05-03T07:48:37Z,0.31402090578609787,passed,True
experiment_01461,2026-05-03T07:54:42Z,0.30240555447001327,passed,True
experiment_01462,2026-05-03T08:00:50Z,0.296685696522351,passed,True
experiment_01463,2026-05-03T08:06:25Z,0.2956894920179831,passed,True
experiment_01464,2026-05-03T08:12:31Z,0.2952504900091135,passed,True
experiment_01465,2026-05-03T08:18:37Z,0.287947631359998,passed,True
experiment_01466,2026-05-03T08:24:12Z,0.2870477171836079,passed,True
experiment_01467,2026-05-03T08:30:18Z,0.2867492879803031,passed,True
experiment_01468,2026-05-03T08:36:24Z,0.2862099612037312,passed,True
experiment_01469,2026-05-03T08:42:31Z,0.28612807058504686,passed,True
experiment_01470,2026-05-03T08:48:36Z,0.2845147302634281,passed,True
experiment_01471,2026-05-03T08:54:43Z,0.28366207692329404,passed,True
experiment_01472,2026-05-03T09:00:50Z,0.28320272044828343,passed,True
experiment_01473,2026-05-03T09:06:56Z,0.28221107269318146,passed,True
experiment_01474,2026-05-03T09:13:02Z,0.28188524590737174,passed,True
experiment_01475,2026-05-03T09:18:37Z,0.28097872869170004,passed,True
experiment_01476,2026-05-03T09:24:13Z,0.2768294496814008,passed,True
experiment_01477,2026-05-03T09:29:48Z,0.27608247222071647,passed,True
experiment_01478,2026-05-03T09:35:54Z,0.2722516549812255,passed,True
experiment_01479,2026-05-03T09:42:31Z,0.2712947780098567,passed,True
experiment_01480,2026-05-03T09:48:36Z,0.27091612301939527,passed,True
experiment_01481,2026-05-03T09:54:43Z,0.2696539342856532,passed,True
experiment_01482,2026-05-03T10:00:51Z,0.265302804362328,passed,True
experiment_01483,2026-05-03T16:50:41Z,2.3330398738247737,failed,False
experiment_01484,2026-05-03T16:53:56Z,2.6023421473394635,,
experiment_01485,2026-05-03T16:54:24Z,0.1730257317800632,passed,True
experiment_01486,2026-05-03T16:55:49Z,2.508834159348531,,
experiment_01487,2026-05-03T16:56:28Z,0.14587122777294148,passed,True
experiment_01488,2026-05-03T17:14:10Z,1.4898959049508367,passed,True
experiment_01489,2026-05-03T17:20:24Z,1.0878770630503922,passed,True
experiment_01490,2026-05-03T17:26:35Z,0.8439308538392964,passed,True
experiment_01491,2026-05-03T17:32:43Z,0.5913379900228115,passed,True
experiment_01492,2026-05-03T17:34:30Z,0.5901423785945781,passed,True
experiment_01493,2026-05-03T17:36:20Z,0.5702584280521101,passed,True
experiment_01494,2026-05-03T17:38:06Z,0.5553343155137807,passed,True
experiment_01495,2026-05-03T17:44:16Z,0.5496733132555729,passed,True
experiment_01496,2026-05-03T17:46:04Z,0.5426061568717238,passed,True
experiment_01497,2026-05-03T17:47:51Z,0.5230412282887809,passed,True
experiment_01498,2026-05-03T17:51:25Z,0.49179231003958535,passed,True
experiment_01499,2026-05-03T17:53:13Z,0.48003771425765507,passed,True
experiment_01500,2026-05-03T17:58:40Z,0.4792472054590089,passed,True
experiment_01501,2026-05-03T18:05:07Z,0.4505457906506596,passed,True
experiment_01502,2026-05-03T18:06:54Z,0.43189780311474557,passed,True
experiment_01503,2026-05-03T18:08:41Z,0.4191423781622845,passed,True
experiment_01504,2026-05-03T18:10:27Z,0.41147628979844697,passed,True
experiment_01505,2026-05-03T18:17:02Z,0.40822754080407364,passed,True
experiment_01506,2026-05-03T18:23:13Z,0.4036862834941939,passed,True
experiment_01507,2026-05-03T18:25:00Z,0.37574012681672997,passed,True
experiment_01508,2026-05-03T18:26:47Z,0.3588692175325523,passed,True
experiment_01509,2026-05-03T18:28:34Z,0.35313378645276927,passed,True
experiment_01510,2026-05-03T18:30:21Z,0.3489163509512654,passed,True
experiment_01511,2026-05-03T18:32:08Z,0.3445219296807416,passed,True
experiment_01512,2026-05-03T18:33:55Z,0.33484554793889565,passed,True
experiment_01513,2026-05-03T18:35:42Z,0.33247308638876305,passed,True
experiment_01514,2026-05-03T18:37:30Z,0.31251132354012334,passed,True
experiment_01515,2026-05-03T18:39:17Z,0.30337079023696134,passed,True
experiment_01516,2026-05-03T18:41:06Z,0.3033647863475366,passed,True
experiment_01517,2026-05-03T18:51:35Z,0.302858023648934,passed,True
experiment_01518,2026-05-03T18:53:29Z,0.28876990570796046,passed,True
experiment_01519,2026-05-03T18:59:42Z,0.2743126243473739,passed,True
experiment_01520,2026-05-03T19:03:23Z,0.45714077091741956,passed,True
experiment_01521,2026-05-03T19:17:42Z,0.6009966913087261,passed,True
experiment_01522,2026-05-03T19:30:58Z,0.26200381811794493,passed,True
experiment_01523,2026-05-03T19:33:31Z,0.25919388195891635,passed,True
experiment_01524,2026-05-03T19:33:32Z,0.2564529040110948,passed,True
experiment_01525,2026-05-03T19:33:32Z,0.26200381811794493,passed,True
experiment_01526,2026-05-03T19:36:29Z,0.5002933930132745,passed,True
experiment_01527,2026-05-03T19:48:43Z,0.5230412282887809,passed,True
experiment_01528,2026-05-03T19:55:34Z,0.3653054298398253,passed,True
experiment_01529,2026-05-03T20:02:18Z,0.8545998129249295,passed,
experiment_01530,2026-05-03T20:02:18Z,0.16587918113600253,,
experiment_01531,2026-05-03T20:02:18Z,0.16587918113600253,,
experiment_01532,2026-05-03T20:04:04Z,0.8545998129249295,passed,
experiment_01533,2026-05-03T20:09:15Z,-0.44995588821738686,passed,
experiment_01534,2026-05-03T20:12:08Z,0.0347988941682118,,
experiment_01535,2026-05-03T20:13:57Z,0.02899500246833142,,
experiment_01536,2026-05-03T20:17:06Z,,passed,True
experiment_01537,2026-05-03T20:19:38Z,,failed,False
experiment_01538,2026-05-03T20:25:32Z,-2.3753881657825247,,
experiment_01539,2026-05-03T20:29:30Z,-0.3649582224334935,passed,True
experiment_01540,2026-05-03T20:31:24Z,-1.8474550007292603,passed,True
experiment_01541,2026-05-03T20:33:12Z,0.0,passed,True
experiment_01542,2026-05-03T20:35:00Z,0.0,passed,True
experiment_01543,2026-05-03T20:37:31Z,0.1730257317800632,,
experiment_01544,2026-05-03T20:37:33Z,0.14587122777294148,,
experiment_01545,2026-05-03T20:37:33Z,0.10948692989468434,,
experiment_01546,2026-05-03T20:37:34Z,0.1080564089860836,,
experiment_01547,2026-05-03T20:37:35Z,0.07241603712503597,,
experiment_01548,2026-05-03T20:37:36Z,0.06228884139509283,,
experiment_01549,2026-05-03T20:37:36Z,0.05127867867127023,,
experiment_01550,2026-05-03T20:37:37Z,0.04320326300889832,,
experiment_01551,2026-05-03T20:37:38Z,0.04034797998434847,,
experiment_01552,2026-05-03T20:37:39Z,0.034656415140329244,,
experiment_01553,2026-05-03T20:37:39Z,0.025010155973204107,,
experiment_01554,2026-05-03T20:50:37Z,,failed,False
experiment_01555,2026-05-03T20:52:34Z,,passed,True
experiment_01556,2026-05-03T21:03:15Z,,passed,True
experiment_01557,2026-05-04T06:31:28Z,,passed,True
experiment_01558,2026-05-04T06:32:04Z,,passed,True
experiment_01559,2026-05-04T06:33:11Z,,passed,True
experiment_01560,2026-05-04T06:35:02Z,,passed,True
experiment_01561,2026-05-04T06:37:52Z,,passed,True
experiment_01562,2026-05-04T06:40:42Z,,passed,True
experiment_01563,2026-05-04T06:43:31Z,,passed,True
experiment_01564,2026-05-05T01:03:35Z,,failed,False
experiment_01565,2026-05-05T04:00:59Z,,changed_task_public_ok_full_bundle_inherits_base_failures,False
experiment_01566,2026-05-05T19:06:40Z,0.6671007271523699,failed,False
experiment_01567,2026-05-05T19:13:12Z,12.635685056739314,failed,False
experiment_01568,2026-05-05T19:13:12Z,12.769068901973116,failed,False
experiment_01569,2026-05-05T19:34:05Z,15.200207683802637,failed,False
experiment_01570,2026-05-05T19:34:05Z,12.978000444302587,failed,False
experiment_01571,2026-05-05T19:34:05Z,-6.7413562827319975,failed,False
experiment_01572,2026-05-05T19:34:06Z,15.022658078893391,failed,False
experiment_01573,2026-05-05T19:34:06Z,13.389920601439105,failed,False
experiment_01574,2026-05-05T19:34:06Z,14.447526162689696,failed,False
experiment_01575,2026-05-05T19:34:06Z,0.11915969439128382,failed,False
experiment_01576,2026-05-05T19:34:06Z,12.705348872697236,failed,False
experiment_01577,2026-05-05T20:01:46Z,15.129965823723092,failed,False
experiment_01578,2026-05-06T02:18:19Z,0.40756803713872536,failed,False
experiment_01579,2026-05-06T02:18:28Z,0.6269657223769816,failed,False
experiment_01580,2026-05-06T02:46:40Z,13.014362077973118,failed,False
experiment_01581,2026-05-06T02:46:40Z,0.6904211017377495,failed,False
experiment_01582,2026-05-06T02:46:41Z,18.06560279007144,failed,False
experiment_01583,2026-05-06T02:49:09Z,13.076827545031353,failed,False
experiment_01584,2026-05-06T02:57:06Z,-0.0937264566557392,failed,False
experiment_01585,2026-05-06T02:57:07Z,12.925335288942549,failed,False
experiment_01586,2026-05-06T02:57:07Z,14.388230379319657,failed,False
experiment_01587,2026-05-06T02:57:08Z,15.171828841773321,failed,False
experiment_01588,2026-05-06T03:06:33Z,15.191042931310106,failed,False
experiment_01589,2026-05-06T03:06:33Z,13.392237194268937,failed,False
experiment_01590,2026-05-06T03:06:33Z,13.579420113610103,failed,False
experiment_01591,2026-05-06T03:06:33Z,-1.3747246215724793,failed,False
experiment_01592,2026-05-06T03:06:33Z,13.492720443216598,failed,False
experiment_01593,2026-05-06T10:16:30Z,15.00895955045601,failed,False
experiment_01594,2026-05-06T10:16:30Z,-1.3073671025302183,failed,False
experiment_01595,2026-05-06T10:16:31Z,-4.749448418426249,failed,False
experiment_01596,2026-05-06T10:16:31Z,14.62735292437552,failed,False
experiment_01597,2026-05-06T10:16:31Z,16.388224166097814,failed,False
experiment_01598,2026-05-06T10:16:31Z,0.596331243565615,failed,False
experiment_01599,2026-05-07T00:59:58Z,0.6918741921687168,failed,False
experiment_01600,2026-05-07T01:05:07Z,12.254805861548988,failed,False
experiment_01601,2026-05-07T01:05:07Z,12.37905992042124,failed,False
experiment_01602,2026-05-07T01:07:38Z,12.430441159854665,failed,False
experiment_01603,2026-05-07T01:10:52Z,0.059370260930544205,failed,False
experiment_01604,2026-05-07T01:10:52Z,14.262364961182486,failed,False
experiment_01605,2026-05-07T01:14:08Z,14.299838932328262,failed,False
experiment_01606,2026-05-07T01:14:08Z,14.244973592819413,failed,False
experiment_01607,2026-05-07T01:17:27Z,0.5079775600938827,failed,False
experiment_01608,2026-05-07T01:17:27Z,15.192417804350944,failed,False
experiment_01609,2026-05-07T01:17:28Z,14.003750572473939,failed,False
experiment_01610,2026-05-07T01:20:31Z,13.109254727741932,failed,False
experiment_01611,2026-05-07T01:20:31Z,14.977840917746374,failed,False
experiment_01612,2026-05-07T01:20:32Z,13.74267671401814,failed,False
experiment_01613,2026-05-07T01:28:11Z,0.24209310531190553,failed,False
experiment_01614,2026-05-07T01:28:12Z,14.067053757484352,failed,False
experiment_01615,2026-05-07T02:13:29Z,14.547957606887874,failed,False
experiment_01616,2026-05-07T02:13:30Z,14.305648893397857,failed,False
experiment_01617,2026-05-07T02:13:31Z,-1.1707266036141402,failed,False
experiment_01618,2026-05-07T02:13:31Z,0.08028022693242143,failed,False
experiment_01619,2026-05-07T02:13:31Z,15.170374296062327,failed,False
experiment_01620,2026-05-07T02:13:31Z,0.4373445996725511,failed,False
experiment_01621,2026-05-07T02:13:32Z,-2.2136365445825614,failed,False
experiment_01622,2026-05-07T02:13:32Z,14.088846540498587,failed,False
experiment_01623,2026-05-07T02:13:32Z,15.062497568876594,failed,False
experiment_01624,2026-05-07T02:13:32Z,-0.8629768568178555,failed,False
experiment_01625,2026-05-07T02:13:32Z,-0.451109507299261,failed,False
experiment_01626,2026-05-07T02:13:32Z,0.39291162986517136,failed,False
experiment_01627,2026-05-07T02:13:33Z,0.22095519021375587,failed,False
experiment_01628,2026-05-07T02:13:33Z,13.433524289473679,failed,False
experiment_01629,2026-05-07T02:13:33Z,-6.411141906507243,failed,False
experiment_01630,2026-05-07T02:33:27Z,13.550749429200492,failed,False
experiment_01631,2026-05-07T02:33:28Z,13.331593312196148,failed,False
experiment_01632,2026-05-07T02:33:48Z,0.38892937755666246,failed,False
experiment_01633,2026-05-07T02:33:48Z,0.3424458110666251,failed,False
experiment_01634,2026-05-07T02:33:48Z,13.898824350605075,failed,False
experiment_01635,2026-05-07T02:33:49Z,14.047247978426102,failed,False
experiment_01636,2026-05-07T02:33:49Z,13.667589724288359,failed,False
experiment_01637,2026-05-07T02:36:18Z,14.485633365590907,failed,False
experiment_01638,2026-05-07T02:36:18Z,13.717230113243359,failed,False
experiment_01639,2026-05-07T02:36:19Z,14.75402263851722,failed,False
experiment_01640,2026-05-07T19:02:21Z,12.141636023169868,failed,False
experiment_01641,2026-05-08T10:43:17Z,2.1059642002052943,passed,True
experiment_01642,2026-05-08T10:43:17Z,1.3280309488500475,passed,True
experiment_01643,2026-05-08T10:56:19Z,1.3280309488500475,passed,True
experiment_01644,2026-05-08T11:03:00Z,1.0425675160996413,passed,True
experiment_01645,2026-05-08T11:08:43Z,0.8366025712704541,failed,False
experiment_01646,2026-05-08T11:10:45Z,0.8209153823077493,failed,False
experiment_01647,2026-05-08T11:12:36Z,0.15682580729933981,failed,False
experiment_01648,2026-05-08T11:13:36Z,0.3379917593923647,passed,True
experiment_01649,2026-05-08T11:14:00Z,0.8366025712704541,passed,True
experiment_01650,2026-05-08T11:24:00Z,0.6871595370971733,passed,True
experiment_01651,2026-05-08T11:24:22Z,0.8209153823077493,passed,True
experiment_01652,2026-05-08T11:26:17Z,0.5780017198650924,passed,True
experiment_01653,2026-05-08T11:28:26Z,0.4789349181470577,passed,True
experiment_01654,2026-05-08T11:30:28Z,0.4071201460063989,passed,True
experiment_01655,2026-05-08T11:31:44Z,0.7558645711803837,passed,True
experiment_01656,2026-05-08T11:32:34Z,0.37639535467645047,passed,True
experiment_01657,2026-05-08T11:34:39Z,0.37639535467645047,passed,True
experiment_01658,2026-05-08T11:37:41Z,0.7202800402793113,passed,True
experiment_01659,2026-05-08T11:43:02Z,0.7060457376983891,passed,True
experiment_01660,2026-05-08T11:48:44Z,0.6969236475195792,passed,True
experiment_01661,2026-05-08T11:54:24Z,0.695071368184621,passed,True
experiment_01662,2026-05-08T12:00:04Z,0.6871595370971733,passed,True
experiment_01663,2026-05-08T12:05:41Z,0.6792750690821396,passed,True
experiment_01664,2026-05-08T12:11:19Z,0.6647517484920975,passed,True
experiment_01665,2026-05-08T12:17:01Z,0.6554019679400138,passed,True
experiment_01666,2026-05-08T12:22:42Z,0.6345397536064734,passed,True
experiment_01667,2026-05-08T12:28:21Z,0.5788238551753615,passed,True
experiment_01668,2026-05-08T12:34:10Z,0.5780017198650924,passed,True
experiment_01669,2026-05-08T12:39:52Z,0.5705704486409875,passed,True
experiment_01670,2026-05-08T12:45:31Z,0.5450412923686621,passed,True
experiment_01671,2026-05-08T12:51:15Z,0.5333269692407079,passed,True
experiment_01672,2026-05-08T12:57:02Z,0.528603948256924,passed,True
experiment_01673,2026-05-08T13:26:58Z,0.5153604090394737,passed,True
experiment_01674,2026-05-08T13:27:29Z,0.5153604090394737,passed,True
experiment_01675,2026-05-08T13:29:35Z,18.04822783560109,passed,True
experiment_01676,2026-05-08T13:31:26Z,0.41482039019169115,passed,True
experiment_01677,2026-05-08T13:33:20Z,0.4071201460063989,passed,True
experiment_01678,2026-05-08T13:33:58Z,0.509870513855752,passed,True
experiment_01679,2026-05-08T13:37:24Z,0.5091187271197306,passed,True
experiment_01680,2026-05-08T13:40:49Z,0.4891188880500472,passed,True
experiment_01681,2026-05-08T13:44:17Z,0.4880779838253968,passed,True
experiment_01682,2026-05-08T13:47:45Z,0.4822703691968293,passed,True
experiment_01683,2026-05-08T13:51:11Z,0.4789349181470577,passed,True
experiment_01684,2026-05-08T13:54:38Z,0.4705175419180243,passed,True
experiment_01685,2026-05-08T13:58:04Z,0.46837073554308617,passed,True
experiment_01686,2026-05-08T14:01:30Z,0.46265644687516705,passed,True
experiment_01687,2026-05-08T14:04:57Z,0.4555007556972903,passed,True
experiment_01688,2026-05-08T14:08:25Z,0.4466934061427317,passed,True
experiment_01689,2026-05-08T14:14:06Z,0.44207097797518813,passed,True
experiment_01690,2026-05-08T14:20:10Z,0.43286732333036326,passed,True
experiment_01691,2026-05-08T14:25:49Z,0.41482039019169115,passed,True
experiment_01692,2026-05-08T14:31:29Z,0.4142393579483823,passed,True
experiment_01693,2026-05-08T14:37:14Z,0.4071201460063989,passed,True
experiment_01694,2026-05-08T14:43:19Z,0.39291162986517136,passed,True
experiment_01695,2026-05-08T14:48:59Z,0.3849792164902315,passed,True
experiment_01696,2026-05-08T14:54:39Z,0.37639535467645047,passed,True
experiment_01697,2026-05-08T15:00:22Z,0.3731424555640146,passed,True
experiment_01698,2026-05-08T15:06:27Z,0.3659302269793834,passed,True
experiment_01699,2026-05-08T15:09:56Z,0.3646327267293632,passed,True
experiment_01700,2026-05-08T15:13:25Z,0.35625876858417804,passed,True
experiment_01701,2026-05-08T15:16:54Z,0.3408612944929157,passed,True
experiment_01702,2026-05-08T15:20:33Z,1.0425675160996413,passed,True
experiment_01703,2026-05-08T15:20:33Z,0.15103475663588029,passed,True
experiment_01704,2026-05-08T15:27:46Z,2.5763100260810905,passed,True
experiment_01705,2026-05-08T15:27:46Z,2.1538548028178894,passed,True
experiment_01706,2026-05-08T15:27:46Z,2.075345935811219,passed,True
experiment_01707,2026-05-08T15:27:46Z,1.8284841545194261,passed,True
experiment_01708,2026-05-08T15:27:46Z,0.9568866021309521,passed,True
experiment_01709,2026-05-08T15:27:46Z,0.9298936974384944,passed,True
experiment_01710,2026-05-08T15:27:47Z,0.8586988833836635,passed,True
experiment_01711,2026-05-08T15:27:47Z,0.7837125327182193,passed,True
experiment_01712,2026-05-08T15:27:47Z,0.7561163403877789,passed,True
experiment_01713,2026-05-08T15:27:47Z,0.7365952358381787,passed,True
experiment_01714,2026-05-08T15:27:47Z,0.7191327091718644,passed,True
experiment_01715,2026-05-08T15:27:47Z,0.7043798426824921,passed,True
experiment_01716,2026-05-08T15:27:47Z,0.6942937680593406,passed,True
experiment_01717,2026-05-08T15:27:47Z,0.6927902377100903,passed,True
experiment_01718,2026-05-08T15:27:47Z,0.6919002675500394,passed,True
experiment_01719,2026-05-08T15:27:48Z,0.6918880949474921,passed,True
experiment_01720,2026-05-08T15:27:48Z,0.6903129364823446,passed,True
experiment_01721,2026-05-08T15:27:48Z,0.6850939279767232,passed,True
experiment_01722,2026-05-08T15:27:48Z,0.6836267206493414,passed,True
experiment_01723,2026-05-08T15:27:48Z,0.682491846584476,passed,True
experiment_01724,2026-05-08T15:27:48Z,0.6752253330037803,passed,True
experiment_01725,2026-05-08T15:27:48Z,0.6738362356468564,passed,True
experiment_01726,2026-05-08T15:27:48Z,0.6716740232877445,passed,True
experiment_01727,2026-05-08T15:27:49Z,0.6681699174454696,passed,True
experiment_01728,2026-05-08T15:27:49Z,0.6594837985942199,passed,True
experiment_01729,2026-05-08T15:27:49Z,0.649157761879323,passed,True
experiment_01730,2026-05-08T15:27:49Z,0.624509668809905,passed,True
experiment_01731,2026-05-08T15:27:49Z,0.6224712650475297,passed,True
experiment_01732,2026-05-08T15:27:49Z,0.6013236213422193,passed,True
experiment_01733,2026-05-08T15:27:49Z,0.5988153840249737,passed,True
experiment_01734,2026-05-08T15:27:49Z,0.596331243565615,passed,True
experiment_01735,2026-05-08T15:27:50Z,0.5867712629719684,passed,True
experiment_01736,2026-05-08T15:27:50Z,0.568563977644942,passed,True
experiment_01737,2026-05-08T15:27:50Z,0.5682557978967164,passed,True
experiment_01738,2026-05-08T15:27:50Z,0.5631728270590681,passed,True
experiment_01739,2026-05-08T15:27:50Z,0.5606778179943692,passed,True
experiment_01740,2026-05-08T15:27:50Z,0.5601444855760942,passed,True
experiment_01741,2026-05-08T15:27:50Z,0.5570517835782649,passed,True
experiment_01742,2026-05-08T15:27:50Z,0.5570283813240806,passed,True
experiment_01743,2026-05-08T15:27:50Z,0.5554019377572601,passed,True
experiment_01744,2026-05-08T15:27:51Z,0.5514146527428618,passed,True
experiment_01745,2026-05-08T15:27:51Z,0.5507129244558655,passed,True
experiment_01746,2026-05-08T15:27:51Z,0.5418230687003387,passed,True
experiment_01747,2026-05-08T15:27:51Z,0.5370172658231063,passed,True
experiment_01748,2026-05-08T15:27:51Z,0.5315780607086626,passed,True
experiment_01749,2026-05-08T15:27:51Z,0.5280868808178099,passed,True
experiment_01750,2026-05-08T15:27:51Z,0.5202775738812999,passed,True
experiment_01751,2026-05-08T15:27:51Z,0.5194921364730654,passed,True
experiment_01752,2026-05-08T15:27:52Z,0.5179485624881952,passed,True
experiment_01753,2026-05-08T15:27:52Z,0.5145358960185842,passed,True
experiment_01754,2026-05-08T15:27:52Z,0.5079775600938827,passed,True
experiment_01755,2026-05-08T15:27:52Z,0.5018796508896042,passed,True
experiment_01756,2026-05-08T15:27:52Z,0.5004532056693787,passed,True
experiment_01757,2026-05-08T15:27:52Z,0.5003231877962513,passed,True
experiment_01758,2026-05-08T15:27:52Z,0.4990806835540358,passed,True
experiment_01759,2026-05-08T15:27:52Z,0.4963717171554691,passed,True
experiment_01760,2026-05-08T15:27:52Z,0.4913854558859363,passed,True
experiment_01761,2026-05-08T15:27:53Z,0.4908468145543523,passed,True
experiment_01762,2026-05-08T15:27:53Z,0.48320642097970357,passed,True
experiment_01763,2026-05-08T15:27:53Z,0.4811735850349699,passed,True
experiment_01764,2026-05-08T15:27:53Z,0.4807614597494094,passed,True
experiment_01765,2026-05-08T15:27:53Z,0.47043263820736314,passed,True
experiment_01766,2026-05-08T15:27:53Z,0.4645656754763188,passed,True
experiment_01767,2026-05-08T15:27:53Z,0.46229062685672595,passed,True
experiment_01768,2026-05-08T15:27:53Z,0.45858982696830175,passed,True
experiment_01769,2026-05-08T15:27:54Z,0.4495018035468288,passed,True
experiment_01770,2026-05-08T15:27:54Z,0.4484509625772297,passed,True
experiment_01771,2026-05-08T15:27:54Z,0.44344843174258486,passed,True
experiment_01772,2026-05-08T15:27:54Z,0.4373445996725511,passed,True
experiment_01773,2026-05-08T15:27:54Z,0.43097446570267195,passed,True
experiment_01774,2026-05-08T15:27:54Z,0.4220462484420615,passed,True
experiment_01775,2026-05-08T15:27:54Z,0.41897951906554454,passed,True
experiment_01776,2026-05-08T15:27:54Z,0.41047932406449306,passed,True
experiment_01777,2026-05-08T15:27:55Z,0.410274741899606,passed,True
experiment_01778,2026-05-08T15:27:55Z,0.40756803713872536,passed,True
experiment_01779,2026-05-08T15:27:55Z,0.4071345575777059,passed,True
experiment_01780,2026-05-08T15:27:55Z,0.4050598753140022,passed,True
experiment_01781,2026-05-08T15:27:55Z,0.39875974297517125,passed,True
experiment_01782,2026-05-08T15:27:55Z,0.39339426538335687,passed,True
experiment_01783,2026-05-08T15:27:55Z,0.3931606495102731,passed,True
experiment_01784,2026-05-08T15:27:55Z,0.3815068584125836,passed,True
experiment_01785,2026-05-08T15:27:55Z,0.38070617735676393,passed,True
experiment_01786,2026-05-08T15:27:56Z,0.37973539922749566,passed,True
experiment_01787,2026-05-08T15:27:56Z,0.37374496916225475,passed,True
experiment_01788,2026-05-08T15:27:56Z,0.3614908653217732,passed,True
experiment_01789,2026-05-08T15:27:56Z,0.3577603161322891,passed,True
experiment_01790,2026-05-08T15:27:56Z,0.3523981269467775,passed,True
experiment_01791,2026-05-08T15:27:56Z,0.3498355720234496,passed,True
experiment_01792,2026-05-08T15:27:56Z,0.34501705333896737,passed,True
experiment_01793,2026-05-08T15:27:56Z,0.34336561256995246,passed,True
experiment_01794,2026-05-08T15:27:56Z,0.34055506429645277,passed,True
experiment_01795,2026-05-08T15:27:57Z,0.3281623875023705,passed,True
experiment_01796,2026-05-08T15:27:57Z,0.32529847840472037,passed,True
experiment_01797,2026-05-08T15:27:57Z,0.32461031311198596,passed,True
experiment_01798,2026-05-08T15:27:57Z,0.3219119144626088,passed,True
experiment_01799,2026-05-08T15:27:57Z,0.31649189026486724,passed,True
experiment_01800,2026-05-08T15:27:57Z,0.30548717961439564,passed,True
experiment_01801,2026-05-08T15:27:57Z,0.3021862612967521,passed,True
experiment_01802,2026-05-08T15:27:57Z,0.2997929471216896,passed,True
experiment_01803,2026-05-08T15:27:58Z,0.29245521692000587,passed,True
experiment_01804,2026-05-08T15:27:58Z,0.28779265280588007,passed,True
experiment_01805,2026-05-08T15:27:58Z,0.27345926879247884,passed,True
experiment_01806,2026-05-08T15:27:58Z,0.273200640983692,passed,True
experiment_01807,2026-05-08T15:27:58Z,0.26434975149399875,passed,True
experiment_01808,2026-05-08T15:27:58Z,0.26026564669936647,passed,True
experiment_01809,2026-05-08T15:27:58Z,0.2591270498729443,passed,True
experiment_01810,2026-05-08T15:27:58Z,0.2528765644736666,passed,True
experiment_01811,2026-05-08T15:27:58Z,0.24791465773345145,passed,True
experiment_01812,2026-05-08T15:27:59Z,0.23344441088511125,passed,True
experiment_01813,2026-05-08T15:27:59Z,0.21760655221439862,passed,True
experiment_01814,2026-05-08T15:27:59Z,0.2153247357090713,passed,True
experiment_01815,2026-05-08T15:27:59Z,0.2068310911932727,passed,True
experiment_01816,2026-05-08T15:27:59Z,0.20330807494249115,passed,True
experiment_01817,2026-05-08T15:27:59Z,0.1899273981349605,passed,True
experiment_01818,2026-05-08T15:27:59Z,0.18066643995133091,passed,True
experiment_01819,2026-05-08T15:27:59Z,0.17785758176512623,passed,True
experiment_01820,2026-05-08T15:28:00Z,0.175687653933565,passed,True
experiment_01821,2026-05-08T15:28:00Z,0.17162125848533982,passed,True
experiment_01822,2026-05-08T15:28:00Z,0.16247144278970183,passed,True
experiment_01823,2026-05-08T15:28:00Z,0.15877464500680638,passed,True
experiment_01824,2026-05-08T15:49:56Z,2.5763100260810905,passed,True
experiment_01825,2026-05-08T15:49:56Z,2.1538548028178894,passed,True
experiment_01826,2026-05-08T15:49:56Z,1.8284841545194261,passed,True
experiment_01827,2026-05-08T15:49:56Z,0.9568866021309521,passed,True
experiment_01828,2026-05-08T15:49:57Z,0.9298936974384944,passed,True
experiment_01829,2026-05-08T15:49:57Z,0.8586988833836635,passed,True
experiment_01830,2026-05-08T15:49:57Z,0.7837125327182193,passed,True
experiment_01831,2026-05-08T15:49:57Z,0.7561163403877789,passed,True
experiment_01832,2026-05-08T15:49:57Z,0.7365952358381787,passed,True
experiment_01833,2026-05-08T15:49:57Z,0.7191327091718644,passed,True
experiment_01834,2026-05-08T15:49:57Z,0.7043798426824921,passed,True
experiment_01835,2026-05-08T15:49:57Z,0.6942937680593406,passed,True
experiment_01836,2026-05-08T15:49:57Z,0.6927902377100903,passed,True
experiment_01837,2026-05-08T15:49:58Z,0.6919002675500394,passed,True
experiment_01838,2026-05-08T15:49:58Z,0.6918880949474921,passed,True
experiment_01839,2026-05-08T15:49:58Z,0.6903129364823446,passed,True
experiment_01840,2026-05-08T15:49:58Z,0.6850939279767232,passed,True
experiment_01841,2026-05-08T15:49:58Z,0.6836267206493414,passed,True
experiment_01842,2026-05-08T15:49:58Z,0.682491846584476,passed,True
experiment_01843,2026-05-08T15:49:58Z,0.6752253330037803,passed,True
experiment_01844,2026-05-08T15:49:58Z,0.6738362356468564,passed,True
experiment_01845,2026-05-08T15:49:59Z,0.6716740232877445,passed,True
experiment_01846,2026-05-08T15:49:59Z,0.6681699174454696,passed,True
experiment_01847,2026-05-08T15:49:59Z,0.6594837985942199,passed,True
experiment_01848,2026-05-08T15:49:59Z,0.649157761879323,passed,True
experiment_01849,2026-05-08T15:49:59Z,0.624509668809905,passed,True
experiment_01850,2026-05-08T15:49:59Z,0.6224712650475297,passed,True
experiment_01851,2026-05-08T15:49:59Z,0.6013236213422193,passed,True
experiment_01852,2026-05-08T15:49:59Z,0.5988153840249737,passed,True
experiment_01853,2026-05-08T15:50:00Z,0.596331243565615,passed,True
experiment_01854,2026-05-08T15:50:00Z,0.5867712629719684,passed,True
experiment_01855,2026-05-08T15:50:00Z,0.568563977644942,passed,True
experiment_01856,2026-05-08T15:50:00Z,0.5682557978967164,passed,True
experiment_01857,2026-05-08T15:50:00Z,0.5631728270590681,passed,True
experiment_01858,2026-05-08T15:50:00Z,0.5606778179943692,passed,True
experiment_01859,2026-05-08T15:50:00Z,0.5601444855760942,passed,True
experiment_01860,2026-05-08T15:50:00Z,0.5570517835782649,passed,True
experiment_01861,2026-05-08T15:50:01Z,0.5570283813240806,passed,True
experiment_01862,2026-05-08T15:50:01Z,0.5554019377572601,passed,True
experiment_01863,2026-05-08T15:50:01Z,0.5514146527428618,passed,True
experiment_01864,2026-05-08T15:50:01Z,0.5507129244558655,passed,True
experiment_01865,2026-05-08T15:50:01Z,0.5418230687003387,passed,True
experiment_01866,2026-05-08T15:50:01Z,0.5370172658231063,passed,True
experiment_01867,2026-05-08T15:50:01Z,0.5315780607086626,passed,True
experiment_01868,2026-05-08T15:50:01Z,0.5280868808178099,passed,True
experiment_01869,2026-05-08T15:50:02Z,0.5202775738812999,passed,True
experiment_01870,2026-05-08T15:50:02Z,0.5194921364730654,passed,True
experiment_01871,2026-05-08T15:50:02Z,0.5179485624881952,passed,True
experiment_01872,2026-05-08T15:50:02Z,0.5145358960185842,passed,True
experiment_01873,2026-05-08T15:50:02Z,0.5079775600938827,passed,True
experiment_01874,2026-05-08T15:50:02Z,0.5018796508896042,passed,True
experiment_01875,2026-05-08T15:50:02Z,0.5004532056693787,passed,True
experiment_01876,2026-05-08T15:50:02Z,0.5003231877962513,passed,True
experiment_01877,2026-05-08T15:50:03Z,0.4990806835540358,passed,True
experiment_01878,2026-05-08T15:50:03Z,0.4963717171554691,passed,True
experiment_01879,2026-05-08T15:50:03Z,0.4913854558859363,passed,True
experiment_01880,2026-05-08T15:50:03Z,0.4908468145543523,passed,True
experiment_01881,2026-05-08T15:50:03Z,0.48320642097970357,passed,True
experiment_01882,2026-05-08T15:50:03Z,0.4811735850349699,passed,True
experiment_01883,2026-05-08T15:50:03Z,0.4807614597494094,passed,True
experiment_01884,2026-05-08T15:50:03Z,0.47043263820736314,passed,True
experiment_01885,2026-05-08T15:50:04Z,0.4645656754763188,passed,True
experiment_01886,2026-05-08T15:50:04Z,0.46229062685672595,passed,True
experiment_01887,2026-05-08T15:50:04Z,0.45858982696830175,passed,True
experiment_01888,2026-05-08T15:50:04Z,0.4495018035468288,passed,True
experiment_01889,2026-05-08T15:50:04Z,0.4484509625772297,passed,True
experiment_01890,2026-05-08T15:50:04Z,0.44344843174258486,passed,True
experiment_01891,2026-05-08T15:50:04Z,0.4373445996725511,passed,True
experiment_01892,2026-05-08T15:50:04Z,0.43097446570267195,passed,True
experiment_01893,2026-05-08T15:50:04Z,0.4220462484420615,passed,True
experiment_01894,2026-05-08T15:50:05Z,0.41897951906554454,passed,True
experiment_01895,2026-05-08T15:50:05Z,0.41047932406449306,passed,True
experiment_01896,2026-05-08T15:50:05Z,0.410274741899606,passed,True
experiment_01897,2026-05-08T15:50:05Z,0.40756803713872536,passed,True
experiment_01898,2026-05-08T15:50:05Z,0.4071345575777059,passed,True
experiment_01899,2026-05-08T15:50:05Z,0.4050598753140022,passed,True
experiment_01900,2026-05-08T15:50:05Z,0.39875974297517125,passed,True
experiment_01901,2026-05-08T15:50:05Z,0.39339426538335687,passed,True
experiment_01902,2026-05-08T15:50:06Z,0.3931606495102731,passed,True
experiment_01903,2026-05-08T15:50:06Z,0.3815068584125836,passed,True
experiment_01904,2026-05-08T15:50:06Z,0.38070617735676393,passed,True
experiment_01905,2026-05-08T15:50:06Z,0.37973539922749566,passed,True
experiment_01906,2026-05-08T15:50:06Z,0.37374496916225475,passed,True
experiment_01907,2026-05-08T15:50:06Z,0.3614908653217732,passed,True
experiment_01908,2026-05-08T15:50:06Z,0.3577603161322891,passed,True
experiment_01909,2026-05-08T15:50:06Z,0.3523981269467775,passed,True
experiment_01910,2026-05-08T15:50:07Z,0.3498355720234496,passed,True
experiment_01911,2026-05-08T15:50:07Z,0.34501705333896737,passed,True
experiment_01912,2026-05-08T15:50:07Z,0.34336561256995246,passed,True
experiment_01913,2026-05-08T15:50:07Z,0.34055506429645277,passed,True
experiment_01914,2026-05-08T15:50:07Z,0.3281623875023705,passed,True
experiment_01915,2026-05-08T15:50:07Z,0.32529847840472037,passed,True
experiment_01916,2026-05-08T15:50:07Z,0.32461031311198596,passed,True
experiment_01917,2026-05-08T15:50:07Z,0.3219119144626088,passed,True
experiment_01918,2026-05-08T15:50:07Z,0.31649189026486724,passed,True
experiment_01919,2026-05-08T15:50:08Z,0.30548717961439564,passed,True
experiment_01920,2026-05-08T15:50:08Z,0.3021862612967521,passed,True
experiment_01921,2026-05-08T15:50:08Z,0.2997929471216896,passed,True
experiment_01922,2026-05-08T15:50:08Z,0.29245521692000587,passed,True
experiment_01923,2026-05-08T15:50:08Z,0.28779265280588007,passed,True
experiment_01924,2026-05-08T15:50:08Z,0.27345926879247884,passed,True
experiment_01925,2026-05-08T15:50:08Z,0.273200640983692,passed,True
experiment_01926,2026-05-08T15:50:09Z,0.26434975149399875,passed,True
experiment_01927,2026-05-08T15:50:09Z,0.26026564669936647,passed,True
experiment_01928,2026-05-08T15:50:09Z,0.2591270498729443,passed,True
experiment_01929,2026-05-08T15:50:09Z,0.2528765644736666,passed,True
experiment_01930,2026-05-08T15:50:10Z,0.24791465773345145,passed,True
experiment_01931,2026-05-08T15:50:10Z,0.23344441088511125,passed,True
experiment_01932,2026-05-08T15:50:10Z,0.2153247357090713,passed,True
experiment_01933,2026-05-08T15:50:10Z,0.2068310911932727,passed,True
experiment_01934,2026-05-08T15:50:11Z,0.20330807494249115,passed,True
experiment_01935,2026-05-08T15:50:11Z,0.1899273981349605,passed,True
experiment_01936,2026-05-08T15:50:11Z,0.18066643995133091,passed,True
experiment_01937,2026-05-08T15:50:11Z,0.17785758176512623,passed,True
experiment_01938,2026-05-08T15:50:11Z,0.175687653933565,passed,True
experiment_01939,2026-05-08T15:50:11Z,0.17162125848533982,passed,True
experiment_01940,2026-05-08T15:50:11Z,0.16247144278970183,passed,True
experiment_01941,2026-05-08T15:50:11Z,0.15877464500680638,passed,True
experiment_01942,2026-05-08T15:50:12Z,0.15227951728971156,passed,True
experiment_01943,2026-05-08T15:50:12Z,0.15136039453597228,passed,True
experiment_01944,2026-05-08T16:06:37Z,2.1538548028178894,passed,True
experiment_01945,2026-05-08T16:06:37Z,1.8284841545194261,passed,True
experiment_01946,2026-05-08T16:06:38Z,0.9568866021309521,passed,True
experiment_01947,2026-05-08T16:06:38Z,0.7837125327182193,passed,True
experiment_01948,2026-05-08T16:06:38Z,0.7561163403877789,passed,True
experiment_01949,2026-05-08T16:06:38Z,0.7365952358381787,passed,True
experiment_01950,2026-05-08T16:06:38Z,0.7191327091718644,passed,True
experiment_01951,2026-05-08T16:06:38Z,0.7043798426824921,passed,True
experiment_01952,2026-05-08T16:06:38Z,0.6942937680593406,passed,True
experiment_01953,2026-05-08T16:06:39Z,0.6927902377100903,passed,True
experiment_01954,2026-05-08T16:06:39Z,0.6919002675500394,passed,True
experiment_01955,2026-05-08T16:06:39Z,0.6918880949474921,passed,True
experiment_01956,2026-05-08T16:06:39Z,0.6903129364823446,passed,True
experiment_01957,2026-05-08T16:06:39Z,0.6850939279767232,passed,True
experiment_01958,2026-05-08T16:06:39Z,0.6836267206493414,passed,True
experiment_01959,2026-05-08T16:06:39Z,0.682491846584476,passed,True
experiment_01960,2026-05-08T16:06:39Z,0.6752253330037803,passed,True
experiment_01961,2026-05-08T16:06:40Z,0.6716740232877445,passed,True
experiment_01962,2026-05-08T16:06:40Z,0.6681699174454696,passed,True
experiment_01963,2026-05-08T16:06:40Z,0.6594837985942199,passed,True
experiment_01964,2026-05-08T16:06:40Z,0.6224712650475297,passed,True
experiment_01965,2026-05-08T16:06:40Z,0.6013236213422193,passed,True
experiment_01966,2026-05-08T16:06:40Z,0.596331243565615,passed,True
experiment_01967,2026-05-08T16:06:40Z,0.5867712629719684,passed,True
experiment_01968,2026-05-08T16:06:40Z,0.568563977644942,passed,True
experiment_01969,2026-05-08T16:06:41Z,0.5682557978967164,passed,True
experiment_01970,2026-05-08T16:06:41Z,0.5606778179943692,passed,True
experiment_01971,2026-05-08T16:06:41Z,0.5601444855760942,passed,True
experiment_01972,2026-05-08T16:06:41Z,0.5570517835782649,passed,True
experiment_01973,2026-05-08T16:06:41Z,0.5570283813240806,passed,True
experiment_01974,2026-05-08T16:06:41Z,0.5554019377572601,passed,True
experiment_01975,2026-05-08T16:06:41Z,0.5514146527428618,passed,True
experiment_01976,2026-05-08T16:06:41Z,0.5507129244558655,passed,True
experiment_01977,2026-05-08T16:06:42Z,0.5418230687003387,passed,True
experiment_01978,2026-05-08T16:06:42Z,0.5370172658231063,passed,True
experiment_01979,2026-05-08T16:06:42Z,0.5315780607086626,passed,True
experiment_01980,2026-05-08T16:06:42Z,0.5280868808178099,passed,True
experiment_01981,2026-05-08T16:06:42Z,0.5202775738812999,passed,True
experiment_01982,2026-05-08T16:06:42Z,0.5194921364730654,passed,True
experiment_01983,2026-05-08T16:06:42Z,0.5179485624881952,passed,True
experiment_01984,2026-05-08T16:06:43Z,0.5145358960185842,passed,True
experiment_01985,2026-05-08T16:06:43Z,0.5079775600938827,passed,True
experiment_01986,2026-05-08T16:06:43Z,0.5018796508896042,passed,True
experiment_01987,2026-05-08T16:06:43Z,0.5004532056693787,passed,True
experiment_01988,2026-05-08T16:06:43Z,0.5003231877962513,passed,True
experiment_01989,2026-05-08T16:06:43Z,0.4990806835540358,passed,True
experiment_01990,2026-05-08T16:06:43Z,0.4963717171554691,passed,True
experiment_01991,2026-05-08T16:06:44Z,0.4913854558859363,passed,True
experiment_01992,2026-05-08T16:06:44Z,0.4908468145543523,passed,True
experiment_01993,2026-05-08T16:06:44Z,0.4811735850349699,passed,True
experiment_01994,2026-05-08T16:06:44Z,0.4807614597494094,passed,True
experiment_01995,2026-05-08T16:06:44Z,0.47043263820736314,passed,True
experiment_01996,2026-05-08T16:06:44Z,0.4645656754763188,passed,True
experiment_01997,2026-05-08T16:06:44Z,0.46229062685672595,passed,True
experiment_01998,2026-05-08T16:06:44Z,0.45858982696830175,passed,True
experiment_01999,2026-05-08T16:06:45Z,0.4484509625772297,passed,True
experiment_02000,2026-05-08T16:06:45Z,0.44344843174258486,passed,True
experiment_02001,2026-05-08T16:06:45Z,0.43097446570267195,passed,True
experiment_02002,2026-05-08T16:06:45Z,0.4220462484420615,passed,True
experiment_02003,2026-05-08T16:06:45Z,0.41897951906554454,passed,True
experiment_02004,2026-05-08T16:06:45Z,0.41047932406449306,passed,True
experiment_02005,2026-05-08T16:06:45Z,0.410274741899606,passed,True
experiment_02006,2026-05-08T16:06:46Z,0.4071345575777059,passed,True
experiment_02007,2026-05-08T16:06:46Z,0.4050598753140022,passed,True
experiment_02008,2026-05-08T16:06:46Z,0.39875974297517125,passed,True
experiment_02009,2026-05-08T16:06:46Z,0.39339426538335687,passed,True
experiment_02010,2026-05-08T16:06:46Z,0.3931606495102731,passed,True
experiment_02011,2026-05-08T16:06:46Z,0.3815068584125836,passed,True
experiment_02012,2026-05-08T16:06:46Z,0.38070617735676393,passed,True
experiment_02013,2026-05-08T16:06:47Z,0.37973539922749566,passed,True
experiment_02014,2026-05-08T16:06:47Z,0.37374496916225475,passed,True
experiment_02015,2026-05-08T16:06:47Z,0.3614908653217732,passed,True
experiment_02016,2026-05-08T16:06:47Z,0.3577603161322891,passed,True
experiment_02017,2026-05-08T16:06:47Z,0.3523981269467775,passed,True
experiment_02018,2026-05-08T16:06:47Z,0.3498355720234496,passed,True
experiment_02019,2026-05-08T16:06:48Z,0.34501705333896737,passed,True
experiment_02020,2026-05-08T16:06:48Z,0.34336561256995246,passed,True
experiment_02021,2026-05-08T16:06:48Z,0.34055506429645277,passed,True
experiment_02022,2026-05-08T16:06:48Z,0.3281623875023705,passed,True
experiment_02023,2026-05-08T16:06:48Z,0.32529847840472037,passed,True
experiment_02024,2026-05-08T16:07:00Z,2.1538548028178894,passed,True
experiment_02025,2026-05-08T16:07:00Z,1.8284841545194261,passed,True
experiment_02026,2026-05-08T16:07:00Z,0.9568866021309521,passed,True
experiment_02027,2026-05-08T16:07:00Z,0.9298936974384944,passed,True
experiment_02028,2026-05-08T16:07:01Z,0.8586988833836635,passed,True
experiment_02029,2026-05-08T16:07:01Z,0.7837125327182193,passed,True
experiment_02030,2026-05-08T16:07:01Z,0.7561163403877789,passed,True
experiment_02031,2026-05-08T16:07:01Z,0.7365952358381787,passed,True
experiment_02032,2026-05-08T16:07:01Z,0.7043798426824921,passed,True
experiment_02033,2026-05-08T16:07:01Z,0.6942937680593406,passed,True
experiment_02034,2026-05-08T16:07:01Z,0.6927902377100903,passed,True
experiment_02035,2026-05-08T16:07:01Z,0.6919002675500394,passed,True
experiment_02036,2026-05-08T16:07:02Z,0.6918880949474921,passed,True
experiment_02037,2026-05-08T16:07:02Z,0.6903129364823446,passed,True
experiment_02038,2026-05-08T16:07:02Z,0.6836267206493414,passed,True
experiment_02039,2026-05-08T16:07:02Z,0.682491846584476,passed,True
experiment_02040,2026-05-08T16:07:02Z,0.6752253330037803,passed,True
experiment_02041,2026-05-08T16:07:02Z,0.6738362356468564,passed,True
experiment_02042,2026-05-08T16:07:02Z,0.6716740232877445,passed,True
experiment_02043,2026-05-08T16:07:02Z,0.6594837985942199,passed,True
experiment_02044,2026-05-08T16:08:37Z,3.9823389573373156,passed,False
experiment_02045,2026-05-08T16:08:38Z,4.939225559468268,passed,False
experiment_02046,2026-05-08T16:11:39Z,1.8284841545194261,passed,True
experiment_02047,2026-05-08T16:11:39Z,0.9568866021309521,passed,True
experiment_02048,2026-05-08T16:11:39Z,0.9298936974384944,passed,True
experiment_02049,2026-05-08T16:11:39Z,0.8586988833836635,passed,True
experiment_02050,2026-05-08T16:11:39Z,0.7837125327182193,passed,True
experiment_02051,2026-05-08T16:11:39Z,0.7561163403877789,passed,True
experiment_02052,2026-05-08T16:11:39Z,0.7365952358381787,passed,True
experiment_02053,2026-05-08T16:11:40Z,0.7191327091718644,passed,True
experiment_02054,2026-05-08T16:11:40Z,0.7043798426824921,passed,True
experiment_02055,2026-05-08T16:11:40Z,0.6942937680593406,passed,True
experiment_02056,2026-05-08T16:11:40Z,0.6927902377100903,passed,True
experiment_02057,2026-05-08T16:11:40Z,0.6919002675500394,passed,True
experiment_02058,2026-05-08T16:11:40Z,0.6918880949474921,passed,True
experiment_02059,2026-05-08T16:11:40Z,0.6903129364823446,passed,True
experiment_02060,2026-05-08T16:11:40Z,0.6850939279767232,passed,True
experiment_02061,2026-05-08T16:11:40Z,0.6836267206493414,passed,True
experiment_02062,2026-05-08T16:11:41Z,0.682491846584476,passed,True
experiment_02063,2026-05-08T16:11:41Z,0.6752253330037803,passed,True
experiment_02064,2026-05-08T16:11:41Z,0.6738362356468564,passed,True
experiment_02065,2026-05-08T16:11:41Z,0.6716740232877445,passed,True
experiment_02066,2026-05-08T16:11:41Z,0.6681699174454696,passed,True
experiment_02067,2026-05-08T16:11:41Z,0.6594837985942199,passed,True
experiment_02068,2026-05-08T16:11:41Z,0.649157761879323,passed,True
experiment_02069,2026-05-08T16:11:41Z,0.624509668809905,passed,True
experiment_02070,2026-05-08T16:11:42Z,0.6224712650475297,passed,True
experiment_02071,2026-05-08T16:11:42Z,0.6013236213422193,passed,True
experiment_02072,2026-05-08T16:11:42Z,0.5988153840249737,passed,True
experiment_02073,2026-05-08T16:11:42Z,0.596331243565615,passed,True
experiment_02074,2026-05-08T16:11:42Z,0.5867712629719684,passed,True
experiment_02075,2026-05-08T16:11:42Z,0.568563977644942,passed,True
experiment_02076,2026-05-08T16:11:42Z,0.5682557978967164,passed,True
experiment_02077,2026-05-08T16:11:42Z,0.5631728270590681,passed,True
experiment_02078,2026-05-08T16:11:42Z,0.5606778179943692,passed,True
experiment_02079,2026-05-08T16:11:43Z,0.5601444855760942,passed,True
experiment_02080,2026-05-08T16:11:43Z,0.5570517835782649,passed,True
experiment_02081,2026-05-08T16:11:43Z,0.5570283813240806,passed,True
experiment_02082,2026-05-08T16:11:43Z,0.5554019377572601,passed,True
experiment_02083,2026-05-08T16:11:43Z,0.5514146527428618,passed,True
experiment_02084,2026-05-08T16:11:43Z,0.5507129244558655,passed,True
experiment_02085,2026-05-08T16:11:43Z,0.5418230687003387,passed,True
experiment_02086,2026-05-08T16:11:43Z,0.5370172658231063,passed,True
experiment_02087,2026-05-08T16:11:44Z,0.5315780607086626,passed,True
experiment_02088,2026-05-08T16:11:44Z,0.5280868808178099,passed,True
experiment_02089,2026-05-08T16:11:44Z,0.5202775738812999,passed,True
experiment_02090,2026-05-08T16:11:44Z,0.5194921364730654,passed,True
experiment_02091,2026-05-08T16:11:44Z,0.5179485624881952,passed,True
experiment_02092,2026-05-08T16:11:44Z,0.5145358960185842,passed,True
experiment_02093,2026-05-08T16:11:44Z,0.5079775600938827,passed,True
experiment_02094,2026-05-08T16:11:44Z,0.5018796508896042,passed,True
experiment_02095,2026-05-08T16:11:44Z,0.5004532056693787,passed,True
experiment_02096,2026-05-08T16:11:45Z,0.5003231877962513,passed,True
experiment_02097,2026-05-08T16:11:45Z,0.4990806835540358,passed,True
experiment_02098,2026-05-08T16:11:45Z,0.4963717171554691,passed,True
experiment_02099,2026-05-08T16:11:45Z,0.4913854558859363,passed,True
experiment_02100,2026-05-08T16:11:45Z,0.4908468145543523,passed,True
experiment_02101,2026-05-08T16:11:45Z,0.48320642097970357,passed,True
experiment_02102,2026-05-08T16:11:45Z,0.4811735850349699,passed,True
experiment_02103,2026-05-08T16:11:45Z,0.4807614597494094,passed,True
experiment_02104,2026-05-08T16:11:46Z,0.47043263820736314,passed,True
experiment_02105,2026-05-08T16:11:46Z,0.4645656754763188,passed,True
experiment_02106,2026-05-08T16:11:46Z,0.46229062685672595,passed,True
experiment_02107,2026-05-08T16:11:46Z,0.45858982696830175,passed,True
experiment_02108,2026-05-08T16:11:46Z,0.4495018035468288,passed,True
experiment_02109,2026-05-08T16:11:46Z,0.4484509625772297,passed,True
experiment_02110,2026-05-08T16:11:46Z,0.44344843174258486,passed,True
experiment_02111,2026-05-08T16:11:46Z,0.4373445996725511,passed,True
experiment_02112,2026-05-08T16:11:46Z,0.43097446570267195,passed,True
experiment_02113,2026-05-08T16:11:47Z,0.4220462484420615,passed,True
experiment_02114,2026-05-08T16:11:47Z,0.41897951906554454,passed,True
experiment_02115,2026-05-08T16:11:47Z,0.41047932406449306,passed,True
experiment_02116,2026-05-08T16:11:47Z,0.410274741899606,passed,True
experiment_02117,2026-05-08T16:11:47Z,0.40756803713872536,passed,True
experiment_02118,2026-05-08T16:11:47Z,0.4071345575777059,passed,True
experiment_02119,2026-05-08T16:11:47Z,0.4050598753140022,passed,True
experiment_02120,2026-05-08T16:11:47Z,0.39875974297517125,passed,True
experiment_02121,2026-05-08T16:11:47Z,0.39339426538335687,passed,True
experiment_02122,2026-05-08T16:11:48Z,0.3931606495102731,passed,True
experiment_02123,2026-05-08T16:11:48Z,0.3815068584125836,passed,True
experiment_02124,2026-05-08T16:11:48Z,0.38070617735676393,passed,True
experiment_02125,2026-05-08T16:11:48Z,0.37973539922749566,passed,True
experiment_02126,2026-05-08T16:17:26Z,0.9568866021309521,passed,True
experiment_02127,2026-05-08T16:17:26Z,0.9298936974384944,passed,True
experiment_02128,2026-05-08T16:17:26Z,0.8586988833836635,passed,True
experiment_02129,2026-05-08T16:17:26Z,0.7837125327182193,passed,True
experiment_02130,2026-05-08T16:17:26Z,0.7561163403877789,passed,True
experiment_02131,2026-05-08T16:17:26Z,0.7365952358381787,passed,True
experiment_02132,2026-05-08T16:17:26Z,0.7191327091718644,passed,True
experiment_02133,2026-05-08T16:17:27Z,0.7043798426824921,passed,True
experiment_02134,2026-05-08T16:17:27Z,0.6942937680593406,passed,True
experiment_02135,2026-05-08T16:17:27Z,0.6927902377100903,passed,True
experiment_02136,2026-05-08T16:17:27Z,0.6919002675500394,passed,True
experiment_02137,2026-05-08T16:17:27Z,0.6918880949474921,passed,True
experiment_02138,2026-05-08T16:17:27Z,0.6903129364823446,passed,True
experiment_02139,2026-05-08T16:17:27Z,0.6850939279767232,passed,True
experiment_02140,2026-05-08T16:17:27Z,0.6836267206493414,passed,True
experiment_02141,2026-05-08T16:17:28Z,0.682491846584476,passed,True
experiment_02142,2026-05-08T16:17:28Z,0.6752253330037803,passed,True
experiment_02143,2026-05-08T16:17:28Z,0.6738362356468564,passed,True
experiment_02144,2026-05-08T16:17:28Z,0.6716740232877445,passed,True
experiment_02145,2026-05-08T16:17:28Z,0.6681699174454696,passed,True
experiment_02146,2026-05-08T16:17:28Z,0.6594837985942199,passed,True
experiment_02147,2026-05-08T16:17:28Z,0.649157761879323,passed,True
experiment_02148,2026-05-08T16:17:28Z,0.624509668809905,passed,True
experiment_02149,2026-05-08T16:17:29Z,0.6224712650475297,passed,True
experiment_02150,2026-05-08T16:17:29Z,0.6013236213422193,passed,True
experiment_02151,2026-05-08T16:17:29Z,0.5988153840249737,passed,True
experiment_02152,2026-05-08T16:17:29Z,0.596331243565615,passed,True
experiment_02153,2026-05-08T16:17:29Z,0.5867712629719684,passed,True
experiment_02154,2026-05-08T16:17:29Z,0.568563977644942,passed,True
experiment_02155,2026-05-08T16:17:29Z,0.5682557978967164,passed,True
experiment_02156,2026-05-08T16:17:29Z,0.5631728270590681,passed,True
experiment_02157,2026-05-08T16:17:30Z,0.5606778179943692,passed,True
experiment_02158,2026-05-08T16:17:30Z,0.5601444855760942,passed,True
experiment_02159,2026-05-08T16:17:30Z,0.5570517835782649,passed,True
experiment_02160,2026-05-08T16:17:30Z,0.5570283813240806,passed,True
experiment_02161,2026-05-08T16:17:30Z,0.5554019377572601,passed,True
experiment_02162,2026-05-08T16:17:30Z,0.5514146527428618,passed,True
experiment_02163,2026-05-08T16:17:30Z,0.5507129244558655,passed,True
experiment_02164,2026-05-08T16:17:30Z,0.5418230687003387,passed,True
experiment_02165,2026-05-08T16:17:31Z,0.5370172658231063,passed,True
experiment_02166,2026-05-08T16:17:31Z,0.5315780607086626,passed,True
experiment_02167,2026-05-08T16:17:31Z,0.5280868808178099,passed,True
experiment_02168,2026-05-08T16:17:31Z,0.5202775738812999,passed,True
experiment_02169,2026-05-08T16:17:31Z,0.5194921364730654,passed,True
experiment_02170,2026-05-08T16:17:31Z,0.5179485624881952,passed,True
experiment_02171,2026-05-08T16:17:31Z,0.5145358960185842,passed,True
experiment_02172,2026-05-08T16:17:31Z,0.5079775600938827,passed,True
experiment_02173,2026-05-08T16:17:32Z,0.5018796508896042,passed,True
experiment_02174,2026-05-08T16:17:32Z,0.5003231877962513,passed,True
experiment_02175,2026-05-08T16:17:32Z,0.4990806835540358,passed,True
experiment_02176,2026-05-08T16:17:32Z,0.4963717171554691,passed,True
experiment_02177,2026-05-08T16:17:32Z,0.4913854558859363,passed,True
experiment_02178,2026-05-08T16:17:32Z,0.4908468145543523,passed,True
experiment_02179,2026-05-08T16:17:32Z,0.48320642097970357,passed,True
experiment_02180,2026-05-08T16:17:32Z,0.4811735850349699,passed,True
experiment_02181,2026-05-08T16:17:33Z,0.4807614597494094,passed,True
experiment_02182,2026-05-08T16:17:33Z,0.47043263820736314,passed,True
experiment_02183,2026-05-08T16:17:33Z,0.4645656754763188,passed,True
experiment_02184,2026-05-08T16:17:33Z,0.46229062685672595,passed,True
experiment_02185,2026-05-08T16:17:33Z,0.45858982696830175,passed,True
experiment_02186,2026-05-08T16:17:33Z,0.4495018035468288,passed,True
experiment_02187,2026-05-08T16:17:33Z,0.4484509625772297,passed,True
experiment_02188,2026-05-08T16:17:33Z,0.44344843174258486,passed,True
experiment_02189,2026-05-08T16:17:34Z,0.4373445996725511,passed,True
experiment_02190,2026-05-08T16:17:34Z,0.43097446570267195,passed,True
experiment_02191,2026-05-08T16:17:34Z,0.4220462484420615,passed,True
experiment_02192,2026-05-08T16:17:34Z,0.41897951906554454,passed,True
experiment_02193,2026-05-08T16:17:34Z,0.41047932406449306,passed,True
experiment_02194,2026-05-08T16:17:34Z,0.410274741899606,passed,True
experiment_02195,2026-05-08T16:17:34Z,0.40756803713872536,passed,True
experiment_02196,2026-05-08T16:17:34Z,0.4071345575777059,passed,True
experiment_02197,2026-05-08T16:17:35Z,0.4050598753140022,passed,True
experiment_02198,2026-05-08T16:17:35Z,0.39875974297517125,passed,True
experiment_02199,2026-05-08T16:17:35Z,0.39339426538335687,passed,True
experiment_02200,2026-05-08T16:17:35Z,0.3931606495102731,passed,True
experiment_02201,2026-05-08T16:17:35Z,0.3815068584125836,passed,True
experiment_02202,2026-05-08T16:17:35Z,0.38070617735676393,passed,True
experiment_02203,2026-05-08T16:17:35Z,0.37973539922749566,passed,True
experiment_02204,2026-05-08T16:17:36Z,0.37374496916225475,passed,True
experiment_02205,2026-05-08T16:17:36Z,0.3614908653217732,passed,True
experiment_02206,2026-05-08T16:24:01Z,2.599298018232835,pending,
experiment_02207,2026-05-08T16:29:11Z,2.4967154752369503,pending,
experiment_02208,2026-05-08T16:34:19Z,2.4230909814336474,pending,
experiment_02209,2026-05-08T16:43:32Z,,failed,False
experiment_02210,2026-05-08T16:44:53Z,2.9498205432699915,pending,
experiment_02211,2026-05-08T16:55:42Z,0.9568866021309521,passed,True
experiment_02212,2026-05-08T16:55:42Z,0.9298936974384944,passed,True
experiment_02213,2026-05-08T16:55:43Z,0.8586988833836635,passed,True
experiment_02214,2026-05-08T16:55:43Z,0.7837125327182193,passed,True
experiment_02215,2026-05-08T16:55:43Z,0.7561163403877789,passed,True
experiment_02216,2026-05-08T16:55:43Z,0.7365952358381787,passed,True
experiment_02217,2026-05-08T16:55:43Z,0.7191327091718644,passed,True
experiment_02218,2026-05-08T16:55:43Z,0.7043798426824921,passed,True
experiment_02219,2026-05-08T16:55:43Z,0.6942937680593406,passed,True
experiment_02220,2026-05-08T16:55:44Z,0.6927902377100903,passed,True
experiment_02221,2026-05-08T16:55:44Z,0.6919002675500394,passed,True
experiment_02222,2026-05-08T16:55:44Z,0.6918880949474921,passed,True
experiment_02223,2026-05-08T16:55:44Z,0.6903129364823446,passed,True
experiment_02224,2026-05-08T16:55:44Z,0.6850939279767232,passed,True
experiment_02225,2026-05-08T16:55:44Z,0.6836267206493414,passed,True
experiment_02226,2026-05-08T16:55:44Z,0.682491846584476,passed,True
experiment_02227,2026-05-08T16:55:45Z,0.6752253330037803,passed,True
experiment_02228,2026-05-08T16:55:45Z,0.6738362356468564,passed,True
experiment_02229,2026-05-08T16:55:45Z,0.6716740232877445,passed,True
experiment_02230,2026-05-08T16:55:45Z,0.6594837985942199,passed,True
experiment_02231,2026-05-08T16:55:45Z,0.649157761879323,passed,True
experiment_02232,2026-05-08T16:55:45Z,0.624509668809905,passed,True
experiment_02233,2026-05-08T16:55:45Z,0.6013236213422193,passed,True
experiment_02234,2026-05-08T16:55:46Z,0.5988153840249737,passed,True
experiment_02235,2026-05-08T16:55:46Z,0.596331243565615,passed,True
experiment_02236,2026-05-08T16:55:46Z,0.5867712629719684,passed,True
experiment_02237,2026-05-08T16:55:46Z,0.568563977644942,passed,True
experiment_02238,2026-05-08T16:55:46Z,0.5682557978967164,passed,True
experiment_02239,2026-05-08T16:55:46Z,0.5631728270590681,passed,True
experiment_02240,2026-05-08T16:55:46Z,0.5606778179943692,passed,True
experiment_02241,2026-05-08T16:55:47Z,0.5601444855760942,passed,True
experiment_02242,2026-05-08T16:55:47Z,0.5570283813240806,passed,True
experiment_02243,2026-05-08T16:55:47Z,0.5554019377572601,passed,True
experiment_02244,2026-05-08T16:55:47Z,0.5418230687003387,passed,True
experiment_02245,2026-05-08T16:55:47Z,0.5370172658231063,passed,True
experiment_02246,2026-05-08T16:55:47Z,0.5315780607086626,passed,True
experiment_02247,2026-05-08T16:55:47Z,0.5280868808178099,passed,True
experiment_02248,2026-05-08T16:55:47Z,0.5202775738812999,passed,True
experiment_02249,2026-05-08T16:55:48Z,0.5194921364730654,passed,True
experiment_02250,2026-05-08T16:55:48Z,0.5179485624881952,passed,True
experiment_02251,2026-05-08T16:55:48Z,0.5145358960185842,passed,True
experiment_02252,2026-05-08T16:55:48Z,0.5079775600938827,passed,True
experiment_02253,2026-05-08T16:55:48Z,0.5018796508896042,passed,True
experiment_02254,2026-05-08T16:55:48Z,0.5003231877962513,passed,True
experiment_02255,2026-05-08T16:55:48Z,0.4990806835540358,passed,True
experiment_02256,2026-05-08T16:55:49Z,0.4963717171554691,passed,True
experiment_02257,2026-05-08T16:55:49Z,0.4913854558859363,passed,True
experiment_02258,2026-05-08T16:55:49Z,0.4908468145543523,passed,True
experiment_02259,2026-05-08T16:55:49Z,0.48320642097970357,passed,True
experiment_02260,2026-05-08T16:55:49Z,0.4811735850349699,passed,True
experiment_02261,2026-05-08T16:55:49Z,0.4807614597494094,passed,True
experiment_02262,2026-05-08T16:55:49Z,0.47043263820736314,passed,True
experiment_02263,2026-05-08T16:55:50Z,0.4645656754763188,passed,True
experiment_02264,2026-05-08T16:55:50Z,0.46229062685672595,passed,True
experiment_02265,2026-05-08T16:55:50Z,0.45858982696830175,passed,True
experiment_02266,2026-05-08T16:55:50Z,0.4495018035468288,passed,True
experiment_02267,2026-05-08T16:55:50Z,0.4484509625772297,passed,True
experiment_02268,2026-05-08T16:55:50Z,0.44344843174258486,passed,True
experiment_02269,2026-05-08T16:55:50Z,0.4373445996725511,passed,True
experiment_02270,2026-05-08T16:55:51Z,0.43097446570267195,passed,True
experiment_02271,2026-05-08T16:55:51Z,0.4220462484420615,passed,True
experiment_02272,2026-05-08T16:55:51Z,0.41897951906554454,passed,True
experiment_02273,2026-05-08T16:55:51Z,0.41047932406449306,passed,True
experiment_02274,2026-05-08T16:55:51Z,0.410274741899606,passed,True
experiment_02275,2026-05-08T16:55:51Z,0.40756803713872536,passed,True
experiment_02276,2026-05-08T16:55:51Z,0.4071345575777059,passed,True
experiment_02277,2026-05-08T16:55:52Z,0.4050598753140022,passed,True
experiment_02278,2026-05-08T16:55:52Z,0.39875974297517125,passed,True
experiment_02279,2026-05-08T16:55:52Z,0.39339426538335687,passed,True
experiment_02280,2026-05-08T16:55:52Z,0.3931606495102731,passed,True
experiment_02281,2026-05-08T16:55:52Z,0.3815068584125836,passed,True
experiment_02282,2026-05-08T16:55:52Z,0.38070617735676393,passed,True
experiment_02283,2026-05-08T16:55:52Z,0.37973539922749566,passed,True
experiment_02284,2026-05-08T16:55:53Z,0.37374496916225475,passed,True
experiment_02285,2026-05-08T16:55:53Z,0.3614908653217732,passed,True
experiment_02286,2026-05-08T16:55:53Z,0.3577603161322891,passed,True
experiment_02287,2026-05-08T16:55:53Z,0.3523981269467775,passed,True
experiment_02288,2026-05-08T16:55:53Z,0.3498355720234496,passed,True
experiment_02289,2026-05-08T16:55:53Z,0.34501705333896737,passed,True
experiment_02290,2026-05-08T16:55:53Z,0.34336561256995246,passed,True
experiment_02291,2026-05-08T17:01:12Z,2.4811160517374127,pending,
experiment_02292,2026-05-08T17:10:15Z,0.9568866021309521,passed,True
experiment_02293,2026-05-08T17:10:15Z,0.9298936974384944,passed,True
experiment_02294,2026-05-08T17:10:15Z,0.8586988833836635,passed,True
experiment_02295,2026-05-08T17:10:15Z,0.7837125327182193,passed,True
experiment_02296,2026-05-08T17:10:15Z,0.7561163403877789,passed,True
experiment_02297,2026-05-08T17:10:15Z,0.7365952358381787,passed,True
experiment_02298,2026-05-08T17:10:15Z,0.7191327091718644,passed,True
experiment_02299,2026-05-08T17:10:15Z,0.7043798426824921,passed,True
experiment_02300,2026-05-08T17:10:16Z,0.6942937680593406,passed,True
experiment_02301,2026-05-08T17:10:16Z,0.6927902377100903,passed,True
experiment_02302,2026-05-08T17:10:16Z,0.6919002675500394,passed,True
experiment_02303,2026-05-08T17:10:16Z,0.6918880949474921,passed,True
experiment_02304,2026-05-08T17:10:16Z,0.6903129364823446,passed,True
experiment_02305,2026-05-08T17:10:16Z,0.6850939279767232,passed,True
experiment_02306,2026-05-08T17:10:16Z,0.6836267206493414,passed,True
experiment_02307,2026-05-08T17:10:17Z,0.682491846584476,passed,True
experiment_02308,2026-05-08T17:10:17Z,0.6752253330037803,passed,True
experiment_02309,2026-05-08T17:10:17Z,0.6738362356468564,passed,True
experiment_02310,2026-05-08T17:10:17Z,0.6716740232877445,passed,True
experiment_02311,2026-05-08T17:10:17Z,0.6594837985942199,passed,True
experiment_02312,2026-05-08T17:10:17Z,0.649157761879323,passed,True
experiment_02313,2026-05-08T17:10:17Z,0.624509668809905,passed,True
experiment_02314,2026-05-08T17:10:18Z,0.6013236213422193,passed,True
experiment_02315,2026-05-08T17:10:18Z,0.5988153840249737,passed,True
experiment_02316,2026-05-08T17:10:18Z,0.596331243565615,passed,True
experiment_02317,2026-05-08T17:10:18Z,0.5867712629719684,passed,True
experiment_02318,2026-05-08T17:10:18Z,0.568563977644942,passed,True
experiment_02319,2026-05-08T17:10:18Z,0.5682557978967164,passed,True
experiment_02320,2026-05-08T17:10:18Z,0.5631728270590681,passed,True
experiment_02321,2026-05-08T17:10:19Z,0.5606778179943692,passed,True
experiment_02322,2026-05-08T17:10:19Z,0.5601444855760942,passed,True
experiment_02323,2026-05-08T17:10:19Z,0.5570283813240806,passed,True
experiment_02324,2026-05-08T17:10:19Z,0.5554019377572601,passed,True
experiment_02325,2026-05-08T17:10:19Z,0.5418230687003387,passed,True
experiment_02326,2026-05-08T17:10:19Z,0.5370172658231063,passed,True
experiment_02327,2026-05-08T17:10:19Z,0.5315780607086626,passed,True
experiment_02328,2026-05-08T17:10:19Z,0.5202775738812999,passed,True
experiment_02329,2026-05-08T17:10:20Z,0.5179485624881952,passed,True
experiment_02330,2026-05-08T17:10:20Z,0.5145358960185842,passed,True
experiment_02331,2026-05-08T17:10:20Z,0.5079775600938827,passed,True
experiment_02332,2026-05-08T17:10:20Z,0.5003231877962513,passed,True
experiment_02333,2026-05-08T17:10:20Z,0.4990806835540358,passed,True
experiment_02334,2026-05-08T17:10:20Z,0.4963717171554691,passed,True
experiment_02335,2026-05-08T17:10:21Z,0.4913854558859363,passed,True
experiment_02336,2026-05-08T17:10:21Z,0.4908468145543523,passed,True
experiment_02337,2026-05-08T17:10:21Z,0.4811735850349699,passed,True
experiment_02338,2026-05-08T17:10:21Z,0.4807614597494094,passed,True
experiment_02339,2026-05-08T17:10:21Z,0.47043263820736314,passed,True
experiment_02340,2026-05-08T17:10:21Z,0.4645656754763188,passed,True
experiment_02341,2026-05-08T17:10:21Z,0.46229062685672595,passed,True
experiment_02342,2026-05-08T17:10:22Z,0.45858982696830175,passed,True
experiment_02343,2026-05-08T17:10:22Z,0.4495018035468288,passed,True
experiment_02344,2026-05-08T17:10:22Z,0.44344843174258486,passed,True
experiment_02345,2026-05-08T17:10:22Z,0.4373445996725511,passed,True
experiment_02346,2026-05-08T17:10:22Z,0.43097446570267195,passed,True
experiment_02347,2026-05-08T17:10:22Z,0.4220462484420615,passed,True
experiment_02348,2026-05-08T17:10:22Z,0.41897951906554454,passed,True
experiment_02349,2026-05-08T17:10:22Z,0.41047932406449306,passed,True
experiment_02350,2026-05-08T17:10:23Z,0.410274741899606,passed,True
experiment_02351,2026-05-08T17:10:23Z,0.40756803713872536,passed,True
experiment_02352,2026-05-08T17:10:23Z,0.4071345575777059,passed,True
experiment_02353,2026-05-08T17:10:23Z,0.4050598753140022,passed,True
experiment_02354,2026-05-08T17:10:23Z,0.39875974297517125,passed,True
experiment_02355,2026-05-08T17:10:23Z,0.39339426538335687,passed,True
experiment_02356,2026-05-08T17:10:23Z,0.3931606495102731,passed,True
experiment_02357,2026-05-08T17:10:24Z,0.3815068584125836,passed,True
experiment_02358,2026-05-08T17:10:24Z,0.38070617735676393,passed,True
experiment_02359,2026-05-08T17:10:24Z,0.37973539922749566,passed,True
experiment_02360,2026-05-08T17:10:24Z,0.37374496916225475,passed,True
experiment_02361,2026-05-08T17:10:24Z,0.3614908653217732,passed,True
experiment_02362,2026-05-08T17:10:24Z,0.3577603161322891,passed,True
experiment_02363,2026-05-08T17:10:24Z,0.3523981269467775,passed,True
experiment_02364,2026-05-08T17:10:25Z,0.3498355720234496,passed,True
experiment_02365,2026-05-08T17:10:25Z,0.34501705333896737,passed,True
experiment_02366,2026-05-08T17:10:25Z,0.34336561256995246,passed,True
experiment_02367,2026-05-08T17:10:25Z,0.34055506429645277,passed,True
experiment_02368,2026-05-08T17:10:25Z,0.3281623875023705,passed,True
experiment_02369,2026-05-08T17:10:25Z,0.32529847840472037,passed,True
experiment_02370,2026-05-08T17:10:25Z,0.32461031311198596,passed,True
experiment_02371,2026-05-08T17:10:26Z,0.3219119144626088,passed,True
experiment_02372,2026-05-08T17:13:29Z,0.9568866021309521,passed,True
experiment_02373,2026-05-08T17:13:29Z,0.9298936974384944,passed,True
experiment_02374,2026-05-08T17:13:29Z,0.8586988833836635,passed,True
experiment_02375,2026-05-08T17:13:29Z,0.7837125327182193,passed,True
experiment_02376,2026-05-08T17:13:29Z,0.7561163403877789,passed,True
experiment_02377,2026-05-08T17:13:29Z,0.7365952358381787,passed,True
experiment_02378,2026-05-08T17:13:29Z,0.7191327091718644,passed,True
experiment_02379,2026-05-08T17:13:29Z,0.7043798426824921,passed,True
experiment_02380,2026-05-08T17:13:30Z,0.6942937680593406,passed,True
experiment_02381,2026-05-08T17:13:30Z,0.6927902377100903,passed,True
experiment_02382,2026-05-08T17:13:30Z,0.6919002675500394,passed,True
experiment_02383,2026-05-08T17:13:30Z,0.6918880949474921,passed,True
experiment_02384,2026-05-08T17:13:30Z,0.6903129364823446,passed,True
experiment_02385,2026-05-08T17:13:30Z,0.6850939279767232,passed,True
experiment_02386,2026-05-08T17:13:30Z,0.6836267206493414,passed,True
experiment_02387,2026-05-08T17:13:30Z,0.682491846584476,passed,True
experiment_02388,2026-05-08T17:13:31Z,0.6752253330037803,passed,True
experiment_02389,2026-05-08T17:13:31Z,0.6738362356468564,passed,True
experiment_02390,2026-05-08T17:13:31Z,0.6716740232877445,passed,True
experiment_02391,2026-05-08T17:13:31Z,0.6594837985942199,passed,True
experiment_02392,2026-05-08T17:13:31Z,0.649157761879323,passed,True
experiment_02393,2026-05-08T17:13:31Z,0.624509668809905,passed,True
experiment_02394,2026-05-08T17:13:31Z,0.6013236213422193,passed,True
experiment_02395,2026-05-08T17:13:31Z,0.5988153840249737,passed,True
experiment_02396,2026-05-08T17:13:31Z,0.596331243565615,passed,True
experiment_02397,2026-05-08T17:13:32Z,0.5867712629719684,passed,True
experiment_02398,2026-05-08T17:13:32Z,0.568563977644942,passed,True
experiment_02399,2026-05-08T17:13:32Z,0.5682557978967164,passed,True
experiment_02400,2026-05-08T17:13:32Z,0.5631728270590681,passed,True
experiment_02401,2026-05-08T17:13:32Z,0.5606778179943692,passed,True
experiment_02402,2026-05-08T17:13:32Z,0.5601444855760942,passed,True
experiment_02403,2026-05-08T17:13:32Z,0.5570283813240806,passed,True
experiment_02404,2026-05-08T17:13:32Z,0.5554019377572601,passed,True
experiment_02405,2026-05-08T17:13:33Z,0.5418230687003387,passed,True
experiment_02406,2026-05-08T17:13:33Z,0.5370172658231063,passed,True
experiment_02407,2026-05-08T17:13:33Z,0.5315780607086626,passed,True
experiment_02408,2026-05-08T17:13:33Z,0.5202775738812999,passed,True
experiment_02409,2026-05-08T17:13:33Z,0.5179485624881952,passed,True
experiment_02410,2026-05-08T17:13:33Z,0.5145358960185842,passed,True
experiment_02411,2026-05-08T17:13:33Z,0.5079775600938827,passed,True
experiment_02412,2026-05-08T17:13:33Z,0.5003231877962513,passed,True
experiment_02413,2026-05-08T17:13:34Z,0.4990806835540358,passed,True
experiment_02414,2026-05-08T17:13:34Z,0.4963717171554691,passed,True
experiment_02415,2026-05-08T17:13:34Z,0.4913854558859363,passed,True
experiment_02416,2026-05-08T17:13:34Z,0.4908468145543523,passed,True
experiment_02417,2026-05-08T17:13:34Z,0.4811735850349699,passed,True
experiment_02418,2026-05-08T17:13:34Z,0.4807614597494094,passed,True
experiment_02419,2026-05-08T17:13:34Z,0.47043263820736314,passed,True
experiment_02420,2026-05-08T17:13:34Z,0.4645656754763188,passed,True
experiment_02421,2026-05-08T17:13:35Z,0.46229062685672595,passed,True
experiment_02422,2026-05-08T17:13:35Z,0.45858982696830175,passed,True
experiment_02423,2026-05-08T17:13:35Z,0.4495018035468288,passed,True
experiment_02424,2026-05-08T17:13:35Z,0.44344843174258486,passed,True
experiment_02425,2026-05-08T17:13:35Z,0.4373445996725511,passed,True
experiment_02426,2026-05-08T17:13:35Z,0.43097446570267195,passed,True
experiment_02427,2026-05-08T17:13:35Z,0.4220462484420615,passed,True
experiment_02428,2026-05-08T17:13:35Z,0.41897951906554454,passed,True
experiment_02429,2026-05-08T17:13:36Z,0.41047932406449306,passed,True
experiment_02430,2026-05-08T17:13:36Z,0.410274741899606,passed,True
experiment_02431,2026-05-08T17:13:36Z,0.40756803713872536,passed,True
experiment_02432,2026-05-08T17:13:36Z,0.4071345575777059,passed,True
experiment_02433,2026-05-08T17:13:36Z,0.4050598753140022,passed,True
experiment_02434,2026-05-08T17:13:36Z,0.39875974297517125,passed,True
experiment_02435,2026-05-08T17:13:36Z,0.39339426538335687,passed,True
experiment_02436,2026-05-08T17:13:36Z,0.3931606495102731,passed,True
experiment_02437,2026-05-08T17:13:36Z,0.3815068584125836,passed,True
experiment_02438,2026-05-08T17:13:37Z,0.38070617735676393,passed,True
experiment_02439,2026-05-08T17:13:37Z,0.37973539922749566,passed,True
experiment_02440,2026-05-08T17:13:37Z,0.37374496916225475,passed,True
experiment_02441,2026-05-08T17:13:37Z,0.3614908653217732,passed,True
experiment_02442,2026-05-08T17:13:37Z,0.3577603161322891,passed,True
experiment_02443,2026-05-08T17:13:37Z,0.3523981269467775,passed,True
experiment_02444,2026-05-08T17:13:37Z,0.3498355720234496,passed,True
experiment_02445,2026-05-08T17:13:37Z,0.34501705333896737,passed,True
experiment_02446,2026-05-08T17:13:38Z,0.34336561256995246,passed,True
experiment_02447,2026-05-08T17:13:38Z,0.34055506429645277,passed,True
experiment_02448,2026-05-08T17:13:38Z,0.3281623875023705,passed,True
experiment_02449,2026-05-08T17:13:38Z,0.32529847840472037,passed,True
experiment_02450,2026-05-08T17:13:38Z,0.32461031311198596,passed,True
experiment_02451,2026-05-08T17:13:38Z,0.3219119144626088,passed,True
experiment_02452,2026-05-08T17:13:38Z,0.31649189026486724,passed,True
experiment_02453,2026-05-08T17:13:38Z,0.30548717961439564,passed,True
experiment_02454,2026-05-08T17:13:39Z,0.3021862612967521,passed,True
experiment_02455,2026-05-08T17:13:39Z,0.2997929471216896,passed,True
experiment_02456,2026-05-08T17:13:39Z,0.29245521692000587,passed,True
experiment_02457,2026-05-08T17:13:39Z,0.28779265280588007,passed,True
experiment_02458,2026-05-08T17:13:39Z,0.27345926879247884,passed,True
experiment_02459,2026-05-08T17:13:39Z,0.273200640983692,passed,True
experiment_02460,2026-05-08T17:13:39Z,0.26434975149399875,passed,True
experiment_02461,2026-05-08T17:13:39Z,0.26026564669936647,passed,True
experiment_02462,2026-05-08T17:13:39Z,0.2591270498729443,passed,True
experiment_02463,2026-05-08T17:13:40Z,0.2528765644736666,passed,True
experiment_02464,2026-05-08T17:13:40Z,0.24791465773345145,passed,True
experiment_02465,2026-05-08T17:13:40Z,0.23344441088511125,passed,True
experiment_02466,2026-05-08T17:13:40Z,0.2153247357090713,passed,True
experiment_02467,2026-05-08T17:13:40Z,0.2068310911932727,passed,True
experiment_02468,2026-05-08T17:13:40Z,0.20330807494249115,passed,True
experiment_02469,2026-05-08T17:13:40Z,0.1899273981349605,passed,True
experiment_02470,2026-05-08T17:13:40Z,0.18066643995133091,passed,True
experiment_02471,2026-05-08T17:13:41Z,0.17785758176512623,passed,True
experiment_02472,2026-05-08T17:13:41Z,0.175687653933565,passed,True
experiment_02473,2026-05-08T17:13:41Z,0.17162125848533982,passed,True
experiment_02474,2026-05-08T17:13:41Z,0.16247144278970183,passed,True
experiment_02475,2026-05-08T17:13:41Z,0.15877464500680638,passed,True
experiment_02476,2026-05-08T17:13:41Z,0.15227951728971156,passed,True
experiment_02477,2026-05-08T17:13:41Z,0.15136039453597228,passed,True
experiment_02478,2026-05-08T17:13:41Z,0.15103475663588029,passed,True
experiment_02479,2026-05-08T17:13:42Z,0.13975477262046176,passed,True
experiment_02480,2026-05-08T17:13:42Z,0.13802055026903837,passed,True
experiment_02481,2026-05-08T17:13:42Z,0.13668908806677393,passed,True
experiment_02482,2026-05-08T17:13:42Z,0.12747011050106138,passed,True
experiment_02483,2026-05-08T17:13:42Z,0.12275551891573144,passed,True
experiment_02484,2026-05-08T17:13:42Z,0.12218805708537239,passed,True
experiment_02485,2026-05-08T17:13:42Z,0.12159171058640794,passed,True
experiment_02486,2026-05-08T17:13:43Z,0.11824360015868685,passed,True
experiment_02487,2026-05-08T17:13:43Z,0.1109015602920369,passed,True
experiment_02488,2026-05-08T17:13:43Z,0.1010178570472906,passed,True
experiment_02489,2026-05-08T17:13:43Z,0.09364130576743435,passed,True
experiment_02490,2026-05-08T17:13:43Z,0.08766120472537153,passed,True
experiment_02491,2026-05-08T17:13:43Z,0.08508010393831356,passed,True
experiment_02492,2026-05-08T17:13:43Z,0.08495404264597362,passed,True
experiment_02493,2026-05-08T17:13:44Z,0.08272252382604783,passed,True
experiment_02494,2026-05-08T17:13:44Z,0.07769142514188765,passed,True
experiment_02495,2026-05-08T17:13:44Z,0.07568897540241792,passed,True
experiment_02496,2026-05-08T17:13:44Z,0.07439254099200632,passed,True
experiment_02497,2026-05-08T17:13:44Z,0.06704714818036628,passed,True
experiment_02498,2026-05-08T17:13:44Z,0.06295812318018434,passed,True
experiment_02499,2026-05-08T17:13:44Z,0.059370260930544205,passed,True
experiment_02500,2026-05-08T17:13:44Z,0.05908046828349889,passed,True
experiment_02501,2026-05-08T17:13:44Z,0.05901759923157712,passed,True
experiment_02502,2026-05-08T17:13:45Z,0.0579756217013756,passed,True
experiment_02503,2026-05-08T17:13:45Z,0.0536482135505949,passed,True
experiment_02504,2026-05-08T17:13:45Z,0.053527366025008405,passed,True
experiment_02505,2026-05-08T17:13:45Z,0.05336452884042231,passed,True
experiment_02506,2026-05-08T17:13:45Z,0.0459440249298293,passed,True
experiment_02507,2026-05-08T17:13:45Z,0.04526972750895375,passed,True
experiment_02508,2026-05-08T17:13:45Z,0.042682755567980735,passed,True
experiment_02509,2026-05-08T17:13:45Z,0.03909419954235638,passed,True
experiment_02510,2026-05-08T17:13:46Z,0.024896862840673606,passed,True
experiment_02511,2026-05-08T17:13:46Z,0.023256862164267034,passed,True
experiment_02512,2026-05-08T17:13:46Z,0.019237852831700764,passed,True
experiment_02513,2026-05-08T17:13:46Z,0.018308417081676964,passed,True
experiment_02514,2026-05-08T17:13:46Z,0.017636151222234275,passed,True
experiment_02515,2026-05-08T17:13:46Z,0.011316380441911633,passed,True
experiment_02516,2026-05-08T17:15:51Z,1.9561128552676852,pending,
experiment_02517,2026-05-08T17:28:41Z,0.9568866021309521,passed,True
experiment_02518,2026-05-08T17:28:41Z,0.9298936974384944,passed,True
experiment_02519,2026-05-08T17:28:42Z,0.8586988833836635,passed,True
experiment_02520,2026-05-08T17:28:42Z,0.7837125327182193,passed,True
experiment_02521,2026-05-08T17:28:42Z,0.7561163403877789,passed,True
experiment_02522,2026-05-08T17:28:42Z,0.7365952358381787,passed,True
experiment_02523,2026-05-08T17:28:42Z,0.7191327091718644,passed,True
experiment_02524,2026-05-08T17:28:42Z,0.7043798426824921,passed,True
experiment_02525,2026-05-08T17:28:42Z,0.6942937680593406,passed,True
experiment_02526,2026-05-08T17:28:42Z,0.6927902377100903,passed,True
experiment_02527,2026-05-08T17:28:43Z,0.6919002675500394,passed,True
experiment_02528,2026-05-08T17:28:43Z,0.6918880949474921,passed,True
experiment_02529,2026-05-08T17:28:43Z,0.6903129364823446,passed,True
experiment_02530,2026-05-08T17:28:43Z,0.6850939279767232,passed,True
experiment_02531,2026-05-08T17:28:43Z,0.6836267206493414,passed,True
experiment_02532,2026-05-08T17:28:43Z,0.682491846584476,passed,True
experiment_02533,2026-05-08T17:28:43Z,0.6752253330037803,passed,True
experiment_02534,2026-05-08T17:28:44Z,0.6738362356468564,passed,True
experiment_02535,2026-05-08T17:28:44Z,0.6716740232877445,passed,True
experiment_02536,2026-05-08T17:28:44Z,0.6594837985942199,passed,True
experiment_02537,2026-05-08T17:28:44Z,0.649157761879323,passed,True
experiment_02538,2026-05-08T17:28:44Z,0.624509668809905,passed,True
experiment_02539,2026-05-08T17:28:44Z,0.6013236213422193,passed,True
experiment_02540,2026-05-08T17:28:44Z,0.5988153840249737,passed,True
experiment_02541,2026-05-08T17:28:45Z,0.596331243565615,passed,True
experiment_02542,2026-05-08T17:28:45Z,0.5867712629719684,passed,True
experiment_02543,2026-05-08T17:28:45Z,0.568563977644942,passed,True
experiment_02544,2026-05-08T17:28:45Z,0.5682557978967164,passed,True
experiment_02545,2026-05-08T17:28:45Z,0.5631728270590681,passed,True
experiment_02546,2026-05-08T17:28:45Z,0.5606778179943692,passed,True
experiment_02547,2026-05-08T17:28:45Z,0.5601444855760942,passed,True
experiment_02548,2026-05-08T17:28:46Z,0.5570283813240806,passed,True
experiment_02549,2026-05-08T17:28:46Z,0.5554019377572601,passed,True
experiment_02550,2026-05-08T17:28:46Z,0.5418230687003387,passed,True
experiment_02551,2026-05-08T17:28:46Z,0.5370172658231063,passed,True
experiment_02552,2026-05-08T17:28:46Z,0.5315780607086626,passed,True
experiment_02553,2026-05-08T17:28:46Z,0.5202775738812999,passed,True
experiment_02554,2026-05-08T17:28:46Z,0.5179485624881952,passed,True
experiment_02555,2026-05-08T17:28:47Z,0.5145358960185842,passed,True
experiment_02556,2026-05-08T17:28:47Z,0.5079775600938827,passed,True
experiment_02557,2026-05-08T17:28:47Z,0.5003231877962513,passed,True
experiment_02558,2026-05-08T17:28:47Z,0.4990806835540358,passed,True
experiment_02559,2026-05-08T17:28:47Z,0.4963717171554691,passed,True
experiment_02560,2026-05-08T17:28:47Z,0.4913854558859363,passed,True
experiment_02561,2026-05-08T17:28:47Z,0.4908468145543523,passed,True
experiment_02562,2026-05-08T17:28:47Z,0.4811735850349699,passed,True
experiment_02563,2026-05-08T17:28:48Z,0.4807614597494094,passed,True
experiment_02564,2026-05-08T17:28:48Z,0.47043263820736314,passed,True
experiment_02565,2026-05-08T17:28:48Z,0.4645656754763188,passed,True
experiment_02566,2026-05-08T17:28:48Z,0.46229062685672595,passed,True
experiment_02567,2026-05-08T17:28:48Z,0.45858982696830175,passed,True
experiment_02568,2026-05-08T17:28:48Z,0.4495018035468288,passed,True
experiment_02569,2026-05-08T17:28:48Z,0.44344843174258486,passed,True
experiment_02570,2026-05-08T17:28:49Z,0.4373445996725511,passed,True
experiment_02571,2026-05-08T17:28:49Z,0.43097446570267195,passed,True
experiment_02572,2026-05-08T17:28:49Z,0.41897951906554454,passed,True
experiment_02573,2026-05-08T17:28:49Z,0.41047932406449306,passed,True
experiment_02574,2026-05-08T17:28:49Z,0.410274741899606,passed,True
experiment_02575,2026-05-08T17:28:49Z,0.4071345575777059,passed,True
experiment_02576,2026-05-08T17:28:49Z,0.4050598753140022,passed,True
experiment_02577,2026-05-08T17:28:50Z,0.39875974297517125,passed,True
experiment_02578,2026-05-08T17:28:50Z,0.3931606495102731,passed,True
experiment_02579,2026-05-08T17:28:50Z,0.3815068584125836,passed,True
experiment_02580,2026-05-08T17:28:50Z,0.37973539922749566,passed,True
experiment_02581,2026-05-08T17:28:50Z,0.37374496916225475,passed,True
experiment_02582,2026-05-08T17:28:50Z,0.3614908653217732,passed,True
experiment_02583,2026-05-08T17:28:50Z,0.3577603161322891,passed,True
experiment_02584,2026-05-08T17:28:50Z,0.3498355720234496,passed,True
experiment_02585,2026-05-08T17:28:51Z,0.34501705333896737,passed,True
experiment_02586,2026-05-08T17:28:51Z,0.34336561256995246,passed,True
experiment_02587,2026-05-08T17:28:51Z,0.34055506429645277,passed,True
experiment_02588,2026-05-08T17:28:51Z,0.3281623875023705,passed,True
experiment_02589,2026-05-08T17:28:51Z,0.32529847840472037,passed,True
experiment_02590,2026-05-08T17:28:51Z,0.32461031311198596,passed,True
experiment_02591,2026-05-08T17:28:51Z,0.3219119144626088,passed,True
experiment_02592,2026-05-08T17:28:51Z,0.31649189026486724,passed,True
experiment_02593,2026-05-08T17:28:52Z,0.30548717961439564,passed,True
experiment_02594,2026-05-08T17:28:52Z,0.3021862612967521,passed,True
experiment_02595,2026-05-08T17:28:52Z,0.2997929471216896,passed,True
experiment_02596,2026-05-08T17:28:52Z,0.29245521692000587,passed,True
experiment_02597,2026-05-08T17:32:23Z,0.8586988833836635,passed,True
experiment_02598,2026-05-08T17:32:23Z,0.7365952358381787,passed,True
experiment_02599,2026-05-08T17:32:23Z,0.6942937680593406,passed,True
experiment_02600,2026-05-08T17:32:23Z,0.6918880949474921,passed,True
experiment_02601,2026-05-08T17:32:23Z,0.682491846584476,passed,True
experiment_02602,2026-05-08T17:32:24Z,0.624509668809905,passed,True
experiment_02603,2026-05-08T17:32:24Z,0.596331243565615,passed,True
experiment_02604,2026-05-08T17:32:24Z,0.5606778179943692,passed,True
experiment_02605,2026-05-08T17:32:24Z,0.5418230687003387,passed,True
experiment_02606,2026-05-08T17:32:24Z,0.5179485624881952,passed,True
experiment_02607,2026-05-08T17:32:24Z,0.5079775600938827,passed,True
experiment_02608,2026-05-08T17:32:25Z,0.4990806835540358,passed,True
experiment_02609,2026-05-08T17:32:25Z,0.4963717171554691,passed,True
experiment_02610,2026-05-08T17:32:25Z,0.44344843174258486,passed,True
experiment_02611,2026-05-08T17:32:25Z,0.4373445996725511,passed,True
experiment_02612,2026-05-08T17:32:25Z,0.41897951906554454,passed,True
experiment_02613,2026-05-08T17:32:25Z,0.41047932406449306,passed,True
experiment_02614,2026-05-08T17:32:25Z,0.410274741899606,passed,True
experiment_02615,2026-05-08T17:32:25Z,0.4071345575777059,passed,True
experiment_02616,2026-05-08T17:32:26Z,0.3931606495102731,passed,True
experiment_02617,2026-05-08T17:32:26Z,0.37374496916225475,passed,True
experiment_02618,2026-05-08T17:32:26Z,0.34501705333896737,passed,True
experiment_02619,2026-05-08T17:32:26Z,0.34055506429645277,passed,True
experiment_02620,2026-05-08T17:32:26Z,0.32461031311198596,passed,True
experiment_02621,2026-05-08T17:32:26Z,0.3219119144626088,passed,True
experiment_02622,2026-05-08T17:32:26Z,0.30548717961439564,passed,True
experiment_02623,2026-05-08T17:32:26Z,0.28779265280588007,passed,True
experiment_02624,2026-05-08T17:32:27Z,0.273200640983692,passed,True
experiment_02625,2026-05-08T17:32:27Z,0.2528765644736666,passed,True
experiment_02626,2026-05-08T17:32:27Z,0.23344441088511125,passed,True
experiment_02627,2026-05-08T17:32:27Z,0.2068310911932727,passed,True
experiment_02628,2026-05-08T17:32:27Z,0.18066643995133091,passed,True
experiment_02629,2026-05-08T17:32:27Z,0.17785758176512623,passed,True
experiment_02630,2026-05-08T17:32:27Z,0.175687653933565,passed,True
experiment_02631,2026-05-08T17:32:27Z,0.17162125848533982,passed,True
experiment_02632,2026-05-08T17:32:28Z,0.16247144278970183,passed,True
experiment_02633,2026-05-08T17:32:28Z,0.15227951728971156,passed,True
experiment_02634,2026-05-08T17:32:28Z,0.15103475663588029,passed,True
experiment_02635,2026-05-08T17:32:28Z,0.12747011050106138,passed,True
experiment_02636,2026-05-08T17:32:28Z,0.12275551891573144,passed,True
experiment_02637,2026-05-08T17:32:28Z,0.12159171058640794,passed,True
experiment_02638,2026-05-08T17:32:28Z,0.1109015602920369,passed,True
experiment_02639,2026-05-08T17:32:28Z,0.08508010393831356,passed,True
experiment_02640,2026-05-08T17:32:29Z,0.08495404264597362,passed,True
experiment_02641,2026-05-08T17:32:29Z,0.07769142514188765,passed,True
experiment_02642,2026-05-08T17:32:29Z,0.07568897540241792,passed,True
experiment_02643,2026-05-08T17:32:29Z,0.07439254099200632,passed,True
experiment_02644,2026-05-08T17:32:29Z,0.06295812318018434,passed,True
experiment_02645,2026-05-08T17:38:43Z,1.014270198789374,,
experiment_02646,2026-05-08T17:38:43Z,1.3218338090690462,,
experiment_02647,2026-05-08T17:38:43Z,1.5241619407187255,,
experiment_02648,2026-05-08T17:47:17Z,0.9890620170369111,passed,True
experiment_02649,2026-05-08T17:47:17Z,0.9890620170369111,passed,True
experiment_02650,2026-05-08T17:47:17Z,0.9568866021309521,passed,True
experiment_02651,2026-05-08T17:47:17Z,0.9298936974384944,passed,True
experiment_02652,2026-05-08T17:47:18Z,0.8586988833836635,passed,True
experiment_02653,2026-05-08T17:47:18Z,0.7837125327182193,passed,True
experiment_02654,2026-05-08T17:47:18Z,0.7561163403877789,passed,True
experiment_02655,2026-05-08T17:47:18Z,0.7365952358381787,passed,True
experiment_02656,2026-05-08T17:47:18Z,0.7191327091718644,passed,True
experiment_02657,2026-05-08T17:47:18Z,0.7043798426824921,passed,True
experiment_02658,2026-05-08T17:47:18Z,0.6942937680593406,passed,True
experiment_02659,2026-05-08T17:47:18Z,0.6927902377100903,passed,True
experiment_02660,2026-05-08T17:47:19Z,0.6919002675500394,passed,True
experiment_02661,2026-05-08T17:47:19Z,0.6918880949474921,passed,True
experiment_02662,2026-05-08T17:47:19Z,0.6903129364823446,passed,True
experiment_02663,2026-05-08T17:47:19Z,0.6850939279767232,passed,True
experiment_02664,2026-05-08T17:47:19Z,0.6836267206493414,passed,True
experiment_02665,2026-05-08T17:47:19Z,0.682491846584476,passed,True
experiment_02666,2026-05-08T17:47:19Z,0.6752253330037803,passed,True
experiment_02667,2026-05-08T17:47:19Z,0.6738362356468564,passed,True
experiment_02668,2026-05-08T17:47:19Z,0.6716740232877445,passed,True
experiment_02669,2026-05-08T17:47:20Z,0.6594837985942199,passed,True
experiment_02670,2026-05-08T17:47:20Z,0.649157761879323,passed,True
experiment_02671,2026-05-08T17:47:20Z,0.624509668809905,passed,True
experiment_02672,2026-05-08T17:47:20Z,0.6013236213422193,passed,True
experiment_02673,2026-05-08T17:47:20Z,0.5988153840249737,passed,True
experiment_02674,2026-05-08T17:47:20Z,0.596331243565615,passed,True
experiment_02675,2026-05-08T17:47:20Z,0.5867712629719684,passed,True
experiment_02676,2026-05-08T17:47:20Z,0.5797628127599079,passed,True
experiment_02677,2026-05-08T17:47:21Z,0.5797628127599079,passed,True
experiment_02678,2026-05-08T17:47:21Z,0.568563977644942,passed,True
experiment_02679,2026-05-08T17:47:21Z,0.5682557978967164,passed,True
experiment_02680,2026-05-08T17:47:21Z,0.5631728270590681,passed,True
experiment_02681,2026-05-08T17:47:21Z,0.5606778179943692,passed,True
experiment_02682,2026-05-08T17:47:21Z,0.5601444855760942,passed,True
experiment_02683,2026-05-08T17:47:21Z,0.5570283813240806,passed,True
experiment_02684,2026-05-08T17:47:21Z,0.5554019377572601,passed,True
experiment_02685,2026-05-08T17:47:22Z,0.5418230687003387,passed,True
experiment_02686,2026-05-08T17:47:22Z,0.5370172658231063,passed,True
experiment_02687,2026-05-08T17:47:22Z,0.5315780607086626,passed,True
experiment_02688,2026-05-08T17:47:22Z,0.5202775738812999,passed,True
experiment_02689,2026-05-08T17:47:22Z,0.5179485624881952,passed,True
experiment_02690,2026-05-08T17:47:22Z,0.5145358960185842,passed,True
experiment_02691,2026-05-08T17:47:22Z,0.5079775600938827,passed,True
experiment_02692,2026-05-08T17:47:22Z,0.5003231877962513,passed,True
experiment_02693,2026-05-08T17:47:23Z,0.4990806835540358,passed,True
experiment_02694,2026-05-08T17:47:23Z,0.4963717171554691,passed,True
experiment_02695,2026-05-08T17:47:23Z,0.4913854558859363,passed,True
experiment_02696,2026-05-08T17:47:23Z,0.4908468145543523,passed,True
experiment_02697,2026-05-08T17:47:23Z,0.4811735850349699,passed,True
experiment_02698,2026-05-08T17:47:23Z,0.4807614597494094,passed,True
experiment_02699,2026-05-08T17:47:23Z,0.47043263820736314,passed,True
experiment_02700,2026-05-08T17:47:23Z,0.4645656754763188,passed,True
experiment_02701,2026-05-08T17:47:23Z,0.46229062685672595,passed,True
experiment_02702,2026-05-08T17:47:24Z,0.45858982696830175,passed,True
experiment_02703,2026-05-08T17:47:24Z,0.4495018035468288,passed,True
experiment_02704,2026-05-08T17:47:24Z,0.44344843174258486,passed,True
experiment_02705,2026-05-08T17:47:24Z,0.4373445996725511,passed,True
experiment_02706,2026-05-08T17:47:24Z,0.43097446570267195,passed,True
experiment_02707,2026-05-08T17:47:24Z,0.41897951906554454,passed,True
experiment_02708,2026-05-08T17:47:24Z,0.41047932406449306,passed,True
experiment_02709,2026-05-08T17:47:24Z,0.410274741899606,passed,True
experiment_02710,2026-05-08T17:47:25Z,0.41019138540346134,passed,True
experiment_02711,2026-05-08T17:47:25Z,0.4071345575777059,passed,True
experiment_02712,2026-05-08T17:47:25Z,0.4050598753140022,passed,True
experiment_02713,2026-05-08T17:47:25Z,0.39875974297517125,passed,True
experiment_02714,2026-05-08T17:47:25Z,0.3931606495102731,passed,True
experiment_02715,2026-05-08T17:47:25Z,0.3815068584125836,passed,True
experiment_02716,2026-05-08T17:47:25Z,0.37973539922749566,passed,True
experiment_02717,2026-05-08T17:47:25Z,0.37973539922749566,passed,True
experiment_02718,2026-05-08T17:47:26Z,0.3796354146417027,passed,True
experiment_02719,2026-05-08T17:47:26Z,0.37374496916225475,passed,True
experiment_02720,2026-05-08T17:47:26Z,0.3647169851990828,passed,True
experiment_02721,2026-05-08T17:47:26Z,0.3614908653217732,passed,True
experiment_02722,2026-05-08T17:47:26Z,0.3577603161322891,passed,True
experiment_02723,2026-05-08T17:47:26Z,0.3498355720234496,passed,True
experiment_02724,2026-05-08T17:47:26Z,0.34501705333896737,passed,True
experiment_02725,2026-05-08T17:47:26Z,0.34336561256995246,passed,True
experiment_02726,2026-05-08T17:47:26Z,0.34055506429645277,passed,True
experiment_02727,2026-05-08T17:47:27Z,0.3281623875023705,passed,True
experiment_02728,2026-05-08T17:47:27Z,0.32529847840472037,passed,True
experiment_02729,2026-05-08T17:47:27Z,0.32461031311198596,passed,True
experiment_02730,2026-05-08T17:47:27Z,0.3219119144626088,passed,True
experiment_02731,2026-05-08T17:47:27Z,0.31649189026486724,passed,True
experiment_02732,2026-05-08T17:47:27Z,0.30548717961439564,passed,True
experiment_02733,2026-05-08T17:47:27Z,0.3021862612967521,passed,True
experiment_02734,2026-05-08T17:47:27Z,0.2997929471216896,passed,True
experiment_02735,2026-05-08T17:47:28Z,0.29245521692000587,passed,True
experiment_02736,2026-05-08T17:47:28Z,0.28779265280588007,passed,True
experiment_02737,2026-05-08T17:47:28Z,0.27345926879247884,passed,True
experiment_02738,2026-05-08T17:47:28Z,0.273200640983692,passed,True
experiment_02739,2026-05-08T17:47:28Z,0.26434975149399875,passed,True
experiment_02740,2026-05-08T17:47:28Z,0.26026564669936647,passed,True
experiment_02741,2026-05-08T17:47:28Z,0.2591270498729443,passed,True
experiment_02742,2026-05-08T17:47:28Z,0.2528765644736666,passed,True
experiment_02743,2026-05-08T17:47:29Z,0.24791465773345145,passed,True
experiment_02744,2026-05-08T17:47:29Z,0.23344441088511125,passed,True
experiment_02745,2026-05-08T17:47:29Z,0.2153247357090713,passed,True
experiment_02746,2026-05-08T17:47:29Z,0.2068310911932727,passed,True
experiment_02747,2026-05-08T17:47:29Z,0.20330807494249115,passed,True
experiment_02748,2026-05-08T17:47:29Z,0.1899273981349605,passed,True
experiment_02749,2026-05-08T17:47:29Z,0.18066643995133091,passed,True
experiment_02750,2026-05-08T17:47:29Z,0.17785758176512623,passed,True
experiment_02751,2026-05-08T17:47:30Z,0.175687653933565,passed,True
experiment_02752,2026-05-08T17:47:30Z,0.17162125848533982,passed,True
experiment_02753,2026-05-08T17:47:30Z,0.16634218981086057,passed,True
experiment_02754,2026-05-08T17:47:30Z,0.16247144278970183,passed,True
experiment_02755,2026-05-08T17:47:30Z,0.15877464500680638,passed,True
experiment_02756,2026-05-08T17:47:30Z,0.15227951728971156,passed,True
experiment_02757,2026-05-08T17:47:30Z,0.15136039453597228,passed,True
experiment_02758,2026-05-08T17:47:30Z,0.15103475663588029,passed,True
experiment_02759,2026-05-08T17:47:31Z,0.13975477262046176,passed,True
experiment_02760,2026-05-08T17:47:31Z,0.13802055026903837,passed,True
experiment_02761,2026-05-08T17:47:31Z,0.13668908806677393,passed,True
experiment_02762,2026-05-08T17:47:31Z,0.12747011050106138,passed,True
experiment_02763,2026-05-08T17:47:31Z,0.12275551891573144,passed,True
experiment_02764,2026-05-08T17:47:31Z,0.12218805708537239,passed,True
experiment_02765,2026-05-08T17:47:31Z,0.12159171058640794,passed,True
experiment_02766,2026-05-08T17:47:31Z,0.11824360015868685,passed,True
experiment_02767,2026-05-08T17:47:31Z,0.1109015602920369,passed,True
experiment_02768,2026-05-08T17:47:32Z,0.1010178570472906,passed,True
experiment_02769,2026-05-08T17:47:32Z,0.09364130576743435,passed,True
experiment_02770,2026-05-08T17:47:32Z,0.09324376812056556,passed,True
experiment_02771,2026-05-08T17:47:32Z,0.09029113275546052,passed,True
experiment_02772,2026-05-08T17:47:32Z,0.08766120472537153,passed,True
experiment_02773,2026-05-08T17:47:32Z,0.08508010393831356,passed,True
experiment_02774,2026-05-08T17:47:32Z,0.08495404264597362,passed,True
experiment_02775,2026-05-08T17:47:32Z,0.08403912340234854,passed,True
experiment_02776,2026-05-08T17:47:33Z,0.08272252382604783,passed,True
experiment_02777,2026-05-08T17:47:33Z,0.07769142514188765,passed,True
experiment_02778,2026-05-08T17:47:33Z,0.07568897540241792,passed,True
experiment_02779,2026-05-08T17:47:33Z,0.07439254099200632,passed,True
experiment_02780,2026-05-08T17:47:33Z,0.07303215355612203,passed,True
experiment_02781,2026-05-08T17:47:33Z,0.06764829468014355,passed,True
experiment_02782,2026-05-08T17:47:33Z,0.06704714818036628,passed,True
experiment_02783,2026-05-08T17:47:33Z,0.06295812318018434,passed,True
experiment_02784,2026-05-08T17:47:34Z,0.059394065959299525,passed,True
experiment_02785,2026-05-08T17:47:34Z,0.059370260930544205,passed,True
experiment_02786,2026-05-08T17:47:34Z,0.05908046828349889,passed,True
experiment_02787,2026-05-08T17:47:34Z,0.05901759923157712,passed,True
experiment_02788,2026-05-08T17:47:34Z,0.0579756217013756,passed,True
experiment_02789,2026-05-08T17:47:34Z,0.05522935814001961,passed,True
experiment_02790,2026-05-08T17:47:34Z,0.0536482135505949,passed,True
experiment_02791,2026-05-08T17:47:34Z,0.053527366025008405,passed,True
experiment_02792,2026-05-08T17:47:34Z,0.05336452884042231,passed,True
experiment_02793,2026-05-08T17:47:35Z,0.05227739558739586,passed,True
experiment_02794,2026-05-08T18:01:21Z,1.5145933865856254,,
experiment_02795,2026-05-09T02:21:31Z,0.12159171058640794,pending-full-artifact-validation,False
experiment_02796,2026-05-09T02:23:59Z,0.12159171058640794,passed-full-artifact-validation,False
experiment_02797,2026-05-09T02:29:24Z,0.9890620170369111,passed,True
experiment_02798,2026-05-09T02:29:24Z,0.9890620170369111,passed,True
experiment_02799,2026-05-09T02:29:24Z,0.9568866021309521,passed,True
experiment_02800,2026-05-09T02:29:24Z,0.9298936974384944,passed,True
experiment_02801,2026-05-09T02:29:24Z,0.8586988833836635,passed,True
experiment_02802,2026-05-09T02:29:24Z,0.7837125327182193,passed,True
experiment_02803,2026-05-09T02:29:24Z,0.7561163403877789,passed,True
experiment_02804,2026-05-09T02:29:25Z,0.7365952358381787,passed,True
experiment_02805,2026-05-09T02:29:25Z,0.7191327091718644,passed,True
experiment_02806,2026-05-09T02:29:25Z,0.7043798426824921,passed,True
experiment_02807,2026-05-09T02:29:25Z,0.6942937680593406,passed,True
experiment_02808,2026-05-09T02:29:25Z,0.6927902377100903,passed,True
experiment_02809,2026-05-09T02:29:25Z,0.6919002675500394,passed,True
experiment_02810,2026-05-09T02:29:25Z,0.6918880949474921,passed,True
experiment_02811,2026-05-09T02:29:25Z,0.6903129364823446,passed,True
experiment_02812,2026-05-09T02:29:26Z,0.6850939279767232,passed,True
experiment_02813,2026-05-09T02:29:26Z,0.6836267206493414,passed,True
experiment_02814,2026-05-09T02:29:26Z,0.682491846584476,passed,True
experiment_02815,2026-05-09T02:29:26Z,0.6752253330037803,passed,True
experiment_02816,2026-05-09T02:29:26Z,0.6738362356468564,passed,True
experiment_02817,2026-05-09T02:29:26Z,0.6716740232877445,passed,True
experiment_02818,2026-05-09T02:29:26Z,0.6594837985942199,passed,True
experiment_02819,2026-05-09T02:29:26Z,0.649157761879323,passed,True
experiment_02820,2026-05-09T02:29:27Z,0.624509668809905,passed,True
experiment_02821,2026-05-09T02:29:27Z,0.6013236213422193,passed,True
experiment_02822,2026-05-09T02:29:27Z,0.5988153840249737,passed,True
experiment_02823,2026-05-09T02:29:27Z,0.596331243565615,passed,True
experiment_02824,2026-05-09T02:29:27Z,0.5867712629719684,passed,True
experiment_02825,2026-05-09T02:29:27Z,0.5797628127599079,passed,True
experiment_02826,2026-05-09T02:29:27Z,0.5797628127599079,passed,True
experiment_02827,2026-05-09T02:29:28Z,0.568563977644942,passed,True
experiment_02828,2026-05-09T02:29:28Z,0.5682557978967164,passed,True
experiment_02829,2026-05-09T02:29:28Z,0.5631728270590681,passed,True
experiment_02830,2026-05-09T02:29:28Z,0.5606778179943692,passed,True
experiment_02831,2026-05-09T02:29:28Z,0.5601444855760942,passed,True
experiment_02832,2026-05-09T02:29:28Z,0.5570283813240806,passed,True
experiment_02833,2026-05-09T02:29:28Z,0.5554019377572601,passed,True
experiment_02834,2026-05-09T02:29:29Z,0.5418230687003387,passed,True
experiment_02835,2026-05-09T02:29:29Z,0.5370172658231063,passed,True
experiment_02836,2026-05-09T02:29:29Z,0.5315780607086626,passed,True
experiment_02837,2026-05-09T02:29:29Z,0.5202775738812999,passed,True
experiment_02838,2026-05-09T02:29:29Z,0.5179485624881952,passed,True
experiment_02839,2026-05-09T02:29:29Z,0.5145358960185842,passed,True
experiment_02840,2026-05-09T02:29:30Z,0.5079775600938827,passed,True
experiment_02841,2026-05-09T02:29:30Z,0.4990806835540358,passed,True
experiment_02842,2026-05-09T02:29:30Z,0.4963717171554691,passed,True
experiment_02843,2026-05-09T02:29:30Z,0.4913854558859363,passed,True
experiment_02844,2026-05-09T02:29:30Z,0.4908468145543523,passed,True
experiment_02845,2026-05-09T02:29:30Z,0.4811735850349699,passed,True
experiment_02846,2026-05-09T02:29:31Z,0.4807614597494094,passed,True
experiment_02847,2026-05-09T02:29:31Z,0.47043263820736314,passed,True
experiment_02848,2026-05-09T02:29:31Z,0.4645656754763188,passed,True
experiment_02849,2026-05-09T02:29:31Z,0.46229062685672595,passed,True
experiment_02850,2026-05-09T02:29:31Z,0.45858982696830175,passed,True
experiment_02851,2026-05-09T02:29:31Z,0.4495018035468288,passed,True
experiment_02852,2026-05-09T02:29:31Z,0.44344843174258486,passed,True
experiment_02853,2026-05-09T02:29:31Z,0.4373445996725511,passed,True
experiment_02854,2026-05-09T02:29:32Z,0.43097446570267195,passed,True
experiment_02855,2026-05-09T02:29:32Z,0.41897951906554454,passed,True
experiment_02856,2026-05-09T02:29:32Z,0.41047932406449306,passed,True
experiment_02857,2026-05-09T02:29:32Z,0.410274741899606,passed,True
experiment_02858,2026-05-09T02:29:32Z,0.41019138540346134,passed,True
experiment_02859,2026-05-09T02:29:33Z,0.4071345575777059,passed,True
experiment_02860,2026-05-09T02:29:33Z,0.4050598753140022,passed,True
experiment_02861,2026-05-09T02:29:33Z,0.39875974297517125,passed,True
experiment_02862,2026-05-09T02:29:33Z,0.3931606495102731,passed,True
experiment_02863,2026-05-09T02:29:33Z,0.3815068584125836,passed,True
experiment_02864,2026-05-09T02:29:33Z,0.37973539922749566,passed,True
experiment_02865,2026-05-09T02:29:33Z,0.37973539922749566,passed,True
experiment_02866,2026-05-09T02:29:34Z,0.3796354146417027,passed,True
experiment_02867,2026-05-09T02:29:34Z,0.37374496916225475,passed,True
experiment_02868,2026-05-09T02:29:34Z,0.3647169851990828,passed,True
experiment_02869,2026-05-09T02:29:34Z,0.3614908653217732,passed,True
experiment_02870,2026-05-09T02:29:34Z,0.3577603161322891,passed,True
experiment_02871,2026-05-09T02:29:34Z,0.3498355720234496,passed,True
experiment_02872,2026-05-09T02:29:35Z,0.34501705333896737,passed,True
experiment_02873,2026-05-09T02:29:35Z,0.34336561256995246,passed,True
experiment_02874,2026-05-09T02:29:35Z,0.34055506429645277,passed,True
experiment_02875,2026-05-09T02:29:35Z,0.3281623875023705,passed,True
experiment_02876,2026-05-09T02:29:35Z,0.32529847840472037,passed,True
experiment_02877,2026-05-09T02:29:35Z,0.32461031311198596,passed,True
experiment_02878,2026-05-09T02:29:35Z,0.3219119144626088,passed,True
experiment_02879,2026-05-09T02:29:36Z,0.31649189026486724,passed,True
experiment_02880,2026-05-09T02:29:36Z,0.30548717961439564,passed,True
experiment_02881,2026-05-09T02:29:36Z,0.3021862612967521,passed,True
experiment_02882,2026-05-09T02:29:36Z,0.2997929471216896,passed,True
experiment_02883,2026-05-09T02:29:36Z,0.28779265280588007,passed,True
experiment_02884,2026-05-09T02:29:36Z,0.27345926879247884,passed,True
experiment_02885,2026-05-09T02:29:36Z,0.273200640983692,passed,True
experiment_02886,2026-05-09T02:29:37Z,0.26434975149399875,passed,True
experiment_02887,2026-05-09T02:29:37Z,0.26026564669936647,passed,True
experiment_02888,2026-05-09T02:29:37Z,0.2591270498729443,passed,True
experiment_02889,2026-05-09T02:29:37Z,0.2528765644736666,passed,True
experiment_02890,2026-05-09T02:29:37Z,0.24791465773345145,passed,True
experiment_02891,2026-05-09T02:29:37Z,0.2153247357090713,passed,True
experiment_02892,2026-05-09T02:29:37Z,0.2068310911932727,passed,True
experiment_02893,2026-05-09T02:29:37Z,0.20330807494249115,passed,True
experiment_02894,2026-05-09T02:29:38Z,0.18066643995133091,passed,True
experiment_02895,2026-05-09T02:29:38Z,0.17785758176512623,passed,True
experiment_02896,2026-05-09T02:29:38Z,0.17162125848533982,passed,True
experiment_02897,2026-05-09T02:29:38Z,0.16634218981086057,passed,True
experiment_02898,2026-05-09T02:29:38Z,0.16247144278970183,passed,True
experiment_02899,2026-05-09T02:29:38Z,0.15877464500680638,passed,True
experiment_02900,2026-05-09T02:29:38Z,0.15227951728971156,passed,True
experiment_02901,2026-05-09T02:29:38Z,0.15136039453597228,passed,True
experiment_02902,2026-05-09T02:29:39Z,0.15103475663588029,passed,True
experiment_02903,2026-05-09T02:29:39Z,0.13975477262046176,passed,True
experiment_02904,2026-05-09T02:29:39Z,0.13802055026903837,passed,True
experiment_02905,2026-05-09T02:29:39Z,0.13668908806677393,passed,True
experiment_02906,2026-05-09T02:29:39Z,0.12747011050106138,passed,True
experiment_02907,2026-05-09T02:29:39Z,0.12275551891573144,passed,True
experiment_02908,2026-05-09T02:29:39Z,0.12218805708537239,passed,True
experiment_02909,2026-05-09T02:29:39Z,0.12159171058640794,passed,True
experiment_02910,2026-05-09T02:29:40Z,0.11824360015868685,passed,True
experiment_02911,2026-05-09T02:29:40Z,0.1109015602920369,passed,True
experiment_02912,2026-05-09T02:29:40Z,0.1010178570472906,passed,True
experiment_02913,2026-05-09T02:29:40Z,0.09364130576743435,passed,True
experiment_02914,2026-05-09T02:29:40Z,0.09324376812056556,passed,True
experiment_02915,2026-05-09T02:29:40Z,0.09029113275546052,passed,True
experiment_02916,2026-05-09T02:29:40Z,0.08766120472537153,passed,True
experiment_02917,2026-05-09T02:29:40Z,0.08508010393831356,passed,True
experiment_02918,2026-05-09T02:29:41Z,0.08495404264597362,passed,True
experiment_02919,2026-05-09T02:29:41Z,0.08403912340234854,passed,True
experiment_02920,2026-05-09T02:29:41Z,0.08272252382604783,passed,True
experiment_02921,2026-05-09T02:29:41Z,0.07769142514188765,passed,True
experiment_02922,2026-05-09T02:29:41Z,0.07568897540241792,passed,True
experiment_02923,2026-05-09T02:29:41Z,0.07439254099200632,passed,True
experiment_02924,2026-05-09T02:29:41Z,0.07303215355612203,passed,True
experiment_02925,2026-05-09T02:29:42Z,0.06764829468014355,passed,True
experiment_02926,2026-05-09T02:29:42Z,0.06704714818036628,passed,True
experiment_02927,2026-05-09T02:29:42Z,0.06295812318018434,passed,True
experiment_02928,2026-05-09T02:29:42Z,0.059394065959299525,passed,True
experiment_02929,2026-05-09T02:29:42Z,0.059370260930544205,passed,True
experiment_02930,2026-05-09T02:29:42Z,0.05908046828349889,passed,True
experiment_02931,2026-05-09T02:29:42Z,0.05901759923157712,passed,True
experiment_02932,2026-05-09T02:29:42Z,0.0579756217013756,passed,True
experiment_02933,2026-05-09T02:29:43Z,0.05522935814001961,passed,True
experiment_02934,2026-05-09T02:29:43Z,0.0536482135505949,passed,True
experiment_02935,2026-05-09T02:29:43Z,0.053527366025008405,passed,True
experiment_02936,2026-05-09T02:29:43Z,0.05336452884042231,passed,True
experiment_02937,2026-05-09T02:29:43Z,0.05227739558739586,passed,True
experiment_02938,2026-05-09T02:37:43Z,0.9890620170369111,passed,True
experiment_02939,2026-05-09T02:37:43Z,0.9890620170369111,passed,True
experiment_02940,2026-05-09T02:37:43Z,0.9568866021309521,passed,True
experiment_02941,2026-05-09T02:37:43Z,0.9298936974384944,passed,True
experiment_02942,2026-05-09T02:37:43Z,0.8586988833836635,passed,True
experiment_02943,2026-05-09T02:37:43Z,0.7837125327182193,passed,True
experiment_02944,2026-05-09T02:37:43Z,0.7561163403877789,passed,True
experiment_02945,2026-05-09T02:37:44Z,0.7365952358381787,passed,True
experiment_02946,2026-05-09T02:37:44Z,0.7191327091718644,passed,True
experiment_02947,2026-05-09T02:37:44Z,0.7043798426824921,passed,True
experiment_02948,2026-05-09T02:37:44Z,0.6942937680593406,passed,True
experiment_02949,2026-05-09T02:37:44Z,0.6927902377100903,passed,True
experiment_02950,2026-05-09T02:37:44Z,0.6919002675500394,passed,True
experiment_02951,2026-05-09T02:37:44Z,0.6918880949474921,passed,True
experiment_02952,2026-05-09T02:37:45Z,0.6903129364823446,passed,True
experiment_02953,2026-05-09T02:37:45Z,0.6850939279767232,passed,True
experiment_02954,2026-05-09T02:37:45Z,0.6836267206493414,passed,True
experiment_02955,2026-05-09T02:37:45Z,0.682491846584476,passed,True
experiment_02956,2026-05-09T02:37:45Z,0.6752253330037803,passed,True
experiment_02957,2026-05-09T02:37:45Z,0.6738362356468564,passed,True
experiment_02958,2026-05-09T02:37:45Z,0.6716740232877445,passed,True
experiment_02959,2026-05-09T02:37:45Z,0.6594837985942199,passed,True
experiment_02960,2026-05-09T02:37:46Z,0.649157761879323,passed,True
experiment_02961,2026-05-09T02:37:46Z,0.624509668809905,passed,True
experiment_02962,2026-05-09T02:37:46Z,0.6013236213422193,passed,True
experiment_02963,2026-05-09T02:37:46Z,0.5988153840249737,passed,True
experiment_02964,2026-05-09T02:37:46Z,0.596331243565615,passed,True
experiment_02965,2026-05-09T02:37:46Z,0.5867712629719684,passed,True
experiment_02966,2026-05-09T02:37:46Z,0.5797628127599079,passed,True
experiment_02967,2026-05-09T02:37:47Z,0.5797628127599079,passed,True
experiment_02968,2026-05-09T02:37:47Z,0.568563977644942,passed,True
experiment_02969,2026-05-09T02:37:47Z,0.5682557978967164,passed,True
experiment_02970,2026-05-09T02:37:47Z,0.5631728270590681,passed,True
experiment_02971,2026-05-09T02:37:47Z,0.5606778179943692,passed,True
experiment_02972,2026-05-09T02:37:47Z,0.5601444855760942,passed,True
experiment_02973,2026-05-09T02:37:47Z,0.5570283813240806,passed,True
experiment_02974,2026-05-09T02:37:47Z,0.5554019377572601,passed,True
experiment_02975,2026-05-09T02:37:48Z,0.5418230687003387,passed,True
experiment_02976,2026-05-09T02:37:48Z,0.5370172658231063,passed,True
experiment_02977,2026-05-09T02:37:48Z,0.5315780607086626,passed,True
experiment_02978,2026-05-09T02:37:48Z,0.5202775738812999,passed,True
experiment_02979,2026-05-09T02:37:48Z,0.5179485624881952,passed,True
experiment_02980,2026-05-09T02:37:48Z,0.5145358960185842,passed,True
experiment_02981,2026-05-09T02:37:48Z,0.5079775600938827,passed,True
experiment_02982,2026-05-09T02:37:49Z,0.4990806835540358,passed,True
experiment_02983,2026-05-09T02:37:49Z,0.4963717171554691,passed,True
experiment_02984,2026-05-09T02:37:49Z,0.4913854558859363,passed,True
experiment_02985,2026-05-09T02:37:49Z,0.4908468145543523,passed,True
experiment_02986,2026-05-09T02:37:49Z,0.4811735850349699,passed,True
experiment_02987,2026-05-09T02:37:49Z,0.4807614597494094,passed,True
experiment_02988,2026-05-09T02:37:49Z,0.47043263820736314,passed,True
experiment_02989,2026-05-09T02:37:49Z,0.4645656754763188,passed,True
experiment_02990,2026-05-09T02:37:50Z,0.46229062685672595,passed,True
experiment_02991,2026-05-09T02:37:50Z,0.45858982696830175,passed,True
experiment_02992,2026-05-09T02:37:50Z,0.4495018035468288,passed,True
experiment_02993,2026-05-09T02:37:50Z,0.44344843174258486,passed,True
experiment_02994,2026-05-09T02:37:50Z,0.4373445996725511,passed,True
experiment_02995,2026-05-09T02:37:50Z,0.43097446570267195,passed,True
experiment_02996,2026-05-09T02:37:50Z,0.41897951906554454,passed,True
experiment_02997,2026-05-09T02:37:51Z,0.41047932406449306,passed,True
experiment_02998,2026-05-09T02:37:51Z,0.410274741899606,passed,True
experiment_02999,2026-05-09T02:37:51Z,0.41019138540346134,passed,True
experiment_03000,2026-05-09T02:37:51Z,0.4071345575777059,passed,True
experiment_03001,2026-05-09T02:37:52Z,0.4050598753140022,passed,True
experiment_03002,2026-05-09T02:37:52Z,0.39875974297517125,passed,True
experiment_03003,2026-05-09T02:37:52Z,0.3931606495102731,passed,True
experiment_03004,2026-05-09T02:37:52Z,0.3815068584125836,passed,True
experiment_03005,2026-05-09T02:37:53Z,0.37973539922749566,passed,True
experiment_03006,2026-05-09T02:37:53Z,0.37973539922749566,passed,True
experiment_03007,2026-05-09T02:37:53Z,0.3796354146417027,passed,True
experiment_03008,2026-05-09T02:37:53Z,0.37374496916225475,passed,True
experiment_03009,2026-05-09T02:37:53Z,0.3647169851990828,passed,True
experiment_03010,2026-05-09T02:37:54Z,0.3614908653217732,passed,True
experiment_03011,2026-05-09T02:37:54Z,0.3577603161322891,passed,True
experiment_03012,2026-05-09T02:37:54Z,0.3498355720234496,passed,True
experiment_03013,2026-05-09T02:37:54Z,0.34501705333896737,passed,True
experiment_03014,2026-05-09T02:37:54Z,0.34336561256995246,passed,True
experiment_03015,2026-05-09T02:37:54Z,0.34055506429645277,passed,True
experiment_03016,2026-05-09T02:37:54Z,0.3281623875023705,passed,True
experiment_03017,2026-05-09T02:37:55Z,0.32529847840472037,passed,True
experiment_03018,2026-05-09T02:37:55Z,0.32461031311198596,passed,True
experiment_03019,2026-05-09T02:37:55Z,0.3219119144626088,passed,True
experiment_03020,2026-05-09T02:37:55Z,0.31649189026486724,passed,True
experiment_03021,2026-05-09T02:37:55Z,0.30548717961439564,passed,True
experiment_03022,2026-05-09T02:37:55Z,0.3021862612967521,passed,True
experiment_03023,2026-05-09T02:37:56Z,0.2997929471216896,passed,True
experiment_03024,2026-05-09T02:37:56Z,0.28779265280588007,passed,True
experiment_03025,2026-05-09T02:37:56Z,0.27345926879247884,passed,True
experiment_03026,2026-05-09T02:37:56Z,0.273200640983692,passed,True
experiment_03027,2026-05-09T02:37:56Z,0.26434975149399875,passed,True
experiment_03028,2026-05-09T02:37:56Z,0.26026564669936647,passed,True
experiment_03029,2026-05-09T02:37:56Z,0.2591270498729443,passed,True
experiment_03030,2026-05-09T02:37:57Z,0.2528765644736666,passed,True
experiment_03031,2026-05-09T02:37:57Z,0.24791465773345145,passed,True
experiment_03032,2026-05-09T02:37:57Z,0.2153247357090713,passed,True
experiment_03033,2026-05-09T02:37:57Z,0.2068310911932727,passed,True
experiment_03034,2026-05-09T02:37:57Z,0.20330807494249115,passed,True
experiment_03035,2026-05-09T02:37:57Z,0.18066643995133091,passed,True
experiment_03036,2026-05-09T02:37:57Z,0.17785758176512623,passed,True
experiment_03037,2026-05-09T02:37:58Z,0.17162125848533982,passed,True
experiment_03038,2026-05-09T02:37:58Z,0.16634218981086057,passed,True
experiment_03039,2026-05-09T02:37:58Z,0.16247144278970183,passed,True
experiment_03040,2026-05-09T02:37:58Z,0.15877464500680638,passed,True
experiment_03041,2026-05-09T02:37:58Z,0.15227951728971156,passed,True
experiment_03042,2026-05-09T02:37:58Z,0.15136039453597228,passed,True
experiment_03043,2026-05-09T02:37:58Z,0.15103475663588029,passed,True
experiment_03044,2026-05-09T02:37:59Z,0.13975477262046176,passed,True
experiment_03045,2026-05-09T02:37:59Z,0.13802055026903837,passed,True
experiment_03046,2026-05-09T02:37:59Z,0.13668908806677393,passed,True
experiment_03047,2026-05-09T02:37:59Z,0.12747011050106138,passed,True
experiment_03048,2026-05-09T02:37:59Z,0.12275551891573144,passed,True
experiment_03049,2026-05-09T02:37:59Z,0.12218805708537239,passed,True
experiment_03050,2026-05-09T02:38:00Z,0.12159171058640794,passed,True
experiment_03051,2026-05-09T02:38:00Z,0.11824360015868685,passed,True
experiment_03052,2026-05-09T02:38:00Z,0.1109015602920369,passed,True
experiment_03053,2026-05-09T02:38:00Z,0.1010178570472906,passed,True
experiment_03054,2026-05-09T02:38:00Z,0.09364130576743435,passed,True
experiment_03055,2026-05-09T02:38:00Z,0.09324376812056556,passed,True
experiment_03056,2026-05-09T02:38:00Z,0.09029113275546052,passed,True
experiment_03057,2026-05-09T02:38:00Z,0.08766120472537153,passed,True
experiment_03058,2026-05-09T02:38:01Z,0.08508010393831356,passed,True
experiment_03059,2026-05-09T02:38:01Z,0.08495404264597362,passed,True
experiment_03060,2026-05-09T02:38:01Z,0.08403912340234854,passed,True
experiment_03061,2026-05-09T02:38:01Z,0.08272252382604783,passed,True
experiment_03062,2026-05-09T02:38:01Z,0.07769142514188765,passed,True
experiment_03063,2026-05-09T02:38:02Z,0.07568897540241792,passed,True
experiment_03064,2026-05-09T02:38:02Z,0.07439254099200632,passed,True
experiment_03065,2026-05-09T02:38:02Z,0.07303215355612203,passed,True
experiment_03066,2026-05-09T02:38:02Z,0.06764829468014355,passed,True
experiment_03067,2026-05-09T02:38:02Z,0.06704714818036628,passed,True
experiment_03068,2026-05-09T02:38:02Z,0.06295812318018434,passed,True
experiment_03069,2026-05-09T02:38:02Z,0.059394065959299525,passed,True
experiment_03070,2026-05-09T02:38:02Z,0.059370260930544205,passed,True
experiment_03071,2026-05-09T02:38:03Z,0.05908046828349889,passed,True
experiment_03072,2026-05-09T02:38:03Z,0.05901759923157712,passed,True
experiment_03073,2026-05-09T02:38:03Z,0.0579756217013756,passed,True
experiment_03074,2026-05-09T02:38:03Z,0.05522935814001961,passed,True
experiment_03075,2026-05-09T02:38:03Z,0.0536482135505949,passed,True
experiment_03076,2026-05-09T02:38:03Z,0.053527366025008405,passed,True
experiment_03077,2026-05-09T02:38:03Z,0.05336452884042231,passed,True
experiment_03078,2026-05-09T02:38:04Z,0.05227739558739586,passed,True
experiment_03079,2026-05-09T02:43:20Z,0.9890620170369111,passed,True
experiment_03080,2026-05-09T02:43:20Z,0.9890620170369111,passed,True
experiment_03081,2026-05-09T02:43:20Z,0.9568866021309521,passed,True
experiment_03082,2026-05-09T02:43:20Z,0.9298936974384944,passed,True
experiment_03083,2026-05-09T02:43:20Z,0.8586988833836635,passed,True
experiment_03084,2026-05-09T02:43:20Z,0.7837125327182193,passed,True
experiment_03085,2026-05-09T02:43:20Z,0.7561163403877789,passed,True
experiment_03086,2026-05-09T02:43:20Z,0.7365952358381787,passed,True
experiment_03087,2026-05-09T02:43:21Z,0.7191327091718644,passed,True
experiment_03088,2026-05-09T02:43:21Z,0.7043798426824921,passed,True
experiment_03089,2026-05-09T02:43:21Z,0.6942937680593406,passed,True
experiment_03090,2026-05-09T02:43:21Z,0.6927902377100903,passed,True
experiment_03091,2026-05-09T02:43:21Z,0.6919002675500394,passed,True
experiment_03092,2026-05-09T02:43:21Z,0.6918880949474921,passed,True
experiment_03093,2026-05-09T02:43:21Z,0.6903129364823446,passed,True
experiment_03094,2026-05-09T02:43:21Z,0.6850939279767232,passed,True
experiment_03095,2026-05-09T02:43:22Z,0.6836267206493414,passed,True
experiment_03096,2026-05-09T02:43:22Z,0.682491846584476,passed,True
experiment_03097,2026-05-09T02:43:22Z,0.6752253330037803,passed,True
experiment_03098,2026-05-09T02:43:22Z,0.6738362356468564,passed,True
experiment_03099,2026-05-09T02:43:22Z,0.6716740232877445,passed,True
experiment_03100,2026-05-09T02:43:22Z,0.6594837985942199,passed,True
experiment_03101,2026-05-09T02:43:22Z,0.649157761879323,passed,True
experiment_03102,2026-05-09T02:43:22Z,0.624509668809905,passed,True
experiment_03103,2026-05-09T02:43:23Z,0.6013236213422193,passed,True
experiment_03104,2026-05-09T02:43:23Z,0.5988153840249737,passed,True
experiment_03105,2026-05-09T02:43:23Z,0.596331243565615,passed,True
experiment_03106,2026-05-09T02:43:23Z,0.5867712629719684,passed,True
experiment_03107,2026-05-09T02:43:23Z,0.5797628127599079,passed,True
experiment_03108,2026-05-09T02:43:23Z,0.5797628127599079,passed,True
experiment_03109,2026-05-09T02:43:23Z,0.568563977644942,passed,True
experiment_03110,2026-05-09T02:43:23Z,0.5682557978967164,passed,True
experiment_03111,2026-05-09T02:43:24Z,0.5631728270590681,passed,True
experiment_03112,2026-05-09T02:43:24Z,0.5606778179943692,passed,True
experiment_03113,2026-05-09T02:43:24Z,0.5601444855760942,passed,True
experiment_03114,2026-05-09T02:43:24Z,0.5570283813240806,passed,True
experiment_03115,2026-05-09T02:43:24Z,0.5554019377572601,passed,True
experiment_03116,2026-05-09T02:43:24Z,0.5418230687003387,passed,True
experiment_03117,2026-05-09T02:43:24Z,0.5315780607086626,passed,True
experiment_03118,2026-05-09T02:43:24Z,0.5202775738812999,passed,True
experiment_03119,2026-05-09T02:43:25Z,0.5179485624881952,passed,True
experiment_03120,2026-05-09T02:43:25Z,0.5145358960185842,passed,True
experiment_03121,2026-05-09T02:43:25Z,0.5079775600938827,passed,True
experiment_03122,2026-05-09T02:43:25Z,0.4990806835540358,passed,True
experiment_03123,2026-05-09T02:43:25Z,0.4963717171554691,passed,True
experiment_03124,2026-05-09T02:43:25Z,0.4913854558859363,passed,True
experiment_03125,2026-05-09T02:43:25Z,0.4908468145543523,passed,True
experiment_03126,2026-05-09T02:43:25Z,0.4811735850349699,passed,True
experiment_03127,2026-05-09T02:43:25Z,0.4807614597494094,passed,True
experiment_03128,2026-05-09T02:43:26Z,0.47043263820736314,passed,True
experiment_03129,2026-05-09T02:43:26Z,0.46229062685672595,passed,True
experiment_03130,2026-05-09T02:43:26Z,0.4495018035468288,passed,True
experiment_03131,2026-05-09T02:43:26Z,0.44344843174258486,passed,True
experiment_03132,2026-05-09T02:43:26Z,0.4373445996725511,passed,True
experiment_03133,2026-05-09T02:43:26Z,0.43097446570267195,passed,True
experiment_03134,2026-05-09T02:43:26Z,0.41897951906554454,passed,True
experiment_03135,2026-05-09T02:43:26Z,0.41047932406449306,passed,True
experiment_03136,2026-05-09T02:43:27Z,0.410274741899606,passed,True
experiment_03137,2026-05-09T02:43:27Z,0.41019138540346134,passed,True
experiment_03138,2026-05-09T02:43:27Z,0.4071345575777059,passed,True
experiment_03139,2026-05-09T02:43:27Z,0.4050598753140022,passed,True
experiment_03140,2026-05-09T02:43:27Z,0.39875974297517125,passed,True
experiment_03141,2026-05-09T02:43:27Z,0.3815068584125836,passed,True
experiment_03142,2026-05-09T02:43:27Z,0.37973539922749566,passed,True
experiment_03143,2026-05-09T02:43:27Z,0.37973539922749566,passed,True
experiment_03144,2026-05-09T02:43:28Z,0.3796354146417027,passed,True
experiment_03145,2026-05-09T02:43:28Z,0.37374496916225475,passed,True
experiment_03146,2026-05-09T02:43:28Z,0.3614908653217732,passed,True
experiment_03147,2026-05-09T02:43:28Z,0.3577603161322891,passed,True
experiment_03148,2026-05-09T02:43:28Z,0.3498355720234496,passed,True
experiment_03149,2026-05-09T02:43:28Z,0.34501705333896737,passed,True
experiment_03150,2026-05-09T02:43:28Z,0.34336561256995246,passed,True
experiment_03151,2026-05-09T02:43:29Z,0.34055506429645277,passed,True
experiment_03152,2026-05-09T02:43:29Z,0.3281623875023705,passed,True
experiment_03153,2026-05-09T02:43:29Z,0.32529847840472037,passed,True
experiment_03154,2026-05-09T02:43:29Z,0.32461031311198596,passed,True
experiment_03155,2026-05-09T02:43:29Z,0.3219119144626088,passed,True
experiment_03156,2026-05-09T02:43:29Z,0.31649189026486724,passed,True
experiment_03157,2026-05-09T02:43:29Z,0.30548717961439564,passed,True
experiment_03158,2026-05-09T02:43:29Z,0.3021862612967521,passed,True
experiment_03159,2026-05-09T02:43:30Z,0.2997929471216896,passed,True
experiment_03160,2026-05-09T02:43:30Z,0.28779265280588007,passed,True
experiment_03161,2026-05-09T02:43:30Z,0.27345926879247884,passed,True
experiment_03162,2026-05-09T02:43:30Z,0.273200640983692,passed,True
experiment_03163,2026-05-09T02:43:30Z,0.26434975149399875,passed,True
experiment_03164,2026-05-09T02:43:30Z,0.26026564669936647,passed,True
experiment_03165,2026-05-09T02:43:30Z,0.2591270498729443,passed,True
experiment_03166,2026-05-09T02:43:30Z,0.2528765644736666,passed,True
experiment_03167,2026-05-09T02:43:31Z,0.24791465773345145,passed,True
experiment_03168,2026-05-09T02:43:31Z,0.2153247357090713,passed,True
experiment_03169,2026-05-09T02:43:31Z,0.2068310911932727,passed,True
experiment_03170,2026-05-09T02:43:31Z,0.20330807494249115,passed,True
experiment_03171,2026-05-09T02:43:31Z,0.18066643995133091,passed,True
experiment_03172,2026-05-09T02:43:31Z,0.17785758176512623,passed,True
experiment_03173,2026-05-09T02:43:31Z,0.17162125848533982,passed,True
experiment_03174,2026-05-09T02:43:31Z,0.16634218981086057,passed,True
experiment_03175,2026-05-09T02:43:32Z,0.16247144278970183,passed,True
experiment_03176,2026-05-09T02:43:32Z,0.15877464500680638,passed,True
experiment_03177,2026-05-09T02:43:32Z,0.15227951728971156,passed,True
experiment_03178,2026-05-09T02:43:32Z,0.15136039453597228,passed,True
experiment_03179,2026-05-09T02:43:32Z,0.15103475663588029,passed,True
experiment_03180,2026-05-09T02:43:32Z,0.13975477262046176,passed,True
experiment_03181,2026-05-09T02:43:32Z,0.13802055026903837,passed,True
experiment_03182,2026-05-09T02:43:32Z,0.13668908806677393,passed,True
experiment_03183,2026-05-09T02:43:33Z,0.12747011050106138,passed,True
experiment_03184,2026-05-09T02:43:33Z,0.12275551891573144,passed,True
experiment_03185,2026-05-09T02:43:33Z,0.12218805708537239,passed,True
experiment_03186,2026-05-09T02:43:33Z,0.12159171058640794,passed,True
experiment_03187,2026-05-09T02:43:33Z,0.11824360015868685,passed,True
experiment_03188,2026-05-09T02:43:33Z,0.1109015602920369,passed,True
experiment_03189,2026-05-09T02:43:33Z,0.1010178570472906,passed,True
experiment_03190,2026-05-09T02:43:33Z,0.09364130576743435,passed,True
experiment_03191,2026-05-09T02:43:34Z,0.09324376812056556,passed,True
experiment_03192,2026-05-09T02:43:34Z,0.09029113275546052,passed,True
experiment_03193,2026-05-09T02:43:34Z,0.08766120472537153,passed,True
experiment_03194,2026-05-09T02:43:34Z,0.08508010393831356,passed,True
experiment_03195,2026-05-09T02:43:34Z,0.08495404264597362,passed,True
experiment_03196,2026-05-09T02:43:34Z,0.08403912340234854,passed,True
experiment_03197,2026-05-09T02:43:34Z,0.08272252382604783,passed,True
experiment_03198,2026-05-09T02:43:34Z,0.07769142514188765,passed,True
experiment_03199,2026-05-09T02:43:35Z,0.07568897540241792,passed,True
experiment_03200,2026-05-09T02:43:35Z,0.07439254099200632,passed,True
experiment_03201,2026-05-09T02:43:35Z,0.07303215355612203,passed,True
experiment_03202,2026-05-09T02:43:35Z,0.06764829468014355,passed,True
experiment_03203,2026-05-09T02:43:35Z,0.06704714818036628,passed,True
experiment_03204,2026-05-09T02:43:35Z,0.06295812318018434,passed,True
experiment_03205,2026-05-09T02:43:35Z,0.059394065959299525,passed,True
experiment_03206,2026-05-09T02:43:35Z,0.059370260930544205,passed,True
experiment_03207,2026-05-09T02:43:36Z,0.05908046828349889,passed,True
experiment_03208,2026-05-09T02:43:36Z,0.05901759923157712,passed,True
experiment_03209,2026-05-09T02:43:36Z,0.0579756217013756,passed,True
experiment_03210,2026-05-09T02:43:36Z,0.05522935814001961,passed,True
experiment_03211,2026-05-09T02:43:36Z,0.0536482135505949,passed,True
experiment_03212,2026-05-09T02:43:36Z,0.053527366025008405,passed,True
experiment_03213,2026-05-09T02:43:36Z,0.05336452884042231,passed,True
experiment_03214,2026-05-09T02:43:36Z,0.05227739558739586,passed,True
experiment_03215,2026-05-09T02:46:32Z,,passed,True
experiment_03216,2026-05-09T10:27:03Z,,,
experiment_03217,2026-05-09T10:28:32Z,,,
experiment_03218,2026-05-09T10:28:59Z,,,
experiment_03219,2026-05-09T10:33:14Z,,passed,True
experiment_03220,2026-05-09T10:37:00Z,,passed,True
experiment_03221,2026-05-09T10:40:56Z,,passed,True
experiment_03222,2026-05-09T10:44:27Z,,passed,True
experiment_03223,2026-05-09T10:48:27Z,,passed,True
experiment_03224,2026-05-09T10:50:59Z,0.4860229572730219,gate-scoped-changed-task-passed-inherited-failures-ignored,False
experiment_03225,2026-05-09T14:55:28Z,0.5096935425937303,passed_scoped_changed_tasks,False
experiment_03226,2026-05-09T15:17:00Z,0.3420169761217089,passed_scoped_changed_tasks,False
experiment_03227,2026-05-09T15:04:56Z,,passed,True
experiment_03228,2026-05-09T15:11:26Z,,passed,True
experiment_03229,2026-05-09T15:13:42Z,,passed,True
experiment_03230,2026-05-09T15:15:58Z,,passed,True
experiment_03231,2026-05-09T15:18:13Z,,passed,True
experiment_03232,2026-05-09T15:22:54Z,,passed,True
experiment_03233,2026-05-09T15:26:41Z,,passed,True
experiment_03234,2026-05-09T15:30:33Z,,passed,True
experiment_03235,2026-05-09T15:41:35Z,,passed,True
experiment_03236,2026-05-09T15:43:37Z,,passed,True
experiment_03237,2026-05-12T08:04:41Z,0.12275551891573144,passed,False
experiment_03238,2026-05-12T08:07:15Z,,passed,True
experiment_03239,2026-05-12T08:09:49Z,,passed,True
experiment_03240,2026-05-12T08:17:29Z,0.0,failed,False
experiment_03241,2026-05-12T08:17:29Z,0.0,failed,False
experiment_03242,2026-05-12T08:17:29Z,0.0,failed,False
experiment_03243,2026-05-12T08:17:29Z,0.0,failed,False
experiment_03244,2026-05-12T08:17:30Z,0.0,failed,False
experiment_03245,2026-05-12T08:17:30Z,0.0,failed,False
experiment_03246,2026-05-12T08:17:30Z,0.0,failed,False
experiment_03247,2026-05-12T08:17:30Z,0.0,failed,False
experiment_03248,2026-05-12T08:35:41Z,0.7437302503040595,passed,True
experiment_03249,2026-05-12T14:27:46Z,-2.404146716287709,failed,False
experiment_03250,2026-05-12T14:29:34Z,0.0,failed,False
experiment_03251,2026-05-12T14:31:23Z,14.629732759536616,failed,False
experiment_03252,2026-05-12T14:32:34Z,1.4497244026894034,pending,False
experiment_03253,2026-05-12T14:33:19Z,-1.4764454581141884,failed,False
experiment_03254,2026-05-12T14:34:53Z,18.805700309162216,failed,False
experiment_03255,2026-05-12T14:36:41Z,1.412650703175288,pending,False
experiment_03256,2026-05-12T14:41:24Z,1.412650703175288,passed_public_examples,False
experiment_03257,2026-05-12T15:06:22Z,,pending,
experiment_03258,2026-05-12T15:06:23Z,,pending,
experiment_03259,2026-05-12T15:06:23Z,,pending,
experiment_03260,2026-05-12T15:06:23Z,,pending,
experiment_03261,2026-05-12T15:06:24Z,,pending,
experiment_03262,2026-05-12T15:52:04Z,,pending,
experiment_03263,2026-05-12T15:52:04Z,,pending,
experiment_03264,2026-05-12T15:52:04Z,,pending,
experiment_03265,2026-05-12T15:52:05Z,,pending,
experiment_03266,2026-05-12T15:58:38Z,,pending,
experiment_03267,2026-05-12T15:58:38Z,,pending,
experiment_03268,2026-05-12T15:58:38Z,,pending,
experiment_03269,2026-05-12T16:02:32Z,,pending,
experiment_03270,2026-05-12T16:02:43Z,,pending,
experiment_03271,2026-05-12T16:02:43Z,,pending,
experiment_03272,2026-05-12T16:02:43Z,,pending,
experiment_03273,2026-05-12T16:06:57Z,,pending,
experiment_03274,2026-05-12T16:06:58Z,,pending,
experiment_03275,2026-05-12T16:06:58Z,,pending,
experiment_03276,2026-05-12T16:06:59Z,,pending,
experiment_03277,2026-05-12T16:06:59Z,,pending,
experiment_03278,2026-05-12T16:07:00Z,,pending,
experiment_03279,2026-05-12T16:07:01Z,,pending,
experiment_03280,2026-05-12T16:09:23Z,,pending,
experiment_03281,2026-05-12T16:09:23Z,,pending,
experiment_03282,2026-05-12T16:09:23Z,,pending,
experiment_03283,2026-05-12T16:32:08Z,,pending,
experiment_03284,2026-05-12T16:32:09Z,,pending,
experiment_03285,2026-05-12T16:32:09Z,,pending,
experiment_03286,2026-05-12T16:33:04Z,,artifact-ok-changed-public-ok,
experiment_03287,2026-05-12T16:33:05Z,,artifact-ok-changed-public-ok,
experiment_03288,2026-05-12T16:35:43Z,,artifact-ok-changed-public-ok,
experiment_03289,2026-05-12T16:35:44Z,,artifact-ok-changed-public-ok,
experiment_03290,2026-05-12T16:35:44Z,,artifact-ok-changed-public-ok,
experiment_03291,2026-05-12T16:35:45Z,,artifact-ok-changed-public-ok,
experiment_03292,2026-05-12T16:35:46Z,,artifact-ok-changed-public-ok,
experiment_03293,2026-05-12T16:35:46Z,,artifact-ok-changed-public-ok,
experiment_03294,2026-05-12T16:40:41Z,,aborted-before-artifact,
experiment_03295,2026-05-12T16:46:06Z,,pending,
experiment_03296,2026-05-12T16:46:06Z,,pending,
experiment_03297,2026-05-12T16:46:06Z,,pending,
experiment_03298,2026-05-12T17:19:22Z,0.022505599600531667,failed,False
experiment_03299,2026-05-12T17:23:32Z,18.074404802889532,passed,True
experiment_03300,2026-05-12T17:23:33Z,15.249488817063362,passed,True
experiment_03301,2026-05-12T17:32:08Z,0.2722050981801374,passed,True
experiment_03302,2026-05-12T17:32:08Z,0.3033941620152909,passed,True
experiment_03303,2026-05-12T17:32:14Z,0.29862360645883257,passed,True
experiment_03304,2026-05-12T17:32:42Z,0.29862360645883257,passed,True
experiment_03305,2026-05-12T17:34:41Z,0.2722050981801374,passed,True
experiment_03306,2026-05-12T17:37:19Z,0.04746446926980141,passed,False
experiment_03307,2026-05-12T17:37:34Z,15.951120294150442,passed,True
experiment_03308,2026-05-12T17:37:34Z,0.2722050981801374,passed,True
experiment_03309,2026-05-12T17:44:11Z,15.428076747732502,passed,True
experiment_03310,2026-05-12T17:51:19Z,,failed,False
experiment_03311,2026-05-12T17:53:11Z,,failed,False
experiment_03312,2026-05-12T17:55:02Z,,failed,False
experiment_03313,2026-05-12T17:57:23Z,-2.720760167774378,,
experiment_03314,2026-05-12T18:01:34Z,-0.7059941523853439,failed,False
experiment_03315,2026-05-12T18:02:09Z,-1.4764454581141884,failed,False
experiment_03316,2026-05-12T18:04:07Z,8.843368053244088,,
experiment_03317,2026-05-12T18:08:04Z,6.214468295616543,,
experiment_03318,2026-05-12T18:11:59Z,5.889284345460329,,
experiment_03319,2026-05-12T18:15:55Z,5.734258304584573,,
experiment_03320,2026-05-12T18:20:02Z,5.200525618295309,,
experiment_03321,2026-05-12T18:24:37Z,5.1218431229755925,,
experiment_03322,2026-05-12T18:28:35Z,4.190670866401899,,
experiment_03323,2026-05-12T18:32:32Z,3.502550604437884,,
experiment_03324,2026-05-12T18:37:08Z,3.4132426250543357,,
experiment_03325,2026-05-12T18:42:12Z,3.321534113456627,,
experiment_03326,2026-05-12T18:46:11Z,2.9143669637102025,,
experiment_03327,2026-05-12T19:35:58Z,0.29862360645883257,passed,False
experiment_03328,2026-05-12T19:35:59Z,0.1275944615005269,passed,False
experiment_03329,2026-05-12T19:35:59Z,0.14592293846994053,passed,False
experiment_03330,2026-05-12T19:36:00Z,0.08028022693242143,passed,False
experiment_03331,2026-05-12T19:36:00Z,0.04746446926980141,passed,False
experiment_03332,2026-05-12T19:36:01Z,0.04201791512471509,passed,False
experiment_03333,2026-05-12T19:36:08Z,,failed,False
experiment_03334,2026-05-12T19:39:22Z,0.6637699123798413,passed,True
experiment_03335,2026-05-12T19:45:08Z,0.5129510230783012,passed,True
experiment_03336,2026-05-12T19:51:06Z,0.46475706846729636,passed,True
experiment_03337,2026-05-12T19:57:01Z,0.33234011628785076,passed,True
experiment_03338,2026-05-12T20:03:27Z,0.33234011628785076,passed,True
experiment_03339,2026-05-12T20:11:11Z,0.0,failed,False
experiment_03340,2026-05-12T20:14:22Z,0.29862360645883257,passed,True
experiment_03341,2026-05-12T20:29:34Z,3.1698840612328834,,
experiment_03342,2026-05-12T20:30:47Z,3.1698840612328834,,
experiment_03343,2026-05-12T20:31:16Z,3.1698840612328834,,
experiment_03344,2026-05-12T20:44:51Z,3.1698840612328834,,
experiment_03345,2026-05-12T20:48:36Z,3.1698840612328834,,
experiment_03346,2026-05-12T20:52:40Z,2.820774661956923,,
experiment_03347,2026-05-12T20:57:10Z,2.7335404492295794,,
experiment_03348,2026-05-12T21:01:25Z,2.7235192628206235,,
experiment_03349,2026-05-12T21:05:28Z,2.6988540708714925,,
experiment_03350,2026-05-12T21:09:26Z,2.3860687954167847,,
experiment_03351,2026-05-12T21:13:33Z,1.97697490577419,,
experiment_03352,2026-05-12T21:17:33Z,1.9127861414506508,,
experiment_03353,2026-05-12T21:21:31Z,1.6872738718595812,,
experiment_03354,2026-05-12T21:26:05Z,1.2307834513670954,,
experiment_03355,2026-05-12T21:26:07Z,1.1389802924035877,,
experiment_03356,2026-05-12T21:26:09Z,1.1322229089205287,,
experiment_03357,2026-05-12T21:26:11Z,0.8447622486177622,,
experiment_03358,2026-05-12T21:26:13Z,0.6025867731400947,,
experiment_03359,2026-05-12T21:26:14Z,0.5656512451153013,,
experiment_03360,2026-05-12T21:26:16Z,0.5498463463918419,,
experiment_03361,2026-05-12T21:26:18Z,0.5168162983267486,,
experiment_03362,2026-05-12T21:26:19Z,0.49419071022742145,,
experiment_03363,2026-05-12T21:26:21Z,0.4726238529869864,,
experiment_03364,2026-05-12T21:26:22Z,0.4680660934493268,,
experiment_03365,2026-05-12T21:26:23Z,0.4649990532693309,,
experiment_03366,2026-05-12T21:26:24Z,0.44797124046253955,,
experiment_03367,2026-05-12T21:26:25Z,0.412317658690867,,
experiment_03368,2026-05-12T21:26:26Z,0.4071298329807185,,
experiment_03369,2026-05-12T21:26:26Z,0.3991211803212291,,
experiment_03370,2026-05-12T21:26:27Z,0.3839272792203321,,
experiment_03371,2026-05-12T21:26:28Z,0.3408843621182793,,
experiment_03372,2026-05-12T21:26:29Z,0.321474821893446,,
experiment_03373,2026-05-12T21:26:30Z,0.30447337786641526,,
experiment_03374,2026-05-12T21:26:31Z,0.30323147899624026,,
experiment_03375,2026-05-12T21:26:31Z,0.3000170696510054,,
experiment_03376,2026-05-12T21:26:32Z,0.2924740255997271,,
experiment_03377,2026-05-12T21:26:33Z,0.27976387812729797,,
experiment_03378,2026-05-12T21:26:34Z,0.27470725794220385,,
experiment_03379,2026-05-12T21:26:35Z,0.21823024045453643,,
experiment_03380,2026-05-12T21:26:35Z,0.18149847680827946,,
experiment_03381,2026-05-12T21:26:36Z,0.16145578455906673,,
experiment_03382,2026-05-12T21:35:51Z,1.6212056442900256,passed,True
experiment_03383,2026-05-12T21:35:51Z,0.9890620170369111,passed,True
experiment_03384,2026-05-12T21:35:51Z,0.9890620170369111,passed,True
experiment_03385,2026-05-12T21:35:51Z,0.9298936974384944,passed,True
experiment_03386,2026-05-12T21:35:51Z,0.8586988833836635,passed,True
experiment_03387,2026-05-12T21:35:52Z,0.6924585964910559,passed,True
experiment_03388,2026-05-12T21:35:52Z,0.6787717167980638,passed,True
experiment_03389,2026-05-12T21:35:52Z,0.6594837985942199,passed,True
experiment_03390,2026-05-12T21:35:52Z,0.5145201191526887,passed,True
experiment_03391,2026-05-12T21:35:52Z,0.44344843174258486,passed,True
experiment_03392,2026-05-12T21:35:52Z,0.3931606495102731,passed,True
experiment_03393,2026-05-12T21:35:52Z,0.386068061886478,passed,True
experiment_03394,2026-05-12T21:35:52Z,0.38164990851095837,passed,True
experiment_03395,2026-05-12T21:35:52Z,0.3636135354389456,passed,True
experiment_03396,2026-05-12T21:35:53Z,0.34501705333896737,passed,True
experiment_03397,2026-05-12T21:35:53Z,0.3362491717083973,passed,True
experiment_03398,2026-05-12T21:35:53Z,0.26026564669936647,passed,True
experiment_03399,2026-05-12T21:35:53Z,0.2591270498729443,passed,True
experiment_03400,2026-05-12T21:35:53Z,0.25567992672192474,passed,True
experiment_03401,2026-05-12T21:35:53Z,0.25240553586323955,passed,True
experiment_03402,2026-05-12T22:26:10Z,9.308125121711385,,
experiment_03403,2026-05-12T22:58:37Z,,failed,False
experiment_03404,2026-05-16T00:54:42Z,1.6212056442900256,passed,True
experiment_03405,2026-05-16T00:54:42Z,1.470625240029996,passed,True
experiment_03406,2026-05-16T00:54:42Z,1.470625240029996,passed,True
experiment_03407,2026-05-16T00:54:42Z,0.9890620170369111,passed,True
experiment_03408,2026-05-16T00:54:42Z,0.9890620170369111,passed,True
experiment_03409,2026-05-16T00:54:42Z,0.9298936974384944,passed,True
experiment_03410,2026-05-16T00:54:42Z,0.8586988833836635,passed,True
experiment_03411,2026-05-16T00:54:42Z,0.6924585964910559,passed,True
experiment_03412,2026-05-16T00:54:43Z,0.6787717167980638,passed,True
experiment_03413,2026-05-16T00:54:43Z,0.6594837985942199,passed,True
experiment_03414,2026-05-16T00:54:43Z,0.5145201191526887,passed,True
experiment_03415,2026-05-16T00:54:43Z,0.44344843174258486,passed,True
experiment_03416,2026-05-16T00:54:43Z,0.3931606495102731,passed,True
experiment_03417,2026-05-16T00:54:43Z,0.386068061886478,passed,True
experiment_03418,2026-05-16T00:54:43Z,0.38164990851095837,passed,True
experiment_03419,2026-05-16T00:54:43Z,0.3636135354389456,passed,True
experiment_03420,2026-05-16T00:54:43Z,0.34501705333896737,passed,True
experiment_03421,2026-05-16T00:54:44Z,0.3362491717083973,passed,True
experiment_03422,2026-05-16T00:54:44Z,0.26026564669936647,passed,True
experiment_03423,2026-05-16T00:54:44Z,0.2591270498729443,passed,True
experiment_03424,2026-05-16T00:54:44Z,0.25567992672192474,passed,True
experiment_03425,2026-05-16T00:54:44Z,0.25240553586323955,passed,True
experiment_03426,2026-05-16T00:58:17Z,0.6647517484920975,passed,True
experiment_03427,2026-05-16T01:00:16Z,0.5129510230783012,passed,True
experiment_03428,2026-05-16T01:02:06Z,0.0,failed,False
experiment_03429,2026-05-16T01:03:58Z,0.0,failed,False
experiment_03430,2026-05-16T01:05:48Z,-1.4984313448612365,failed,False
experiment_03431,2026-05-16T01:07:39Z,-1.7776665941921177,failed,False
experiment_03432,2026-05-16T01:10:37Z,0.6637699123798413,passed,True
experiment_03433,2026-05-16T01:12:20Z,0.29862360645883257,passed,True
experiment_03434,2026-05-16T01:13:00Z,2.481051177313214,candidate-built,pending-gate
experiment_03435,2026-05-16T01:13:00Z,3.1598228941112776,candidate-built,pending-gate
experiment_03436,2026-05-16T01:13:00Z,3.8193066927054975,candidate-built,pending-gate
experiment_03437,2026-05-16T01:13:00Z,4.333826811858186,candidate-built,pending-gate
experiment_03438,2026-05-16T01:13:00Z,4.777275243600771,candidate-built,pending-gate
experiment_03439,2026-05-16T01:13:01Z,5.170435893111044,candidate-built,pending-gate
experiment_03440,2026-05-16T01:13:01Z,5.5520858016220025,candidate-built,pending-gate
experiment_03441,2026-05-16T01:13:01Z,5.915699337060948,candidate-built,pending-gate
experiment_03442,2026-05-16T01:13:01Z,3.403933114419692,candidate-built,pending-gate
experiment_03443,2026-05-16T01:13:01Z,2.988682662778613,candidate-built,pending-gate
experiment_03444,2026-05-16T01:13:01Z,2.6893847157978303,candidate-built,pending-gate
experiment_03445,2026-05-16T01:13:01Z,2.392262907510725,candidate-built,pending-gate
experiment_03446,2026-05-16T01:13:01Z,2.0963926443554506,candidate-built,pending-gate
experiment_03447,2026-05-16T01:13:01Z,3.3750450662831835,candidate-built,pending-gate
experiment_03448,2026-05-16T01:13:02Z,3.1069344327773134,candidate-built,pending-gate
experiment_03449,2026-05-16T01:13:02Z,3.8473815461622767,candidate-built,pending-gate
experiment_03450,2026-05-16T01:14:05Z,0.5129510230783012,passed,True
experiment_03451,2026-05-16T19:46:30Z,0.5208570293116335,passed,True
experiment_03452,2026-05-16T19:49:51Z,1.0294408599034224,failed,False
experiment_03453,2026-05-16T20:47:19Z,-3.83825741749758,failed,False
experiment_03454,2026-05-16T20:49:07Z,-2.303906415122791,failed,False
experiment_03455,2026-05-16T20:50:53Z,-2.0183174259192374,failed,False
experiment_03456,2026-05-16T20:52:42Z,-2.778578356603001,failed,False
experiment_03457,2026-05-16T20:58:05Z,0.3841624344561989,failed,False
experiment_03458,2026-05-16T20:59:47Z,0.0,passed,True
experiment_03459,2026-05-16T21:01:28Z,0.002455539185147515,passed,True
experiment_03460,2026-05-16T21:03:08Z,0.0,passed,True
experiment_03461,2026-05-16T21:04:48Z,0.33234011628785076,passed,True
experiment_03462,2026-05-16T21:06:34Z,-0.18766878083556016,passed,True
experiment_03463,2026-05-16T21:08:39Z,0.0,passed,True
experiment_03464,2026-05-16T21:10:30Z,0.33234011628785076,passed,True
experiment_03465,2026-05-16T21:11:04Z,0.001106109832713642,passed,True
experiment_03466,2026-05-16T21:12:22Z,0.24996599953521148,passed,True
experiment_03467,2026-05-16T21:12:52Z,-0.2760894198030872,passed,True
experiment_03468,2026-05-16T21:14:34Z,0.15549826175109516,failed,False
experiment_03469,2026-05-16T21:16:15Z,0.5823061158230622,passed,True
experiment_03470,2026-05-16T21:16:18Z,-0.28376841467096625,passed,True
experiment_03471,2026-05-16T21:18:02Z,0.07231415842012545,passed,True
experiment_03472,2026-05-16T21:20:05Z,0.03707369951411543,passed,True
experiment_03473,2026-05-16T21:21:46Z,-0.248688336755869,passed,True
experiment_03474,2026-05-16T21:23:36Z,-0.37764538457080477,passed,True
experiment_03475,2026-05-16T21:25:30Z,0.29862360645883257,passed,True
experiment_03476,2026-05-16T21:27:20Z,-0.36539975945116154,passed,True
experiment_03477,2026-05-16T21:28:16Z,-2.404146716287709,failed,False
experiment_03478,2026-05-16T21:29:32Z,14.303316332752429,passed,True
experiment_03479,2026-05-16T21:30:32Z,15.997914566844276,failed,False
experiment_03480,2026-05-16T21:31:35Z,-0.46799676790898737,passed,True
experiment_03481,2026-05-16T21:32:28Z,-0.7059941523853439,failed,False
experiment_03482,2026-05-16T21:33:24Z,-0.18522650667977736,passed,True
experiment_03483,2026-05-16T21:35:08Z,-0.557409657838214,passed,True
experiment_03484,2026-05-16T21:36:58Z,-0.5099453420190052,passed,True
experiment_03485,2026-05-16T21:38:43Z,0.39291162986517136,passed,True
experiment_03486,2026-05-16T21:40:30Z,-0.5570970759114644,passed,True
experiment_03487,2026-05-16T21:42:15Z,-0.37309588084527867,passed,True
experiment_03488,2026-05-16T21:43:57Z,-0.626667990918266,passed,True
experiment_03489,2026-05-16T21:45:13Z,0.025566261011114477,,
experiment_03490,2026-05-16T21:45:15Z,0.0006347527322354551,,
experiment_03491,2026-05-17T03:44:38Z,0.5000093924568354,passed,True
experiment_03492,2026-05-17T03:50:02Z,0.5091187271197306,passed,True
experiment_03493,2026-05-17T03:56:29Z,0.5528063390417923,passed,True
experiment_03494,2026-05-17T04:02:12Z,0.3658632271395774,passed,True
experiment_03495,2026-05-17T04:08:18Z,0.4822703691968293,passed,True
experiment_03496,2026-05-17T04:14:34Z,0.0,failed,False
experiment_03497,2026-05-17T04:16:17Z,0.4705175419180243,passed,True
experiment_03498,2026-05-17T04:22:12Z,0.3622172775826975,failed,False
experiment_03499,2026-05-17T04:23:55Z,0.46321277530289073,passed,True
experiment_03500,2026-05-17T04:29:56Z,0.4555007556972903,passed,True
experiment_03501,2026-05-17T04:35:44Z,0.36260018347000766,passed,True
experiment_03502,2026-05-17T04:41:11Z,0.3646327267293632,passed,True
experiment_03503,2026-05-17T05:04:46Z,0.0,failed,False
experiment_03504,2026-05-17T05:06:33Z,0.0,failed,False
experiment_03505,2026-05-17T05:08:16Z,0.24996599953521148,passed,False
experiment_03506,2026-05-17T05:08:31Z,0.3622172775826975,failed,False
experiment_03507,2026-05-17T05:10:15Z,0.17885993142107637,passed,False
experiment_03508,2026-05-17T05:10:33Z,0.35625876858417804,passed,True
experiment_03509,2026-05-17T05:12:14Z,0.11533235013666143,passed,False
experiment_03510,2026-05-17T05:13:57Z,0.11533235013666143,passed,False
experiment_03511,2026-05-17T05:16:10Z,0.07231415842012545,passed,False
experiment_03512,2026-05-17T05:17:03Z,0.0,failed,False
experiment_03513,2026-05-17T05:18:26Z,0.07231415842012545,passed,False
experiment_03514,2026-05-17T05:19:18Z,0.31187471160512814,passed,True
experiment_03515,2026-05-17T05:21:04Z,0.07149889689485889,passed,False
experiment_03516,2026-05-17T05:23:02Z,0.057367326034912125,passed,False
experiment_03517,2026-05-17T05:25:48Z,0.31085100776689245,passed,True
experiment_03518,2026-05-17T05:27:42Z,0.002455539185147515,passed,True
experiment_03519,2026-05-17T05:29:29Z,0.001927578732594526,passed,True
experiment_03520,2026-05-17T05:33:49Z,0.3078804582387882,passed,True
experiment_03521,2026-05-17T05:39:34Z,0.3062584580247183,passed,True
experiment_03522,2026-05-17T05:44:54Z,0.0006347527322354551,passed,True
experiment_03523,2026-05-17T05:46:35Z,0.2912987129219715,passed,True
experiment_03524,2026-05-17T05:51:55Z,0.2802253998726467,passed,True
experiment_03525,2026-05-17T05:57:46Z,1.6212056442900256,passed,True
experiment_03526,2026-05-17T05:57:47Z,1.470625240029996,passed,True
experiment_03527,2026-05-17T05:57:47Z,1.470625240029996,passed,True
experiment_03528,2026-05-17T05:57:47Z,0.9890620170369111,passed,True
experiment_03529,2026-05-17T05:57:47Z,0.9890620170369111,passed,True
experiment_03530,2026-05-17T05:57:47Z,0.9298936974384944,passed,True
experiment_03531,2026-05-17T05:57:47Z,0.8586988833836635,passed,True
experiment_03532,2026-05-17T05:57:47Z,0.6924585964910559,passed,True
experiment_03533,2026-05-17T05:57:47Z,0.6787717167980638,passed,True
experiment_03534,2026-05-17T05:57:48Z,0.6594837985942199,passed,True
experiment_03535,2026-05-17T05:57:48Z,0.5145201191526887,passed,True
experiment_03536,2026-05-17T05:57:48Z,0.44344843174258486,passed,True
experiment_03537,2026-05-17T05:57:48Z,0.3931606495102731,passed,True
experiment_03538,2026-05-17T05:57:48Z,0.386068061886478,passed,True
experiment_03539,2026-05-17T05:57:48Z,0.38164990851095837,passed,True
experiment_03540,2026-05-17T05:57:48Z,0.3636135354389456,passed,True
experiment_03541,2026-05-17T05:57:48Z,0.34501705333896737,passed,True
experiment_03542,2026-05-17T05:57:48Z,0.3362491717083973,passed,True
experiment_03543,2026-05-17T06:06:47Z,0.9298936974384944,passed,False
experiment_03544,2026-05-17T06:06:47Z,0.8293737574194253,passed,False
experiment_03545,2026-05-17T06:06:47Z,0.6924585964910559,passed,False
experiment_03546,2026-05-17T06:06:48Z,0.6863596048061993,passed,False
experiment_03547,2026-05-17T06:06:48Z,0.6818293556272828,passed,False
experiment_03548,2026-05-17T06:06:49Z,0.6661854373498262,passed,False
experiment_03549,2026-05-17T06:06:49Z,0.6594837985942199,passed,False
experiment_03550,2026-05-17T06:06:49Z,0.6362198427739312,passed,False
experiment_03551,2026-05-17T06:06:50Z,0.5907674516942496,passed,False
experiment_03552,2026-05-17T06:06:50Z,0.5278007717859623,passed,False
experiment_03553,2026-05-17T06:08:23Z,0.5129510230783012,passed,True
experiment_03554,2026-05-17T06:10:06Z,0.0,passed,True
experiment_03555,2026-05-17T06:11:46Z,0.0,passed,True
experiment_03556,2026-05-17T06:13:27Z,0.04248927997850416,passed,True
experiment_03557,2026-05-17T06:15:10Z,0.0,passed,True
experiment_03558,2026-05-17T06:16:50Z,0.6863596048061993,passed,True
experiment_03559,2026-05-17T06:22:10Z,0.0017338539237456985,passed,True
experiment_03560,2026-05-17T06:23:53Z,0.0,passed,True
experiment_03561,2026-05-17T06:25:33Z,0.6647517484920975,passed,True
experiment_03562,2026-05-17T06:27:15Z,0.6554019679400138,passed,True
experiment_03563,2026-05-17T06:33:00Z,0.22904264256949247,passed,True
experiment_03564,2026-05-17T06:34:41Z,0.5492691718962117,failed,False
experiment_03565,2026-05-17T06:36:23Z,0.0,passed,True
experiment_03566,2026-05-17T06:38:03Z,0.5333269692407079,passed,True
experiment_03567,2026-05-17T06:43:22Z,0.0,passed,True
experiment_03568,2026-05-17T06:45:02Z,0.0,passed,True
experiment_03569,2026-05-17T06:46:43Z,0.0,failed,False
experiment_03570,2026-05-17T06:48:23Z,0.0,failed,False
experiment_03571,2026-05-17T06:50:03Z,0.0,failed,False
experiment_03572,2026-05-17T06:51:42Z,0.0,failed,False
experiment_03573,2026-05-17T06:53:22Z,0.3622172775826975,failed,False
experiment_03574,2026-05-17T06:55:04Z,0.44207097797518813,passed,True
experiment_03575,2026-05-17T07:00:53Z,0.3438060653168531,failed,False
experiment_03576,2026-05-17T07:02:33Z,0.0,failed,False
experiment_03577,2026-05-17T07:04:12Z,0.4142393579483823,passed,True
experiment_03578,2026-05-17T07:09:59Z,0.39291162986517136,passed,True
experiment_03579,2026-05-17T07:11:42Z,0.0659869941041542,passed,True
experiment_03580,2026-05-17T07:13:24Z,0.0,failed,False
experiment_03581,2026-05-17T07:15:04Z,0.0,failed,False
experiment_03582,2026-05-17T07:16:44Z,0.0,failed,False
experiment_03583,2026-05-17T07:18:24Z,0.0,failed,False
experiment_03584,2026-05-17T07:20:06Z,0.0006347527322354551,passed,True
experiment_03585,2026-05-17T09:28:12Z,1.470625240029996,passed,True
experiment_03586,2026-05-17T09:28:12Z,1.470625240029996,passed,True
experiment_03587,2026-05-17T09:28:12Z,0.9890620170369111,passed,True
experiment_03588,2026-05-17T09:28:12Z,0.9890620170369111,passed,True
experiment_03589,2026-05-17T09:38:42Z,1.470625240029996,passed,True
experiment_03590,2026-05-17T09:38:42Z,1.470625240029996,passed,True
experiment_03591,2026-05-17T09:38:42Z,0.9890620170369111,passed,True
experiment_03592,2026-05-17T09:38:42Z,0.9890620170369111,passed,True
experiment_03593,2026-05-17T09:38:43Z,0.26026564669936647,passed,True
experiment_03594,2026-05-17T09:38:43Z,0.2591270498729443,passed,True
experiment_03595,2026-05-17T09:38:43Z,0.25567992672192474,passed,True
experiment_03596,2026-05-17T09:38:43Z,0.25240553586323955,passed,True
experiment_03597,2026-05-17T18:57:38Z,0.9890620170369111,passed,True
experiment_03598,2026-05-17T18:57:38Z,0.9890620170369111,passed,True
experiment_03599,2026-05-17T18:57:38Z,0.26026564669936647,passed,True
experiment_03600,2026-05-17T18:57:39Z,0.25567992672192474,passed,True
experiment_03601,2026-05-17T18:57:39Z,0.25240553586323955,passed,True
experiment_03602,2026-05-17T18:58:52Z,14.42007916922607,passed,True
experiment_03603,2026-05-17T19:01:16Z,0.03707369951411543,passed,True
experiment_03604,2026-05-17T19:08:54Z,0.24996599953521148,passed,True
experiment_03605,2026-05-17T22:01:47Z,0.9890620170369111,passed,True
experiment_03606,2026-05-17T22:01:47Z,0.9890620170369111,passed,True
experiment_03607,2026-05-17T22:01:47Z,0.26026564669936647,passed,True
experiment_03608,2026-05-17T22:01:47Z,0.2591270498729443,passed,True
experiment_03609,2026-05-17T22:01:48Z,0.25567992672192474,passed,True
experiment_03610,2026-05-17T22:01:48Z,0.25240553586323955,passed,True
experiment_03611,2026-05-17T22:01:48Z,0.24990886570935622,passed,True
experiment_03612,2026-05-17T22:01:48Z,0.24070287703994175,passed,True
experiment_03613,2026-05-17T22:01:48Z,0.22560308657209838,passed,True
experiment_03614,2026-05-17T22:01:48Z,0.18905275595760962,passed,True
experiment_03615,2026-05-17T22:01:48Z,0.18066643995133091,passed,True
experiment_03616,2026-05-17T22:01:48Z,0.17162125848533982,passed,True
experiment_03617,2026-05-17T22:01:48Z,0.16883744107131804,passed,True
experiment_03618,2026-05-17T22:01:49Z,0.15136039453597228,passed,True
experiment_03619,2026-05-17T22:01:49Z,0.15103475663588029,passed,True
experiment_03620,2026-05-17T22:01:49Z,0.13799490546129967,passed,True
experiment_03621,2026-05-17T22:01:49Z,0.13668908806677393,passed,True
experiment_03622,2026-05-17T22:01:49Z,0.1236442705436307,passed,True
experiment_03623,2026-05-17T22:01:49Z,0.11055012372243667,passed,True
experiment_03624,2026-05-17T22:01:49Z,0.1048254282090042,passed,True
experiment_03625,2026-05-17T22:05:27Z,0.9890620170369111,passed,True
experiment_03626,2026-05-17T22:05:27Z,0.9890620170369111,passed,True
experiment_03627,2026-05-17T22:05:27Z,0.26026564669936647,passed,True
experiment_03628,2026-05-17T22:05:27Z,0.25240553586323955,passed,True
experiment_03629,2026-05-17T22:05:27Z,0.22560308657209838,passed,True
experiment_03630,2026-05-17T22:05:27Z,0.18905275595760962,passed,True
experiment_03631,2026-05-17T22:05:27Z,0.18066643995133091,passed,True
experiment_03632,2026-05-17T22:05:28Z,0.17162125848533982,passed,True
experiment_03633,2026-05-17T22:05:28Z,0.16883744107131804,passed,True
experiment_03634,2026-05-17T22:05:28Z,0.15136039453597228,passed,True
experiment_03635,2026-05-17T22:05:28Z,0.15103475663588029,passed,True
experiment_03636,2026-05-17T22:05:28Z,0.13799490546129967,passed,True
experiment_03637,2026-05-17T22:05:28Z,0.13668908806677393,passed,True
experiment_03638,2026-05-17T22:05:28Z,0.11055012372243667,passed,True
experiment_03639,2026-05-17T22:05:28Z,0.1048254282090042,passed,True
experiment_03640,2026-05-17T22:09:33Z,0.0,passed,True
experiment_03641,2026-05-17T22:11:15Z,0.0,passed,True
experiment_03642,2026-05-17T22:13:19Z,,failed,False
experiment_03643,2026-05-17T22:17:22Z,-0.7049340536256476,failed,False
experiment_03644,2026-05-17T22:18:09Z,-0.8688648067047833,passed,True
experiment_03645,2026-05-17T22:19:13Z,-0.5401272797858958,failed,False
experiment_03646,2026-05-17T22:20:32Z,0.6647517484920975,passed,True
experiment_03647,2026-05-17T22:22:07Z,0.0,no_eligible_candidate,False
experiment_03648,2026-05-18T01:04:03Z,0.0,no_eligible_candidate,False
experiment_03649,2026-05-17T22:24:33Z,0.39291162986517136,passed,True
experiment_03650,2026-05-17T22:25:28Z,0.13668908806677393,passed,True
experiment_03651,2026-05-17T22:28:41Z,0.29862360645883257,passed,True
experiment_03652,2026-05-17T22:31:22Z,0.4816526051137071,failed,False
experiment_03653,2026-05-17T22:33:15Z,0.25887427405906394,failed,False
experiment_03654,2026-05-17T22:35:00Z,-0.5439261228329926,passed,True
experiment_03655,2026-05-17T22:39:51Z,0.13668908806677393,passed,True
experiment_03656,2026-05-17T22:41:37Z,0.4816526051137071,failed,False
experiment_03657,2026-05-17T22:43:21Z,0.25887427405906394,passed,True
experiment_03658,2026-05-17T22:48:52Z,-0.5439261228329926,passed,True
experiment_03659,2026-05-17T22:50:34Z,0.0,passed,True
experiment_03660,2026-05-17T22:52:17Z,0.0,passed,True
experiment_03661,2026-05-17T22:54:00Z,0.0,passed,True
experiment_03662,2026-05-17T22:55:44Z,0.5076529064506019,passed,True
experiment_03663,2026-05-17T23:01:40Z,0.0,passed,True
experiment_03664,2026-05-17T23:03:23Z,0.0,passed,True
experiment_03665,2026-05-17T23:05:07Z,-1.7674756058341394,passed,True
experiment_03666,2026-05-17T23:06:49Z,0.13376278140319897,passed,True
experiment_03667,2026-05-17T23:12:36Z,-0.9650137301101243,passed,True
experiment_03668,2026-05-17T23:14:17Z,0.002338598842596795,passed,True
experiment_03669,2026-05-17T23:16:01Z,-0.09499117615006547,passed,True
experiment_03670,2026-05-17T23:17:43Z,0.00011143147672143527,passed,True
experiment_03671,2026-05-17T23:19:25Z,-0.05331675219190046,failed,False
experiment_03672,2026-05-17T23:21:09Z,0.0,passed,True
experiment_03673,2026-05-17T23:22:50Z,-0.5748254713392686,passed,True
experiment_03674,2026-05-17T23:24:31Z,0.0,failed,False
experiment_03675,2026-05-17T23:26:13Z,-0.15813041960176477,passed,True
experiment_03676,2026-05-17T23:27:55Z,-1.6341425339350852,passed,True
experiment_03677,2026-05-17T23:29:36Z,0.0,passed,True
experiment_03678,2026-05-17T23:31:18Z,0.24070287703994175,passed,True
experiment_03679,2026-05-17T23:37:27Z,0.0,passed,True
experiment_03680,2026-05-17T23:39:09Z,-0.1318156627248186,passed,True
experiment_03681,2026-05-17T23:40:51Z,0.0,passed,True
experiment_03682,2026-05-17T23:42:32Z,0.0,passed,True
experiment_03683,2026-05-17T23:44:15Z,0.0,passed,True
experiment_03684,2026-05-17T23:45:57Z,0.057250063867835266,passed,True
experiment_03685,2026-05-17T23:47:41Z,-6.398594934535209,passed,True
experiment_03686,2026-05-17T23:49:23Z,-1.8900066221989018,passed,True
experiment_03687,2026-05-17T23:51:04Z,-0.18657199045308204,passed,True
experiment_03688,2026-05-17T23:52:46Z,0.25124256435521986,failed,False
experiment_03689,2026-05-17T23:54:28Z,0.0,passed,True
experiment_03690,2026-05-17T23:56:11Z,0.0,passed,True
experiment_03691,2026-05-17T23:57:55Z,0.0,passed,True
experiment_03692,2026-05-17T23:59:38Z,-0.23871291713251352,passed,True
experiment_03693,2026-05-18T00:01:19Z,-0.828414036034312,passed,True
experiment_03694,2026-05-18T00:03:01Z,0.0459440249298293,passed,True
experiment_03695,2026-05-18T00:04:45Z,0.0,passed,True
experiment_03696,2026-05-18T00:06:27Z,0.3678962295160204,passed,True
experiment_03697,2026-05-18T00:12:14Z,-2.791734169824215,passed,True
experiment_03698,2026-05-18T00:13:55Z,0.0,passed,True
experiment_03699,2026-05-18T00:15:37Z,-0.624307321682922,passed,True
experiment_03700,2026-05-18T00:17:19Z,-0.5792989482756603,passed,True
experiment_03701,2026-05-18T00:19:01Z,0.0,passed,True
experiment_03702,2026-05-18T00:20:43Z,0.15103475663588029,passed,True
experiment_03703,2026-05-18T00:26:10Z,0.0,passed,True
experiment_03704,2026-05-18T00:27:52Z,0.0,passed,True
experiment_03705,2026-05-18T00:29:33Z,-0.906233579544061,passed,True
experiment_03706,2026-05-18T00:31:15Z,-0.6946505634539761,passed,True
experiment_03707,2026-05-18T00:32:57Z,0.6893136261216828,failed,False
experiment_03708,2026-05-18T00:34:39Z,-0.7726053014633543,passed,True
experiment_03709,2026-05-18T00:36:20Z,-0.24520286004307934,passed,True
experiment_03710,2026-05-18T00:38:02Z,0.22390522902890986,passed,True
experiment_03711,2026-05-18T00:43:50Z,0.0,passed,True
experiment_03712,2026-05-18T00:45:32Z,0.0,passed,True
experiment_03713,2026-05-18T00:47:15Z,0.0,passed,True
experiment_03714,2026-05-18T00:48:57Z,0.0,passed,True
experiment_03715,2026-05-18T00:50:19Z,0.7301877429778472,passed,True
experiment_03716,2026-05-18T00:50:19Z,0.7301877429778472,passed,True
experiment_03717,2026-05-18T00:50:19Z,0.26026564669936647,passed,True
experiment_03718,2026-05-18T00:50:19Z,0.2591270498729443,passed,True
experiment_03719,2026-05-18T00:50:19Z,0.25567992672192474,passed,True
experiment_03720,2026-05-18T00:50:19Z,0.25240553586323955,passed,True
experiment_03721,2026-05-18T00:50:20Z,0.24990886570935622,passed,True
experiment_03722,2026-05-18T00:50:20Z,0.22560308657209838,passed,True
experiment_03723,2026-05-18T00:50:20Z,0.18905275595760962,passed,True
experiment_03724,2026-05-18T00:50:20Z,0.18066643995133091,passed,True
experiment_03725,2026-05-18T00:50:20Z,0.17162125848533982,passed,True
experiment_03726,2026-05-18T00:50:20Z,0.16883744107131804,passed,True
experiment_03727,2026-05-18T00:50:20Z,0.15136039453597228,passed,True
experiment_03728,2026-05-18T00:50:20Z,0.13799490546129967,passed,True
experiment_03729,2026-05-18T00:50:20Z,0.11055012372243667,passed,True
experiment_03730,2026-05-18T01:01:21Z,14.168688479776044,passed,True
experiment_03731,2026-05-18T01:03:35Z,0.17885993142107637,passed,True
experiment_03732,2026-05-18T01:16:34Z,0.13668908806677393,passed,True
experiment_03733,2026-05-18T01:18:18Z,0.4816526051137071,failed,False
experiment_03734,2026-05-18T01:20:01Z,-0.5439261228329926,passed,True
experiment_03735,2026-05-18T01:21:43Z,0.0,passed,True
experiment_03736,2026-05-18T01:23:26Z,0.0,passed,True
experiment_03737,2026-05-18T01:25:08Z,0.0,passed,True
experiment_03738,2026-05-18T01:26:52Z,0.0,passed,True
experiment_03739,2026-05-18T01:28:35Z,0.0,passed,True
experiment_03740,2026-05-18T01:30:20Z,-1.7674756058341394,passed,True
experiment_03741,2026-05-18T01:32:02Z,-0.9650137301101243,passed,True
experiment_03742,2026-05-18T01:33:44Z,0.002338598842596795,passed,True
experiment_03743,2026-05-18T01:35:47Z,-0.09499117615006547,passed,True
experiment_03744,2026-05-18T01:36:26Z,0.1014123035434551,failed,False
experiment_03745,2026-05-18T01:36:26Z,0.11533235013666143,passed,True
experiment_03746,2026-05-18T01:37:40Z,13.818513460043134,passed,True
experiment_03747,2026-05-18T01:48:59Z,,failed,False
experiment_03748,2026-05-18T04:49:23Z,,no-candidate,False
experiment_03749,2026-05-18T04:51:48Z,15.72800024763709,passed,True
experiment_03750,2026-05-18T04:51:49Z,0.07149889689485889,passed,True
experiment_03751,2026-05-18T04:58:39Z,0.33234011628785076,passed,True
experiment_03752,2026-05-18T05:01:46Z,,summary-recorded,False
experiment_03753,2026-05-18T05:02:02Z,,summary-corrected,False
experiment_03754,2026-05-18T05:03:59Z,0.13668908806677393,passed,True
experiment_03755,2026-05-18T05:05:49Z,0.4816526051137071,failed,False
experiment_03756,2026-05-18T05:07:41Z,-0.5439261228329926,passed,True
experiment_03757,2026-05-18T05:09:33Z,0.0,passed,True
experiment_03758,2026-05-18T05:11:31Z,0.0,passed,True
experiment_03759,2026-05-18T05:13:21Z,0.0,passed,True
experiment_03760,2026-05-18T05:15:13Z,0.0,passed,True
experiment_03761,2026-05-18T05:17:08Z,0.0,passed,True
experiment_03762,2026-05-18T05:19:14Z,-1.7674756058341394,passed,True
experiment_03763,2026-05-18T05:19:22Z,,no-candidate,False
experiment_03764,2026-05-18T05:21:21Z,-0.9650137301101243,passed,True
experiment_03765,2026-05-18T05:23:12Z,0.0,passed,True
experiment_03766,2026-05-18T05:23:13Z,0.0017338539237456985,passed,True
experiment_03767,2026-05-18T05:23:44Z,13.52686581092302,passed,True
experiment_03768,2026-05-18T05:26:07Z,-0.09499117615006547,passed,True
experiment_03769,2026-05-18T05:27:49Z,0.002455539185147515,passed,True
experiment_03770,2026-05-18T05:27:50Z,-2.5718080949113773,passed,True
experiment_03771,2026-05-18T05:27:50Z,14.303316332752429,passed,True
experiment_03772,2026-05-18T05:28:49Z,13.818513460043134,passed,True
experiment_03773,2026-05-18T05:31:43Z,14.660453474271074,failed,False
experiment_03774,2026-05-18T05:32:21Z,,summary-recorded,False
experiment_03775,2026-05-18T05:34:09Z,,no-safe-candidate,False
experiment_03776,2026-05-18T05:38:05Z,0.29245521692000587,passed,True
experiment_03777,2026-05-18T05:38:05Z,-0.03607128522141245,passed,True
experiment_03778,2026-05-18T05:38:13Z,0.153314681295031,passed,True
experiment_03779,2026-05-18T05:41:59Z,-0.0468432648239574,passed,True
experiment_03780,2026-05-18T05:43:53Z,,recorded-candidates-official-gate-hold,False
experiment_03781,2026-05-18T05:45:11Z,0.6647517484920975,passed,True
experiment_03782,2026-05-18T05:48:26Z,0.6647517484920975,passed,True
experiment_03783,2026-05-18T05:51:04Z,0.29245521692000587,passed,True
experiment_03784,2026-05-18T06:00:15Z,0.153314681295031,passed,True
experiment_03785,2026-05-18T06:06:28Z,-2.4143565498524424,passed,True
experiment_03786,2026-05-18T06:08:19Z,0.1141855953866866,passed,True
experiment_03787,2026-05-18T06:10:18Z,-3.125211348973565,passed,True
experiment_03788,2026-05-18T06:12:07Z,-1.5889077478195421,passed,True
experiment_03789,2026-05-18T06:14:05Z,-0.6476022123312415,passed,True
experiment_03790,2026-05-18T06:21:21Z,,failed,False
experiment_03791,2026-05-18T07:34:23Z,0.0,failed,False
experiment_03792,2026-05-18T07:34:49Z,0.12268433947232538,passed,True
experiment_03793,2026-05-18T07:34:41Z,,public-candidates-only,False
experiment_03794,2026-05-18T07:36:35Z,13.927550430477748,passed,True
experiment_03795,2026-05-18T07:36:49Z,-0.27446562226612947,passed,True
experiment_03796,2026-05-18T07:38:47Z,-3.0820834641894397,passed,True
experiment_03797,2026-05-18T07:40:40Z,-0.18522650667977736,passed,True
experiment_03798,2026-05-18T07:42:33Z,0.03707369951411543,passed,True
experiment_03799,2026-05-18T07:44:54Z,-2.587070572420199,passed,True
experiment_03800,2026-05-18T07:46:23Z,,failed,False
experiment_03801,2026-05-18T07:46:49Z,-0.8578835283559361,passed,True
experiment_03802,2026-05-18T07:48:33Z,-0.7545218081513774,passed,True
experiment_03803,2026-05-18T07:52:03Z,,selected-candidate-gate-dryrun-pass,False
experiment_03804,2026-05-18T16:55:00Z,,public-analysis-only,False
experiment_03805,2026-05-19T03:48:00Z,,public-analysis-only,False
experiment_03806,2026-05-19T04:05:00Z,,public-analysis-only,False
experiment_03807,2026-05-18T16:53:25Z,7.196286880021679,,
experiment_03808,2026-05-18T16:56:00Z,6.950702515131056,,
experiment_03809,2026-05-18T16:58:37Z,6.950702515131056,,
experiment_03810,2026-05-18T17:01:34Z,4.124113153845702,,
experiment_03811,2026-05-18T17:04:32Z,4.033920992188548,,
experiment_03812,2026-05-18T17:11:12Z,4.015612575106871,,
experiment_03813,2026-05-18T17:17:07Z,4.015612575106871,,
experiment_03814,2026-05-18T17:20:57Z,7.196286880021679,,
experiment_03815,2026-05-18T17:27:24Z,6.950702515131056,,
experiment_03816,2026-05-18T17:33:52Z,6.950702515131056,,
experiment_03817,2026-05-18T17:37:23Z,3.7740718881768913,,
experiment_03818,2026-05-18T17:37:26Z,3.636916081292595,,
experiment_03819,2026-05-18T17:37:27Z,3.60874126292169,,
experiment_03820,2026-05-18T17:37:28Z,3.384645802999149,,
experiment_03821,2026-05-18T17:37:29Z,2.560242294914156,,
experiment_03822,2026-05-18T17:37:30Z,2.4845435886600793,,
experiment_03823,2026-05-18T17:37:31Z,2.4742396157070647,,
experiment_03824,2026-05-18T17:37:32Z,2.262371261787493,,
experiment_03825,2026-05-18T17:37:33Z,2.2232329641368054,,
experiment_03826,2026-05-18T17:37:34Z,1.5713647632466952,,
experiment_03827,2026-05-18T17:40:10Z,1.4704112676316186,,
experiment_03828,2026-05-18T17:40:11Z,1.4701972494392521,,
experiment_03829,2026-05-18T17:40:12Z,1.256698452660446,,
experiment_03830,2026-05-18T17:42:45Z,1.123169064735336,,
experiment_03831,2026-05-18T17:42:46Z,1.1006542602919183,,
experiment_03832,2026-05-18T17:42:47Z,0.8899952027944646,,
experiment_03833,2026-05-18T17:42:48Z,0.8899952027944646,,
experiment_03834,2026-05-18T17:42:49Z,0.6378887540972151,,
experiment_03835,2026-05-18T17:42:51Z,0.6378887540972151,,
experiment_03836,2026-05-18T17:42:52Z,0.062208153422080414,,
experiment_03837,2026-05-18T17:42:53Z,0.0031702725685232025,,
experiment_03838,2026-05-18T17:42:54Z,0.001255943468224885,,
experiment_03839,2026-05-18T17:42:55Z,0.000877963181943997,,
experiment_03840,2026-05-18T17:42:56Z,0.0002633080280265432,,
experiment_03841,2026-05-18T17:42:57Z,0.00021702566413672741,,
experiment_03842,2026-05-18T17:42:58Z,0.00013901714898167938,,
experiment_03843,2026-05-18T17:42:59Z,0.00010229306973386088,,
experiment_03844,2026-05-18T17:43:00Z,7.940761920188777e-05,,
experiment_03845,2026-05-19T02:55:53Z,4.124113153845702,,
experiment_03846,2026-05-19T02:58:54Z,0.606820345532789,,
experiment_03847,2026-05-19T02:59:31Z,4.124113153845702,,
experiment_03848,2026-05-19T03:01:24Z,4.124113153845702,,
experiment_03849,2026-05-19T03:02:40Z,4.124113153845702,,
experiment_03850,2026-05-19T03:05:49Z,4.124113153845702,,
experiment_03851,2026-05-19T03:07:10Z,4.124113153845702,,
experiment_03852,2026-05-19T03:08:24Z,4.124113153845702,,
experiment_03853,2026-05-19T03:09:40Z,4.124113153845702,,
experiment_03854,2026-05-19T03:09:45Z,0.606820345532789,,
experiment_03855,2026-05-19T03:09:45Z,7.940761920188777e-05,,
experiment_03856,2026-05-19T03:12:21Z,3.8750967017751243,,
experiment_03857,,2.116620544921588,,
experiment_03858,2026-05-19T09:01:49Z,,,
experiment_03859,2026-05-19T22:44:41Z,,,
experiment_03860,2026-05-20T02:45:39Z,,,
experiment_03861,2026-05-19T09:11:36Z,-3.281902214299677,failed,False
experiment_03862,2026-05-19T09:12:37Z,0.6229607820594047,passed,False
experiment_03863,2026-05-19T09:12:37Z,0.24996599953521148,passed,False
experiment_03864,2026-05-19T09:13:59Z,-0.7079217311179384,failed,False
experiment_03865,2026-05-19T09:16:24Z,-2.188640833644829,failed,False
experiment_03866,2026-05-19T09:20:24Z,3.102429183696792,failed,False
experiment_03867,2026-05-19T09:24:08Z,1.0294408599034224,failed,False
experiment_03868,2026-05-19T09:29:10Z,0.742400248781184,passed,True
experiment_03869,2026-05-19T09:35:55Z,0.6297830271992968,passed,True
experiment_03870,2026-05-19T09:38:23Z,0.5753568183111817,passed,True
experiment_03871,2026-05-19T09:40:53Z,0.5336243649978165,passed,True
experiment_03872,2026-05-19T09:45:39Z,0.3470313785593042,passed,True
experiment_03873,2026-05-19T09:51:43Z,0.26026564669936647,passed,True
experiment_03874,2026-05-19T09:57:27Z,0.24990886570935622,passed,True
experiment_03875,2026-05-19T10:03:32Z,0.24808731414939444,passed,True
experiment_03876,2026-05-19T10:09:38Z,0.19648658893957638,passed,True
experiment_03877,2026-05-19T10:15:16Z,0.18589739450996667,passed,True
experiment_03878,2026-05-19T10:20:53Z,0.18066643995133091,passed,True
experiment_03879,2026-05-19T10:26:51Z,0.16883744107131804,passed,True
experiment_03880,2026-05-19T10:32:27Z,0.1615250582879213,passed,True
experiment_03881,2026-05-19T10:38:04Z,0.15136039453597228,passed,True
experiment_03882,2026-05-19T10:44:40Z,1.786547646755615,failed,False
experiment_03883,2026-05-19T22:58:24Z,1.1507461567627093,passed_scoped_public_examples_metric_current,False
experiment_03884,2026-05-20T02:46:54Z,10.727746501057487,passed_scoped_public_examples_metric_current,False
experiment_03885,2026-05-20T03:21:25Z,2.291092900605957,passed_scoped_public_examples_metric_current,False
experiment_03886,2026-05-20T03:21:18Z,0.9105047158876918,passed_scoped_public_examples_metric_current,False
experiment_03887,2026-05-20T03:21:18Z,3.8646439256287035,passed_scoped_public_examples_metric_current,False
experiment_03888,2026-05-20T04:42:33Z,0.33234011628785076,passed_scoped_public_examples_metric_current,False
experiment_03889,2026-05-20T04:42:59Z,0.2767256672431291,passed_scoped_public_examples_metric_current,False
experiment_03890,2026-05-20T04:43:33Z,0.5855252513785558,passed_scoped_public_examples_metric_current,False
experiment_03891,2026-05-20T04:43:44Z,0.15548490284039573,passed_scoped_public_examples_metric_current,False
experiment_03892,2026-05-20T04:43:25Z,0.153314681295031,passed_scoped_public_examples_metric_current,False
experiment_03893,2026-05-21T02:41:24Z,0.050668716358563515,passed_scoped_public_examples_metric_current,False
experiment_03894,2026-05-20T03:16:22Z,,,
experiment_03895,2026-05-20T04:41:22Z,,,
experiment_03896,2026-05-21T02:41:23Z,,,
experiment_03897,2026-05-21T03:09:43Z,,,
experiment_03898,2026-05-21T05:11:57Z,,,
experiment_03899,2026-05-21T03:13:48Z,0.11281628178917202,passed_scoped_public_examples_metric_current,False
experiment_03900,2026-05-21T03:14:47Z,0.1646641421960382,passed_scoped_public_examples_metric_current,False
experiment_03901,2026-05-21T04:05:15Z,0.5335223752800822,,
experiment_03902,2026-05-21T04:10:06Z,0.5335223752800822,,
experiment_03903,2026-05-21T04:10:15Z,0.48145404756239074,,
experiment_03904,2026-05-21T04:10:15Z,0.4705175419180243,,
experiment_03905,2026-05-21T04:10:15Z,0.37639535467645047,,
experiment_03906,2026-05-21T04:10:16Z,0.3678962295160204,,
experiment_03907,2026-05-21T04:10:16Z,0.3646327267293632,,
experiment_03908,2026-05-21T04:10:16Z,0.3165514125501421,,
experiment_03909,2026-05-21T04:10:17Z,0.11281628178917202,,
experiment_03910,2026-05-21T04:10:17Z,0.053546730483038374,,
experiment_03911,2026-05-21T04:10:17Z,0.051847860406866175,,
experiment_03912,2026-05-21T04:13:08Z,0.4705175419180243,,
experiment_03913,2026-05-21T04:13:09Z,0.37639535467645047,,
experiment_03914,2026-05-21T04:13:09Z,0.3678962295160204,,
experiment_03915,2026-05-21T04:13:09Z,0.3646327267293632,,
experiment_03916,2026-05-21T04:13:10Z,0.3165514125501421,,
experiment_03917,2026-05-21T04:19:14Z,0.4705175419180243,,
experiment_03918,2026-05-21T04:19:14Z,0.3678962295160204,,
experiment_03919,2026-05-21T04:19:15Z,0.3646327267293632,,
experiment_03920,2026-05-21T04:19:16Z,0.3165514125501421,,
experiment_03921,2026-05-21T04:19:42Z,0.4705175419180243,,
experiment_03922,2026-05-21T04:19:42Z,0.3678962295160204,,
experiment_03923,2026-05-21T04:19:43Z,0.3646327267293632,,
experiment_03924,2026-05-21T04:19:43Z,0.3165514125501421,,
experiment_03925,2026-05-21T04:20:04Z,0.4705175419180243,,
experiment_03926,2026-05-21T04:20:10Z,0.3678962295160204,,
experiment_03927,2026-05-21T04:20:16Z,0.3646327267293632,,
experiment_03928,2026-05-21T04:20:22Z,0.3165514125501421,,
experiment_03929,2026-05-21T04:23:56Z,0.37639535467645047,,
experiment_03930,2026-05-21T05:14:56Z,,,False
experiment_03931,2026-05-21T05:14:56Z,0.2153328585546017,passed_scoped_public_examples_metric_current,False
experiment_03932,2026-05-21T05:14:56Z,0.11281628178917202,passed_scoped_public_examples_metric_current,False
experiment_03933,2026-05-21T05:36:00Z,,,False
experiment_03934,2026-05-21T05:36:00Z,,,False
experiment_03935,2026-05-21T05:36:00Z,,,False
experiment_03936,2026-05-21T05:52:37Z,0.2153328585546017,passed_scoped_public_examples_metric_current,False
experiment_03937,2026-05-21T06:28:26Z,1.7112646706263117,passed_scoped_public_examples_metric_current,False
experiment_03938,2026-05-21T07:05:17Z,14.172749700751016,passed_scoped_public_examples_metric_current,False
experiment_03939,2026-05-21T07:21:26Z,0.38441019966683676,passed_scoped_public_examples_metric_current,False
experiment_03940,2026-05-21T06:27:46Z,0.11281628178917202,,
experiment_03941,2026-05-21T06:27:47Z,0.051847860406866175,,
experiment_03942,2026-05-21T06:27:47Z,0.050668716358563515,,
experiment_03943,2026-05-21T07:03:40Z,,,False
experiment_03944,2026-05-21T07:25:51Z,0.0,failed,False
experiment_03945,2026-05-21T07:28:23Z,0.0011745361932824494,failed,False
experiment_03946,2026-05-21T07:30:56Z,0.0006347527322354551,passed,True
experiment_03947,2026-05-21T07:33:39Z,0.0,passed,True
experiment_03948,2026-05-21T07:36:15Z,0.0,passed,True
experiment_03949,2026-05-21T08:37:10Z,2.866341014140506,,
experiment_03950,2026-05-21T08:37:16Z,2.0884455748517894,,
experiment_03951,2026-05-21T08:37:22Z,13.242388694039267,,
experiment_03952,2026-05-21T08:37:26Z,1.1796144206396804,,
experiment_03953,2026-05-21T08:37:33Z,1.123169064735336,,
experiment_03954,2026-05-21T08:37:38Z,1.1006542602919183,,
experiment_03955,2026-05-21T08:37:45Z,1.0647276215401131,,
experiment_03956,2026-05-21T08:37:50Z,0.7631152916143993,,
experiment_03957,2026-05-21T08:37:56Z,0.34739776666824973,,
experiment_03958,2026-05-21T08:43:46Z,2.013266882215115,,
experiment_03959,2026-05-21T08:43:52Z,0.34739776666824973,,
experiment_03960,2026-05-21T08:43:57Z,0.3326586221791832,,
experiment_03961,2026-05-21T08:44:03Z,0.29862360645883257,,
experiment_03962,2026-05-21T08:44:09Z,0.25567992672192474,,
experiment_03963,2026-05-21T08:44:15Z,0.15103475663588029,,
experiment_03964,2026-05-21T08:44:20Z,0.14532462867720675,,
experiment_03965,2026-05-21T08:44:21Z,0.13757449032995694,,
experiment_03966,2026-05-21T08:44:21Z,0.1275944615005269,,
experiment_03967,2026-05-21T08:44:21Z,0.12662820819126708,,
experiment_03968,2026-05-21T08:44:22Z,0.11281628178917202,,
experiment_03969,2026-05-21T08:44:22Z,0.08957727540177984,,
experiment_03970,2026-05-21T08:44:23Z,0.0856513419386502,,
experiment_03971,2026-05-21T08:44:23Z,0.0771186827611956,,
experiment_03972,2026-05-21T08:44:23Z,0.053546730483038374,,
experiment_03973,2026-05-21T08:44:24Z,0.051847860406866175,,
experiment_03974,2026-05-21T08:44:24Z,0.050668716358563515,,
experiment_03975,2026-05-22T00:41:35Z,0.5371217886989577,passed,
experiment_03976,2026-05-23T04:29:00Z,0.0856513419386502,passed,False
experiment_03977,2026-05-23T04:29:00Z,0.07512886753696435,passed,False
experiment_03978,2026-05-23T04:29:00Z,0.050668716358563515,passed,False
experiment_03979,2026-05-23T04:29:00Z,0.024460151178400835,passed,False
experiment_03980,2026-05-23T04:32:39Z,-3.281902214299677,passed,True
experiment_03981,2026-05-23T04:32:42Z,-0.7079217311179384,passed,True
experiment_03982,2026-05-23T04:32:48Z,-2.188640833644829,passed,True
experiment_03983,2026-05-23T05:00:56Z,0.051847860406866175,passed,False
experiment_03984,2026-05-23T05:00:56Z,0.12697672794383053,passed,False
experiment_03985,2026-05-24T03:23:06Z,-0.7079217311179384,passed,True
experiment_03986,2026-05-24T03:23:07Z,-3.281902214299677,passed,True
experiment_03987,2026-05-24T03:23:11Z,-2.188640833644829,passed,True
experiment_03988,2026-05-24T11:02:56Z,-0.7079217311179384,passed,True
experiment_03989,2026-05-24T11:02:57Z,-3.281902214299677,passed,True
experiment_03990,2026-05-24T11:03:00Z,-2.188640833644829,passed,True
experiment_03991,2026-05-24T11:05:03Z,2.1080828183632576,passed,False
experiment_03992,2026-05-24T11:05:39Z,0.22217232687258637,passed,False
experiment_03993,2026-05-25T07:08:00Z,,,
experiment_03994,2026-05-25T21:53:47Z,0.015848192240024872,passed,False
experiment_03995,2026-05-25T23:03:10Z,,,
experiment_03996,2026-05-25T23:07:43Z,0.024460151178400835,failed,False
experiment_03997,2026-05-25T23:13:41Z,-0.8578114497159,failed,False
experiment_03998,2026-05-25T23:16:24Z,-0.43616416798386126,failed,False
experiment_03999,2026-05-25T23:19:05Z,-1.4433777755343957,failed,False
experiment_04000,2026-05-25T23:10:45Z,0.2214581036401171,passed,False
experiment_04001,2026-05-25T23:10:45Z,0.024460151178400835,scoped_passed_full_raw_failed_inherited,False
experiment_04002,2026-05-25T23:22:03Z,-0.017208673153655596,passed_but_negative_delta,False
experiment_04003,2026-05-25T23:23:29Z,,failed_metric_current,False
experiment_04004,2026-05-25T23:28:04Z,,failed_metric_current,False
experiment_04005,2026-05-26T08:16:31Z,-2.1425240235078373,failed,False
experiment_04006,2026-05-26T08:17:29Z,0.0,failed,False
experiment_04007,2026-05-26T08:17:30Z,-4.339772983518204,failed,False
experiment_04008,2026-05-26T08:17:33Z,-15.181961409296354,failed,False
experiment_04009,2026-05-26T09:07:31Z,-3.281902214299677,passed,True
experiment_04010,2026-05-26T09:07:31Z,-2.188640833644829,passed,True
experiment_04011,2026-05-26T09:07:31Z,-0.7079217311179384,passed,True
experiment_04012,2026-05-26T14:43:23Z,,passed,True
experiment_04013,2026-05-29T01:52:19Z,-3.281902214299677,passed,True
experiment_04014,2026-05-29T01:52:19Z,-0.7079217311179384,passed,True
experiment_04015,2026-05-29T01:52:40Z,-2.188640833644829,passed,True
experiment_04016,2026-05-29T02:02:12Z,,,
experiment_04017,2026-05-29T12:19:41Z,14.96855908315341,,
experiment_04018,2026-05-29T12:19:41Z,0.6630463091350549,,
experiment_04019,2026-05-29T12:19:44Z,0.5216334851245819,,
experiment_04020,2026-05-29T12:19:45Z,0.5154513679267865,,
experiment_04021,2026-05-29T12:19:46Z,0.5129510230783012,,
experiment_04022,2026-05-29T12:19:48Z,0.5129510230783012,,
experiment_04023,2026-05-29T12:19:49Z,0.39291162986517136,,
experiment_04024,2026-05-29T12:19:50Z,0.39291162986517136,,
experiment_04025,2026-05-29T12:19:51Z,0.2452371698197453,,
experiment_04026,2026-05-29T12:19:52Z,0.1939099328571956,,
experiment_04027,2026-05-29T12:19:54Z,0.12159171058640794,,
experiment_04028,2026-05-29T12:19:55Z,0.11281628178917202,,
experiment_04029,2026-05-29T12:19:56Z,0.051847860406866175,,
experiment_04030,2026-05-29T12:19:57Z,0.019177677517623337,,
experiment_04031,2026-05-29T12:19:58Z,0.015848192240024872,,
experiment_04032,2026-05-29T12:20:00Z,0.013189323351079807,,
experiment_04033,2026-05-29T12:20:01Z,0.008438868645864517,,
experiment_04034,2026-05-29T12:20:02Z,0.0006347527322354551,,
experiment_04035,2026-05-29T12:46:45Z,2.7654953061169874,passed,True
experiment_04036,2026-05-29T12:46:46Z,2.642245554217965,passed,True
experiment_04037,2026-05-29T12:46:46Z,2.3130386597269847,passed,True
experiment_04038,2026-05-29T12:46:46Z,1.0617317531597728,passed,True
experiment_04039,2026-05-29T12:46:46Z,0.562651069605737,passed,True
experiment_04040,2026-05-29T12:46:46Z,0.562651069605737,passed,True
experiment_04041,2026-05-29T12:46:46Z,0.12159171058640794,passed,True
experiment_04042,2026-05-29T12:46:47Z,0.0771186827611956,passed,True
experiment_04043,2026-05-29T12:46:47Z,0.022505599600531667,passed,True
experiment_04044,2026-05-29T12:46:47Z,0.018752199303181172,passed,True
experiment_04045,2026-05-29T12:46:47Z,0.000877963181943997,passed,True
experiment_04046,2026-05-29T12:46:47Z,0.0002903937759981545,passed,True
experiment_04047,2026-05-29T12:46:47Z,0.0002633080280265432,passed,True
experiment_04048,2026-05-29T12:46:47Z,0.0002633080280265432,passed,True
experiment_04049,2026-05-29T12:46:48Z,1.1914776781196679e-05,passed,True
experiment_04050,2026-05-29T12:46:48Z,0.0,passed,True
experiment_04051,2026-05-29T12:46:48Z,0.0,passed,True
experiment_04052,2026-05-29T12:46:48Z,0.0,passed,True
experiment_04053,2026-05-29T12:46:48Z,0.0,passed,True
experiment_04054,2026-05-29T12:46:48Z,0.0,passed,True
experiment_04055,2026-05-29T12:46:49Z,0.0,passed,True
experiment_04056,2026-05-29T12:46:49Z,0.0,passed,True
experiment_04057,2026-05-29T12:46:49Z,0.0,passed,True
experiment_04058,2026-05-29T12:46:49Z,0.0,passed,True
experiment_04059,2026-05-29T12:46:49Z,0.0,passed,True
experiment_04060,2026-05-29T12:46:49Z,0.0,passed,True
experiment_04061,2026-05-29T12:46:49Z,0.0,passed,True
experiment_04062,2026-05-29T12:46:50Z,0.0,passed,True
experiment_04063,2026-05-29T12:46:50Z,0.0,passed,True
experiment_04064,2026-05-29T12:46:50Z,0.0,passed,True
experiment_04065,2026-05-29T12:46:50Z,0.0,passed,True
experiment_04066,2026-05-29T12:46:50Z,0.0,passed,True
experiment_04067,2026-05-29T12:46:50Z,0.0,passed,True
experiment_04068,2026-05-29T12:46:50Z,0.0,passed,True
experiment_04069,2026-05-29T12:46:51Z,0.0,passed,True
experiment_04070,2026-05-29T12:46:51Z,0.0,passed,True
experiment_04071,2026-05-29T12:46:51Z,0.0,passed,True
experiment_04072,2026-05-29T12:46:51Z,0.0,passed,True
experiment_04073,2026-05-29T12:46:51Z,0.0,passed,True
experiment_04074,2026-05-29T12:46:51Z,0.0,passed,True
experiment_04075,2026-05-29T12:46:51Z,0.0,passed,True
experiment_04076,2026-05-29T12:46:52Z,0.0,passed,True
experiment_04077,2026-05-29T12:46:52Z,0.0,passed,True
experiment_04078,2026-05-29T12:46:52Z,0.0,passed,True
experiment_04079,2026-05-29T12:46:52Z,0.0,passed,True
experiment_04080,2026-05-29T12:46:52Z,0.0,passed,True
experiment_04081,2026-05-29T12:46:52Z,0.0,passed,True
experiment_04082,2026-05-29T12:46:53Z,0.0,passed,True
experiment_04083,2026-05-29T12:46:53Z,0.0,passed,True
experiment_04084,2026-05-29T12:46:53Z,0.0,passed,True
experiment_04085,2026-05-29T12:46:53Z,0.0,passed,True
experiment_04086,2026-05-29T12:46:53Z,0.0,passed,True
experiment_04087,2026-05-29T12:46:53Z,0.0,passed,True
experiment_04088,2026-05-29T12:46:53Z,0.0,passed,True
experiment_04089,2026-05-29T12:46:54Z,0.0,passed,True
experiment_04090,2026-05-29T12:46:54Z,0.0,passed,True
experiment_04091,2026-05-29T12:46:54Z,0.0,passed,True
experiment_04092,2026-05-29T12:46:54Z,0.0,passed,True
experiment_04093,2026-05-29T12:46:54Z,0.0,passed,True
experiment_04094,2026-05-29T12:46:54Z,0.0,passed,True
experiment_04095,2026-05-29T12:46:54Z,0.0,passed,True
experiment_04096,2026-05-29T12:46:55Z,0.0,passed,True
experiment_04097,2026-05-29T12:46:55Z,0.0,passed,True
experiment_04098,2026-05-29T12:46:55Z,0.0,passed,True
experiment_04099,2026-05-29T12:46:55Z,0.0,passed,True
experiment_04100,2026-05-29T12:46:55Z,0.0,passed,True
experiment_04101,2026-05-29T12:46:55Z,0.0,passed,True
experiment_04102,2026-05-29T12:46:56Z,0.0,passed,True
experiment_04103,2026-05-29T12:46:56Z,0.0,passed,True
experiment_04104,2026-05-29T12:46:56Z,0.0,passed,True
experiment_04105,2026-05-29T12:46:56Z,0.0,passed,True
experiment_04106,2026-05-29T12:46:56Z,0.0,passed,True
experiment_04107,2026-05-29T12:46:56Z,0.0,passed,True
experiment_04108,2026-05-29T12:46:56Z,0.0,passed,True
experiment_04109,2026-05-29T12:46:57Z,0.0,passed,True
experiment_04110,2026-05-29T12:46:57Z,0.0,passed,True
experiment_04111,2026-05-29T12:46:57Z,0.0,passed,True
experiment_04112,2026-05-29T12:46:57Z,0.0,passed,True
experiment_04113,2026-05-29T12:46:57Z,0.0,passed,True
experiment_04114,2026-05-29T12:46:57Z,0.0,passed,True
experiment_04115,2026-05-29T12:46:58Z,0.0,passed,True
experiment_04116,2026-05-29T12:46:58Z,0.0,passed,True
experiment_04117,2026-05-29T12:46:58Z,0.0,passed,True
experiment_04118,2026-05-29T12:46:58Z,0.0,passed,True
experiment_04119,2026-05-29T12:46:58Z,0.0,passed,True
experiment_04120,2026-05-29T12:46:58Z,0.0,passed,True
experiment_04121,2026-05-29T12:46:58Z,0.0,passed,True
experiment_04122,2026-05-29T12:46:59Z,0.0,passed,True
experiment_04123,2026-05-29T12:46:59Z,0.0,passed,True
experiment_04124,2026-05-29T12:46:59Z,0.0,passed,True
experiment_04125,2026-05-29T12:46:59Z,0.0,passed,True
experiment_04126,2026-05-29T12:46:59Z,0.0,passed,True
experiment_04127,2026-05-29T12:46:59Z,0.0,passed,True
experiment_04128,2026-05-29T12:46:59Z,0.0,passed,True
experiment_04129,2026-05-29T12:47:00Z,0.0,passed,True
experiment_04130,2026-05-29T12:47:00Z,0.0,passed,True
experiment_04131,2026-05-29T12:47:00Z,0.0,passed,True
experiment_04132,2026-05-29T12:47:00Z,0.0,passed,True
experiment_04133,2026-05-29T12:47:00Z,0.0,passed,True
experiment_04134,2026-05-29T12:47:00Z,0.0,passed,True
experiment_04135,2026-05-29T12:47:01Z,0.0,passed,True
experiment_04136,2026-05-29T12:47:01Z,0.0,passed,True
experiment_04137,2026-05-29T12:47:01Z,0.0,passed,True
experiment_04138,2026-05-29T12:47:01Z,0.0,passed,True
experiment_04139,2026-05-29T12:47:01Z,0.0,passed,True
experiment_04140,2026-05-29T12:47:01Z,0.0,passed,True
experiment_04141,2026-05-29T12:47:01Z,0.0,passed,True
experiment_04142,2026-05-29T12:47:02Z,0.0,passed,True
experiment_04143,2026-05-29T12:47:02Z,0.0,passed,True
experiment_04144,2026-05-29T12:47:02Z,0.0,passed,True
experiment_04145,2026-05-29T12:47:02Z,0.0,passed,True
experiment_04146,2026-05-29T12:47:02Z,0.0,passed,True
experiment_04147,2026-05-29T12:47:02Z,0.0,passed,True
experiment_04148,2026-05-29T12:47:02Z,0.0,passed,True
experiment_04149,2026-05-29T12:47:03Z,0.0,passed,True
experiment_04150,2026-05-29T12:47:03Z,0.0,passed,True
experiment_04151,2026-05-29T12:47:03Z,0.0,passed,True
experiment_04152,2026-05-29T12:47:03Z,0.0,passed,True
experiment_04153,2026-05-29T12:47:03Z,0.0,passed,True
experiment_04154,2026-05-29T12:47:03Z,0.0,passed,True
experiment_04155,2026-05-29T12:47:04Z,0.0,passed,True
experiment_04156,2026-05-29T12:47:04Z,0.0,passed,True
experiment_04157,2026-05-29T12:47:04Z,0.0,passed,True
experiment_04158,2026-05-29T12:47:04Z,0.0,passed,True
experiment_04159,2026-05-29T12:47:04Z,0.0,passed,True
experiment_04160,2026-05-29T12:47:04Z,0.0,passed,True
experiment_04161,2026-05-29T12:47:04Z,0.0,passed,True
experiment_04162,2026-05-29T12:47:05Z,0.0,passed,True
experiment_04163,2026-05-29T12:47:05Z,0.0,passed,True
experiment_04164,2026-05-29T12:47:05Z,0.0,passed,True
experiment_04165,2026-05-29T12:47:05Z,0.0,passed,True
experiment_04166,2026-05-29T12:47:05Z,0.0,passed,True
experiment_04167,2026-05-29T12:47:05Z,0.0,passed,True
experiment_04168,2026-05-29T12:47:05Z,0.0,passed,True
experiment_04169,2026-05-29T12:47:06Z,0.0,passed,True
experiment_04170,2026-05-29T12:47:06Z,0.0,passed,True
experiment_04171,2026-05-29T12:47:06Z,0.0,passed,True
experiment_04172,2026-05-29T12:47:06Z,0.0,passed,True
experiment_04173,2026-05-29T12:47:06Z,0.0,passed,True
experiment_04174,2026-05-29T12:47:06Z,0.0,passed,True
experiment_04175,2026-05-29T12:47:07Z,0.0,passed,True
experiment_04176,2026-05-29T12:47:07Z,0.0,passed,True
experiment_04177,2026-05-29T12:47:07Z,0.0,passed,True
experiment_04178,2026-05-29T12:47:07Z,0.0,passed,True
experiment_04179,2026-05-29T12:47:07Z,0.0,passed,True
experiment_04180,2026-05-29T12:47:07Z,0.0,passed,True
experiment_04181,2026-05-29T12:47:07Z,0.0,passed,True
experiment_04182,2026-05-29T12:47:08Z,0.0,passed,True
experiment_04183,2026-05-29T12:47:08Z,0.0,passed,True
experiment_04184,2026-05-29T12:47:08Z,0.0,passed,True
experiment_04185,2026-05-29T12:47:08Z,0.0,passed,True
experiment_04186,2026-05-29T12:47:08Z,0.0,passed,True
experiment_04187,2026-05-29T12:47:08Z,0.0,passed,True
experiment_04188,2026-05-29T12:47:08Z,0.0,passed,True
experiment_04189,2026-05-29T12:47:09Z,0.0,passed,True
experiment_04190,2026-05-29T12:47:09Z,0.0,passed,True
experiment_04191,2026-05-29T12:47:09Z,0.0,passed,True
experiment_04192,2026-05-29T12:47:09Z,0.0,passed,True
experiment_04193,2026-05-29T12:47:09Z,0.0,passed,True
experiment_04194,2026-05-29T12:47:09Z,0.0,passed,True
experiment_04195,2026-05-29T12:47:10Z,0.0,passed,True
experiment_04196,2026-05-29T12:47:10Z,0.0,passed,True
experiment_04197,2026-05-29T12:47:10Z,0.0,passed,True
experiment_04198,2026-05-29T12:47:10Z,0.0,passed,True
experiment_04199,2026-05-29T12:47:10Z,0.0,passed,True
experiment_04200,2026-05-29T12:47:10Z,0.0,passed,True
experiment_04201,2026-05-29T12:47:10Z,0.0,passed,True
experiment_04202,2026-05-29T12:47:11Z,0.0,passed,True
experiment_04203,2026-05-29T12:47:11Z,0.0,passed,True
experiment_04204,2026-05-29T12:47:11Z,0.0,passed,True
experiment_04205,2026-05-29T12:47:11Z,0.0,passed,True
experiment_04206,2026-05-29T12:47:11Z,0.0,passed,True
experiment_04207,2026-05-29T12:47:11Z,0.0,passed,True
experiment_04208,2026-05-29T12:47:12Z,0.0,passed,True
experiment_04209,2026-05-29T12:47:12Z,0.0,passed,True
experiment_04210,2026-05-29T12:47:12Z,0.0,passed,True
experiment_04211,2026-05-29T12:47:12Z,0.0,passed,True
experiment_04212,2026-05-29T12:47:12Z,0.0,passed,True
experiment_04213,2026-05-29T12:47:12Z,0.0,passed,True
experiment_04214,2026-05-29T12:47:12Z,0.0,passed,True
experiment_04215,2026-05-29T12:47:13Z,0.0,passed,True
experiment_04216,2026-05-29T12:47:13Z,0.0,passed,True
experiment_04217,2026-05-29T12:47:13Z,0.0,passed,True
experiment_04218,2026-05-29T12:47:13Z,0.0,passed,True
experiment_04219,2026-05-29T12:47:13Z,0.0,passed,True
experiment_04220,2026-05-29T12:47:13Z,0.0,passed,True
experiment_04221,2026-05-29T12:47:14Z,0.0,passed,True
experiment_04222,2026-05-29T12:47:14Z,0.0,passed,True
experiment_04223,2026-05-29T12:47:14Z,0.0,passed,True
experiment_04224,2026-05-29T12:47:14Z,0.0,passed,True
experiment_04225,2026-05-29T12:47:14Z,0.0,passed,True
experiment_04226,2026-05-29T12:47:14Z,0.0,passed,True
experiment_04227,2026-05-29T12:47:14Z,0.0,passed,True
experiment_04228,2026-05-29T12:47:15Z,0.0,passed,True
experiment_04229,2026-05-29T12:47:15Z,0.0,passed,True
experiment_04230,2026-05-29T13:04:41Z,0.6360665402187351,passed,True
experiment_04231,2026-05-29T13:07:20Z,0.5958933730514282,passed,True
experiment_04232,2026-05-29T13:10:02Z,0.42928524377178157,passed,True
experiment_04233,2026-05-29T13:20:48Z,0.6360665402187351,passed,True
experiment_04234,2026-05-29T13:23:27Z,0.5958933730514282,passed,True
experiment_04235,2026-05-29T13:26:07Z,2.7654953061169874,passed,True
experiment_04236,2026-05-29T13:26:07Z,2.642245554217965,passed,True
experiment_04237,2026-05-29T13:26:07Z,2.3130386597269847,passed,True
experiment_04238,2026-05-29T13:26:07Z,1.0617317531597728,passed,True
experiment_04239,2026-05-29T13:26:08Z,0.562651069605737,passed,True
experiment_04240,2026-05-29T13:26:08Z,0.562651069605737,passed,True
experiment_04241,2026-05-29T13:26:08Z,0.12159171058640794,passed,True
experiment_04242,2026-05-29T13:26:08Z,0.0771186827611956,passed,True
experiment_04243,2026-05-29T13:26:08Z,0.022505599600531667,passed,True
experiment_04244,2026-05-29T13:26:08Z,0.018752199303181172,passed,True
experiment_04245,2026-05-29T13:26:08Z,0.000877963181943997,passed,True
experiment_04246,2026-05-29T13:26:09Z,0.0002903937759981545,passed,True
experiment_04247,2026-05-29T13:26:09Z,0.0002633080280265432,passed,True
experiment_04248,2026-05-29T13:26:09Z,0.0002633080280265432,passed,True
experiment_04249,2026-05-29T13:26:09Z,1.1914776781196679e-05,passed,True
experiment_04250,2026-05-29T13:26:09Z,0.0,passed,True
experiment_04251,2026-05-29T13:26:09Z,0.0,passed,True
experiment_04252,2026-05-29T13:26:10Z,0.0,passed,True
experiment_04253,2026-05-29T13:26:10Z,0.0,passed,True
experiment_04254,2026-05-29T13:26:10Z,0.0,passed,True
experiment_04255,2026-05-29T13:26:10Z,0.0,passed,True
experiment_04256,2026-05-29T13:26:10Z,0.0,passed,True
experiment_04257,2026-05-29T13:26:10Z,0.0,passed,True
experiment_04258,2026-05-29T13:26:10Z,0.0,passed,True
experiment_04259,2026-05-29T13:26:11Z,0.0,passed,True
experiment_04260,2026-05-29T13:26:11Z,0.0,passed,True
experiment_04261,2026-05-29T13:26:11Z,0.0,passed,True
experiment_04262,2026-05-29T13:26:11Z,0.0,passed,True
experiment_04263,2026-05-29T13:26:11Z,0.0,passed,True
experiment_04264,2026-05-29T13:26:11Z,0.0,passed,True
experiment_04265,2026-05-29T13:26:12Z,0.0,passed,True
experiment_04266,2026-05-29T13:26:12Z,0.0,passed,True
experiment_04267,2026-05-29T13:26:12Z,0.0,passed,True
experiment_04268,2026-05-29T13:26:12Z,0.0,passed,True
experiment_04269,2026-05-29T13:26:12Z,0.0,passed,True
experiment_04270,2026-05-29T13:26:12Z,0.0,passed,True
experiment_04271,2026-05-29T13:26:12Z,0.0,passed,True
experiment_04272,2026-05-29T13:26:13Z,0.0,passed,True
experiment_04273,2026-05-29T13:26:13Z,0.0,passed,True
experiment_04274,2026-05-29T13:26:13Z,0.0,passed,True
experiment_04275,2026-05-29T13:26:13Z,0.0,passed,True
experiment_04276,2026-05-29T13:26:13Z,0.0,passed,True
experiment_04277,2026-05-29T13:26:13Z,0.0,passed,True
experiment_04278,2026-05-29T13:26:14Z,0.0,passed,True
experiment_04279,2026-05-29T13:26:14Z,0.0,passed,True
experiment_04280,2026-05-29T13:26:14Z,0.0,passed,True
experiment_04281,2026-05-29T13:26:14Z,0.0,passed,True
experiment_04282,2026-05-29T13:26:14Z,0.0,passed,True
experiment_04283,2026-05-29T13:26:14Z,0.0,passed,True
experiment_04284,2026-05-29T13:26:14Z,0.0,passed,True
experiment_04285,2026-05-29T13:26:15Z,0.0,passed,True
experiment_04286,2026-05-29T13:26:15Z,0.0,passed,True
experiment_04287,2026-05-29T13:26:15Z,0.0,passed,True
experiment_04288,2026-05-29T13:26:15Z,0.0,passed,True
experiment_04289,2026-05-29T13:26:15Z,0.0,passed,True
experiment_04290,2026-05-29T13:26:15Z,0.0,passed,True
experiment_04291,2026-05-29T13:26:15Z,0.0,passed,True
experiment_04292,2026-05-29T13:26:16Z,0.0,passed,True
experiment_04293,2026-05-29T13:26:16Z,0.0,passed,True
experiment_04294,2026-05-29T13:26:16Z,0.0,passed,True
experiment_04295,2026-05-29T13:26:16Z,0.0,passed,True
experiment_04296,2026-05-29T13:26:16Z,0.0,passed,True
experiment_04297,2026-05-29T13:26:16Z,0.0,passed,True
experiment_04298,2026-05-29T13:26:17Z,0.0,passed,True
experiment_04299,2026-05-29T13:26:17Z,0.0,passed,True
experiment_04300,2026-05-29T13:26:17Z,0.0,passed,True
experiment_04301,2026-05-29T13:26:17Z,0.0,passed,True
experiment_04302,2026-05-29T13:26:17Z,0.0,passed,True
experiment_04303,2026-05-29T13:26:17Z,0.0,passed,True
experiment_04304,2026-05-29T13:26:17Z,0.0,passed,True
experiment_04305,2026-05-29T13:26:18Z,0.0,passed,True
experiment_04306,2026-05-29T13:26:18Z,0.0,passed,True
experiment_04307,2026-05-29T13:26:18Z,0.0,passed,True
experiment_04308,2026-05-29T13:26:18Z,0.0,passed,True
experiment_04309,2026-05-29T13:26:18Z,0.0,passed,True
experiment_04310,2026-05-29T13:26:18Z,0.0,passed,True
experiment_04311,2026-05-29T13:26:18Z,0.0,passed,True
experiment_04312,2026-05-29T13:26:19Z,0.0,passed,True
experiment_04313,2026-05-29T13:26:19Z,0.0,passed,True
experiment_04314,2026-05-29T13:26:19Z,0.0,passed,True
experiment_04315,2026-05-29T13:26:19Z,0.0,passed,True
experiment_04316,2026-05-29T13:26:19Z,0.0,passed,True
experiment_04317,2026-05-29T13:26:19Z,0.0,passed,True
experiment_04318,2026-05-29T13:26:20Z,0.0,passed,True
experiment_04319,2026-05-29T13:26:20Z,0.0,passed,True
experiment_04320,2026-05-29T13:26:20Z,0.0,passed,True
experiment_04321,2026-05-29T13:26:20Z,0.0,passed,True
experiment_04322,2026-05-29T13:26:20Z,0.0,passed,True
experiment_04323,2026-05-29T13:26:20Z,0.0,passed,True
experiment_04324,2026-05-29T13:26:21Z,0.0,passed,True
experiment_04325,2026-05-29T13:26:21Z,0.0,passed,True
experiment_04326,2026-05-29T13:26:21Z,0.0,passed,True
experiment_04327,2026-05-29T13:26:21Z,0.0,passed,True
experiment_04328,2026-05-29T13:26:21Z,0.0,passed,True
experiment_04329,2026-05-29T13:26:21Z,0.0,passed,True
experiment_04330,2026-05-29T13:26:22Z,0.0,passed,True
experiment_04331,2026-05-29T13:26:22Z,0.0,passed,True
experiment_04332,2026-05-29T13:26:22Z,0.0,passed,True
experiment_04333,2026-05-29T13:26:22Z,0.0,passed,True
experiment_04334,2026-05-29T13:26:22Z,0.0,passed,True
experiment_04335,2026-05-29T13:26:22Z,0.0,passed,True
experiment_04336,2026-05-29T13:26:22Z,0.0,passed,True
experiment_04337,2026-05-29T13:26:23Z,0.0,passed,True
experiment_04338,2026-05-29T13:26:23Z,0.0,passed,True
experiment_04339,2026-05-29T13:26:23Z,0.0,passed,True
experiment_04340,2026-05-29T13:26:23Z,0.0,passed,True
experiment_04341,2026-05-29T13:26:23Z,0.0,passed,True
experiment_04342,2026-05-29T13:26:23Z,0.0,passed,True
experiment_04343,2026-05-29T13:26:24Z,0.0,passed,True
experiment_04344,2026-05-29T13:26:24Z,0.0,passed,True
experiment_04345,2026-05-29T13:26:24Z,0.0,passed,True
experiment_04346,2026-05-29T13:26:24Z,0.0,passed,True
experiment_04347,2026-05-29T13:26:24Z,0.0,passed,True
experiment_04348,2026-05-29T13:26:24Z,0.0,passed,True
experiment_04349,2026-05-29T13:26:25Z,0.0,passed,True
experiment_04350,2026-05-29T13:26:25Z,0.0,passed,True
experiment_04351,2026-05-29T13:26:25Z,0.0,passed,True
experiment_04352,2026-05-29T13:26:25Z,0.0,passed,True
experiment_04353,2026-05-29T13:26:25Z,0.0,passed,True
experiment_04354,2026-05-29T13:26:25Z,0.0,passed,True
experiment_04355,2026-05-29T13:26:25Z,0.0,passed,True
experiment_04356,2026-05-29T13:26:26Z,0.0,passed,True
experiment_04357,2026-05-29T13:26:26Z,0.0,passed,True
experiment_04358,2026-05-29T13:26:26Z,0.0,passed,True
experiment_04359,2026-05-29T13:26:26Z,0.0,passed,True
experiment_04360,2026-05-29T13:26:27Z,0.0,passed,True
experiment_04361,2026-05-29T13:26:27Z,0.0,passed,True
experiment_04362,2026-05-29T13:26:27Z,0.0,passed,True
experiment_04363,2026-05-29T13:26:27Z,0.0,passed,True
experiment_04364,2026-05-29T13:26:27Z,0.0,passed,True
experiment_04365,2026-05-29T13:26:27Z,0.0,passed,True
experiment_04366,2026-05-29T13:26:28Z,0.0,passed,True
experiment_04367,2026-05-29T13:26:28Z,0.0,passed,True
experiment_04368,2026-05-29T13:26:28Z,0.0,passed,True
experiment_04369,2026-05-29T13:26:28Z,0.0,passed,True
experiment_04370,2026-05-29T13:26:28Z,0.0,passed,True
experiment_04371,2026-05-29T13:26:28Z,0.0,passed,True
experiment_04372,2026-05-29T13:26:28Z,0.0,passed,True
experiment_04373,2026-05-29T13:26:29Z,0.0,passed,True
experiment_04374,2026-05-29T13:26:29Z,0.0,passed,True
experiment_04375,2026-05-29T13:26:29Z,0.0,passed,True
experiment_04376,2026-05-29T13:26:29Z,0.0,passed,True
experiment_04377,2026-05-29T13:26:29Z,0.0,passed,True
experiment_04378,2026-05-29T13:26:29Z,0.0,passed,True
experiment_04379,2026-05-29T13:26:29Z,0.0,passed,True
experiment_04380,2026-05-29T13:26:30Z,0.0,passed,True
experiment_04381,2026-05-29T13:26:30Z,0.0,passed,True
experiment_04382,2026-05-29T13:26:30Z,0.0,passed,True
experiment_04383,2026-05-29T13:26:30Z,0.0,passed,True
experiment_04384,2026-05-29T13:26:30Z,0.0,passed,True
experiment_04385,2026-05-29T13:26:30Z,0.0,passed,True
experiment_04386,2026-05-29T13:26:31Z,0.0,passed,True
experiment_04387,2026-05-29T13:26:31Z,0.0,passed,True
experiment_04388,2026-05-29T13:26:31Z,0.0,passed,True
experiment_04389,2026-05-29T13:26:31Z,0.0,passed,True
experiment_04390,2026-05-29T13:26:31Z,0.0,passed,True
experiment_04391,2026-05-29T13:26:31Z,0.0,passed,True
experiment_04392,2026-05-29T13:26:31Z,0.0,passed,True
experiment_04393,2026-05-29T13:26:32Z,0.0,passed,True
experiment_04394,2026-05-29T13:26:32Z,0.0,passed,True
experiment_04395,2026-05-29T13:26:32Z,0.0,passed,True
experiment_04396,2026-05-29T13:26:32Z,0.0,passed,True
experiment_04397,2026-05-29T13:26:32Z,0.0,passed,True
experiment_04398,2026-05-29T13:26:32Z,0.0,passed,True
experiment_04399,2026-05-29T13:26:33Z,0.0,passed,True
experiment_04400,2026-05-29T13:26:33Z,0.0,passed,True
experiment_04401,2026-05-29T13:26:33Z,0.0,passed,True
experiment_04402,2026-05-29T13:26:33Z,0.0,passed,True
experiment_04403,2026-05-29T13:26:33Z,0.0,passed,True
experiment_04404,2026-05-29T13:26:33Z,0.0,passed,True
experiment_04405,2026-05-29T13:26:33Z,0.0,passed,True
experiment_04406,2026-05-29T13:26:34Z,0.0,passed,True
experiment_04407,2026-05-29T13:26:34Z,0.0,passed,True
experiment_04408,2026-05-29T13:26:34Z,0.0,passed,True
experiment_04409,2026-05-29T13:26:34Z,0.0,passed,True
experiment_04410,2026-05-29T13:26:34Z,0.0,passed,True
experiment_04411,2026-05-29T13:26:34Z,0.0,passed,True
experiment_04412,2026-05-29T13:26:34Z,0.0,passed,True
experiment_04413,2026-05-29T13:26:35Z,0.0,passed,True
experiment_04414,2026-05-29T13:26:35Z,0.0,passed,True
experiment_04415,2026-05-29T13:26:35Z,0.0,passed,True
experiment_04416,2026-05-29T13:26:35Z,0.0,passed,True
experiment_04417,2026-05-29T13:26:35Z,0.0,passed,True
experiment_04418,2026-05-29T13:26:35Z,0.0,passed,True
experiment_04419,2026-05-29T13:26:36Z,0.0,passed,True
experiment_04420,2026-05-29T13:26:36Z,0.0,passed,True
experiment_04421,2026-05-29T13:26:36Z,0.0,passed,True
experiment_04422,2026-05-29T13:26:36Z,0.0,passed,True
experiment_04423,2026-05-29T13:26:36Z,0.0,passed,True
experiment_04424,2026-05-29T13:26:36Z,0.0,passed,True
experiment_04425,2026-05-29T13:26:36Z,0.0,passed,True
experiment_04426,2026-05-29T13:26:37Z,0.0,passed,True
experiment_04427,2026-05-29T13:26:37Z,0.0,passed,True
experiment_04428,2026-05-29T13:26:37Z,0.0,passed,True
experiment_04429,2026-05-29T13:35:46Z,0.5129510230783012,passed,True
experiment_04430,2026-05-29T13:35:49Z,0.6630463091350549,passed,True
experiment_04431,2026-05-29T13:39:12Z,-0.7079217311179384,passed,True
experiment_04432,2026-05-29T13:39:15Z,-3.281902214299677,passed,True
experiment_04433,2026-05-29T13:39:19Z,-2.188640833644829,passed,True
experiment_04434,2026-05-29T13:42:11Z,,passed,True
experiment_04435,2026-06-01T01:34:46Z,,passed,True
experiment_04436,2026-06-01T01:35:25Z,0.5575757720612096,,
experiment_04437,2026-06-01T01:39:16Z,,,
experiment_04438,2026-06-01T02:01:33Z,-0.7079217311179384,passed,True
experiment_04439,2026-06-01T02:01:34Z,-3.281902214299677,passed,True
experiment_04440,2026-06-01T02:01:38Z,-2.188640833644829,passed,True
experiment_04441,2026-06-02T01:01:53Z,0.6492279466251087,,
experiment_04442,2026-06-02T01:01:57Z,0.6358008144593175,,
experiment_04443,2026-06-02T01:02:00Z,0.5736981089256172,,
experiment_04444,2026-06-02T01:02:03Z,0.5563311974014535,,
experiment_04445,2026-06-02T01:02:05Z,0.5187144407461926,,
experiment_04446,2026-06-02T01:02:09Z,0.5154513679267865,,
experiment_04447,2026-06-02T01:02:12Z,0.4789349181470577,,
experiment_04448,2026-06-02T01:11:25Z,0.6492279466251087,,
experiment_04449,2026-06-02T01:11:29Z,0.6358008144593175,,
experiment_04450,2026-06-02T01:11:30Z,0.5736981089256172,,
experiment_04451,2026-06-02T01:11:32Z,0.5563311974014535,,
experiment_04452,2026-06-02T01:11:34Z,0.5187144407461926,,
experiment_04453,2026-06-02T01:11:35Z,0.5154513679267865,,
experiment_04454,2026-06-02T01:11:37Z,0.4590007686035289,,
experiment_04455,2026-06-02T01:11:39Z,0.43451597801031916,,
experiment_04456,2026-06-02T01:18:30Z,0.6492279466251087,,
experiment_04457,2026-06-02T01:18:35Z,0.6358008144593175,,
experiment_04458,2026-06-02T01:18:37Z,0.5736981089256172,,
experiment_04459,2026-06-02T01:18:39Z,0.5563311974014535,,
experiment_04460,2026-06-02T01:18:40Z,0.5187144407461926,,
experiment_04461,2026-06-02T01:18:42Z,0.5154513679267865,,
experiment_04462,2026-06-02T01:18:43Z,0.4590007686035289,,
experiment_04463,2026-06-02T01:18:45Z,0.3895846780275303,,
experiment_04464,2026-06-02T01:23:14Z,0.3843139456070048,,
experiment_04465,2026-06-02T01:23:16Z,0.37276986427827197,,
experiment_04466,2026-06-02T01:23:18Z,0.3664885541031868,,
experiment_04467,2026-06-02T01:23:19Z,0.33234011628785076,,
experiment_04468,2026-06-02T01:23:21Z,0.3011689885061273,,
experiment_04469,2026-06-02T01:27:52Z,0.2586945355785275,,
experiment_04470,2026-06-02T01:32:17Z,0.2222636568447669,,
experiment_04471,2026-06-02T01:33:18Z,0.41482039019169115,,
experiment_04472,2026-06-02T01:37:55Z,0.2416577008783527,,
experiment_04473,2026-06-02T01:44:15Z,0.6358008144593175,,
experiment_04474,2026-06-02T01:44:17Z,0.5187144407461926,,
experiment_04475,2026-06-02T01:44:19Z,0.18709716160133638,,
experiment_04476,2026-06-02T01:48:21Z,0.06413411680125769,,
experiment_04477,2026-06-02T01:48:23Z,0.05081545746939575,,
experiment_04478,2026-06-02T13:28:01Z,,passed,True
experiment_04479,2026-06-02T13:47:00Z,2.2436647320579137,public_examples_passed,True
experiment_04480,2026-06-02T19:20:03Z,15.958314994053957,passed,False
experiment_04481,2026-06-02T19:20:13Z,14.340578278805161,passed,False
experiment_04482,2026-06-02T19:20:23Z,1.3002770938269972,passed,False
experiment_04483,2026-06-02T19:20:33Z,0.5095762347175974,passed,False
experiment_04484,2026-06-02T19:20:45Z,0.10539756573100334,passed,False
experiment_04485,2026-06-02T19:20:56Z,30.298893272859118,passed,False
experiment_04486,2026-06-02T19:21:06Z,31.599170366686117,passed,False
experiment_04487,2026-06-02T19:21:17Z,32.21414416713472,passed,False
experiment_04488,2026-06-02T19:32:45Z,-0.7079217311179384,passed,True
experiment_04489,2026-06-02T19:32:46Z,-3.281902214299677,passed,True
experiment_04490,2026-06-02T19:32:49Z,-2.188640833644829,passed,True
experiment_04491,2026-06-03T04:38:28Z,-4.174787656941792,,
experiment_04492,2026-06-03T04:40:30Z,-2.736084113606587,,
experiment_04493,2026-06-03T04:44:10Z,-2.724866185919632,,
experiment_04494,2026-06-03T04:50:43Z,,failed,False
experiment_04495,2026-06-03T04:53:09Z,,failed,False
experiment_04496,2026-06-03T04:55:36Z,,failed,False
experiment_04497,2026-06-03T05:19:23Z,,,
experiment_04498,2026-06-03T05:51:16Z,0.06413411680125769,,
experiment_04499,2026-06-03T06:24:08Z,-3.281902214299677,passed,True
experiment_04500,2026-06-03T06:24:09Z,-0.7079217311179384,passed,True
experiment_04501,2026-06-03T06:24:12Z,-2.188640833644829,passed,True
experiment_04502,2026-06-03T20:47:29Z,0.3011689885061273,,
experiment_04503,2026-06-03T20:51:39Z,0.2586945355785275,,
experiment_04504,2026-06-03T20:55:45Z,0.18709716160133638,,
experiment_04505,2026-06-03T20:59:52Z,0.06413411680125769,,
experiment_04506,2026-06-03T20:59:55Z,0.006850514888117942,,
experiment_04507,2026-06-03T21:00:35Z,0.06413411680125769,,
experiment_04508,2026-06-03T21:00:38Z,0.006850514888117942,,
experiment_04509,2026-06-03T21:03:57Z,11.4590921052411,,
experiment_04510,2026-06-03T21:04:00Z,11.4590921052411,,
experiment_04511,2026-06-03T21:04:01Z,11.4590921052411,,
experiment_04512,2026-06-03T21:04:02Z,11.287253720467184,,
experiment_04513,2026-06-03T21:06:06Z,11.287253720467184,,
experiment_04514,2026-06-03T21:09:32Z,-0.7079217311179384,passed,True
experiment_04515,2026-06-03T21:09:33Z,-3.281902214299677,passed,True
experiment_04516,2026-06-03T21:09:36Z,-2.188640833644829,passed,True
experiment_04517,2026-06-03T21:10:27Z,-0.4638078571442019,failed,
experiment_04518,2026-06-03T21:14:20Z,0.5805319433122449,,
experiment_04519,2026-06-03T21:14:23Z,0.4156080574882104,,
experiment_04520,2026-06-03T21:19:07Z,0.39397360018691074,,
experiment_04521,2026-06-03T21:23:23Z,0.3843139456070048,,
experiment_04522,2026-06-03T21:23:25Z,0.3810171380449834,,
experiment_04523,2026-06-03T21:27:26Z,0.3748054538588246,,
experiment_04524,2026-06-03T21:31:28Z,0.36162216758370924,,
experiment_04525,2026-06-03T21:35:36Z,0.34952876322750726,,
experiment_04526,2026-06-03T21:47:37Z,0.5805319433122449,,
experiment_04527,2026-06-03T21:47:41Z,0.3843139456070048,,
experiment_04528,2026-06-03T21:47:45Z,0.33234011628785076,,
experiment_04529,2026-06-03T21:47:48Z,0.3062584580247183,,
experiment_04530,2026-06-03T21:53:58Z,0.30622111666870744,,
experiment_04531,2026-06-03T21:55:53Z,0.2547080966963424,,
experiment_04532,2026-06-03T22:00:57Z,0.21164408801730872,,
experiment_04533,2026-06-03T22:00:59Z,0.19058854675307124,,
experiment_04534,2026-06-03T22:04:58Z,0.16221899357274694,,
experiment_04535,2026-06-03T22:08:58Z,0.10539385955006253,,
experiment_04536,2026-06-03T22:14:00Z,13.105867967068388,,
experiment_04537,2026-06-03T22:14:03Z,0.3748054538588246,,
experiment_04538,2026-06-03T22:14:06Z,0.33234011628785076,,
experiment_04539,2026-06-03T22:14:07Z,0.30622111666870744,,
experiment_04540,2026-06-03T22:18:20Z,0.21164408801730872,,
experiment_04541,2026-06-03T22:18:22Z,0.10539385955006253,,
experiment_04542,2026-06-03T22:19:03Z,0.3843139456070048,,
experiment_04543,2026-06-03T22:19:06Z,0.33234011628785076,,
experiment_04544,2026-06-03T22:19:07Z,0.21164408801730872,,
experiment_04545,2026-06-03T22:19:08Z,0.16217846804934766,,
experiment_04546,2026-06-03T22:24:12Z,0.1211539813243192,,
experiment_04547,2026-06-03T22:31:20Z,0.5822189082886666,,
experiment_04548,2026-06-03T22:32:56Z,0.3843139456070048,,
experiment_04549,2026-06-03T22:32:59Z,0.33234011628785076,,
experiment_04550,2026-06-03T22:33:00Z,0.10539385955006253,,
experiment_04551,2026-06-04T13:47:05Z,2.498160721894651,passed,True
experiment_04552,2026-06-04T13:47:05Z,2.473257028662836,passed,True
experiment_04553,2026-06-04T13:47:06Z,0.9014311823890093,passed,True
experiment_04554,2026-06-04T13:47:06Z,0.5917240809236155,passed,True
experiment_04555,2026-06-04T13:47:06Z,0.5822189082886666,passed,True
experiment_04556,2026-06-04T13:47:06Z,0.5805319433122449,passed,True
experiment_04557,2026-06-04T13:47:06Z,0.5628957920900106,passed,True
experiment_04558,2026-06-04T13:47:06Z,0.5628957920900106,passed,True
experiment_04559,2026-06-04T13:47:06Z,0.5095762347175974,passed,True
experiment_04560,2026-06-04T13:47:06Z,0.4156080574882104,passed,True
experiment_04561,2026-06-04T13:47:06Z,0.3748054538588246,passed,True
experiment_04562,2026-06-04T13:47:06Z,0.34635628087246495,passed,True
experiment_04563,2026-06-04T13:47:06Z,0.21738308879035628,passed,True
experiment_04564,2026-06-04T13:47:06Z,0.2147367187035929,passed,True
experiment_04565,2026-06-04T13:47:06Z,0.16117083107502417,passed,True
experiment_04566,2026-06-04T13:47:06Z,0.14532462867720675,passed,True
experiment_04567,2026-06-04T13:54:23Z,2.473257028662836,,
experiment_04568,2026-06-04T13:54:25Z,0.5822189082886666,,
experiment_04569,2026-06-04T13:54:27Z,0.5805319433122449,,
experiment_04570,2026-06-04T13:54:28Z,0.3843139456070048,,
experiment_04571,2026-06-04T13:54:30Z,0.3748054538588246,,
experiment_04572,2026-06-04T13:54:31Z,0.33234011628785076,,
experiment_04573,2026-06-04T13:54:32Z,0.21164408801730872,,
experiment_04574,2026-06-04T13:54:34Z,0.10539385955006253,,
experiment_04575,2026-06-04T14:07:20Z,0.5822189082886666,,
experiment_04576,2026-06-04T14:07:23Z,0.3843139456070048,,
experiment_04577,2026-06-04T14:07:24Z,0.33234011628785076,,
experiment_04578,2026-06-04T14:07:26Z,0.21164408801730872,,
experiment_04579,2026-06-04T14:07:27Z,0.1795890521503658,,
experiment_04580,2026-06-04T14:11:35Z,0.1211539813243192,,
experiment_04581,2026-06-04T14:11:38Z,0.10539385955006253,,
experiment_04582,2026-06-04T14:16:13Z,-0.7079217311179384,passed,True
experiment_04583,2026-06-04T14:16:13Z,-3.281902214299677,passed,True
experiment_04584,2026-06-04T14:16:17Z,-2.188640833644829,passed,True
experiment_04585,2026-06-04T14:22:30Z,0.5822189082886666,,
experiment_04586,,0.6749067786665339,,
experiment_04587,2026-06-04T14:22:33Z,0.3843139456070048,,
experiment_04588,,1.2666308595901494,,
experiment_04589,2026-06-04T14:22:36Z,0.33234011628785076,,
experiment_04590,2026-06-04T14:22:38Z,0.21164408801730872,,
experiment_04591,2026-06-04T14:22:41Z,0.1211539813243192,,
experiment_04592,2026-06-04T14:22:43Z,0.10539385955006253,,
experiment_04593,2026-06-04T14:22:45Z,0.09968571323340925,,
experiment_04594,2026-06-04T14:22:47Z,0.09879406910858002,,
experiment_04595,2026-06-04T14:22:48Z,0.08711267358615515,,
experiment_04596,2026-06-04T14:22:50Z,0.08711267358615515,,
experiment_04597,2026-06-04T14:22:51Z,0.07902397440958175,,
experiment_04598,2026-06-04T14:22:53Z,0.07207583357007863,,
experiment_04599,2026-06-04T14:22:54Z,0.06557469140138394,,
experiment_04600,2026-06-04T14:22:56Z,0.0536785558495545,,
experiment_04601,2026-06-04T14:22:57Z,0.05298784911166621,,
experiment_04602,2026-06-04T14:22:59Z,0.04600929742249882,,
experiment_04603,2026-06-04T14:23:00Z,0.026770241064607347,,
experiment_04604,2026-06-04T14:23:01Z,0.0210410242055854,,
experiment_04605,2026-06-04T14:28:56Z,0.5822189082886666,,
experiment_04606,2026-06-04T14:28:59Z,0.5628957920900106,,
experiment_04607,2026-06-04T14:29:00Z,0.3748054538588246,,
experiment_04608,2026-06-04T14:38:45Z,12.160604457483027,,
experiment_04609,2026-06-04T14:38:48Z,11.4590921052411,,
experiment_04610,2026-06-04T14:38:49Z,11.15275871748935,,
experiment_04611,2026-06-04T14:40:43Z,8.135053908611567,,
experiment_04612,2026-06-04T14:42:45Z,1.4692095172480268,,
experiment_04613,2026-06-04T14:42:46Z,0.4572883422909868,,
experiment_04614,2026-06-04T14:46:58Z,0.39291162986517136,,
experiment_04615,2026-06-04T14:47:00Z,0.3843139456070048,,
experiment_04616,2026-06-04T14:47:03Z,0.33234011628785076,,
experiment_04617,2026-06-04T14:47:06Z,0.33234011628785076,,
experiment_04618,2026-06-04T14:47:08Z,0.33234011628785076,,
experiment_04619,2026-06-04T14:47:10Z,0.33234011628785076,,
experiment_04620,2026-06-04T14:47:13Z,0.2344044575131523,,
experiment_04621,2026-06-04T14:47:16Z,0.21164408801730872,,
experiment_04622,2026-06-04T14:47:17Z,0.11281628178917202,,
experiment_04623,2026-06-04T14:50:27Z,0.5822189082886666,,
experiment_04624,2026-06-04T14:50:30Z,0.5628957920900106,,
experiment_04625,2026-06-04T14:51:06Z,0.0037807228399060477,,
experiment_04626,2026-06-04T14:51:08Z,0.5822189082886666,,
experiment_04627,2026-06-04T14:51:10Z,0.3843139456070048,,
experiment_04628,2026-06-04T14:51:12Z,0.33234011628785076,,
experiment_04629,2026-06-04T14:51:14Z,0.21164408801730872,,
experiment_04630,2026-06-04T14:51:15Z,0.10539385955006253,,
experiment_04631,2026-06-04T14:51:17Z,0.09968571323340925,,
experiment_04632,2026-06-04T14:51:19Z,0.09879406910858002,,
experiment_04633,2026-06-04T14:51:22Z,0.08711267358615515,,
experiment_04634,2026-06-04T14:51:23Z,0.08711267358615515,,
experiment_04635,2026-06-04T14:51:25Z,0.07902397440958175,,
experiment_04636,2026-06-04T14:51:26Z,0.07207583357007863,,
experiment_04637,2026-06-04T14:51:28Z,0.06557469140138394,,
experiment_04638,2026-06-04T14:51:29Z,0.0536785558495545,,
experiment_04639,2026-06-04T14:54:18Z,-2.188640833644829,passed,True
experiment_04640,2026-06-04T14:54:18Z,-0.7079217311179384,passed,True
experiment_04641,2026-06-04T14:54:19Z,-3.281902214299677,passed,True
experiment_04642,2026-06-04T14:57:42Z,1.0203809921298088,failed,False
experiment_04643,2026-06-04T14:59:42Z,2.473257028662836,passed,True
experiment_04644,2026-06-04T14:59:42Z,0.9014311823890093,passed,True
experiment_04645,2026-06-04T14:59:42Z,0.5917240809236155,passed,True
experiment_04646,2026-06-04T14:59:42Z,0.5822189082886666,passed,True
experiment_04647,2026-06-04T14:59:42Z,0.5805319433122449,passed,True
experiment_04648,2026-06-04T14:59:42Z,0.5628957920900106,passed,True
experiment_04649,2026-06-04T14:59:42Z,0.5628957920900106,passed,True
experiment_04650,2026-06-04T14:59:42Z,0.5095762347175974,passed,True
experiment_04651,2026-06-04T14:59:42Z,0.4156080574882104,passed,True
experiment_04652,2026-06-04T14:59:43Z,0.34635628087246495,passed,True
experiment_04653,2026-06-04T14:59:43Z,0.21738308879035628,passed,True
experiment_04654,2026-06-04T14:59:43Z,0.2147367187035929,passed,True
experiment_04655,2026-06-04T14:59:43Z,0.16117083107502417,passed,True
experiment_04656,2026-06-04T14:59:43Z,0.14532462867720675,passed,True
experiment_04657,,1.450169525410642,,
experiment_04658,,2.0418936063342574,,
experiment_04659,2026-06-04T15:08:11Z,2.473257028662836,,
experiment_04660,2026-06-04T15:17:54Z,2.473257028662836,,
experiment_04661,2026-06-04T15:21:56Z,2.116620544921588,,
experiment_04662,2026-06-04T15:21:59Z,1.4692095172480268,,
experiment_04663,2026-06-04T15:31:47Z,2.473257028662836,,
experiment_04664,2026-06-04T15:31:50Z,0.9014311823890093,,
experiment_04665,2026-06-04T15:36:04Z,0.7955874707010206,,
experiment_04666,2026-06-04T15:36:07Z,0.5917240809236155,,
experiment_04667,2026-06-04T15:36:08Z,0.5805319433122449,,
experiment_04668,2026-06-04T15:36:09Z,0.4156080574882104,,
experiment_04669,2026-06-04T15:38:09Z,2.473257028662836,,
experiment_04670,2026-06-04T15:38:14Z,0.7955874707010206,,
experiment_04671,2026-06-04T15:38:16Z,0.5917240809236155,,
experiment_04672,2026-06-04T15:38:18Z,0.5805319433122449,,
experiment_04673,2026-06-04T15:38:19Z,0.4156080574882104,,
experiment_04674,2026-06-04T15:38:21Z,0.3843139456070048,,
experiment_04675,2026-06-04T15:38:22Z,0.33234011628785076,,
experiment_04676,2026-06-04T15:38:24Z,0.21164408801730872,,
experiment_04677,2026-06-04T15:38:40Z,2.473257028662836,,
experiment_04678,2026-06-04T15:38:44Z,0.7955874707010206,,
experiment_04679,2026-06-04T15:38:46Z,0.5917240809236155,,
experiment_04680,2026-06-04T15:38:47Z,0.5805319433122449,,
experiment_04681,2026-06-04T15:38:49Z,0.4156080574882104,,
experiment_04682,2026-06-04T15:45:48Z,0.7955874707010206,,
experiment_04683,2026-06-04T15:45:51Z,0.722522536384119,,
experiment_04684,2026-06-04T15:45:52Z,0.5917240809236155,,
experiment_04685,2026-06-04T15:45:54Z,0.5805319433122449,,
experiment_04686,2026-06-04T15:45:55Z,0.34952876322750726,,
experiment_04687,2026-06-04T15:45:56Z,0.2802253998726467,,
experiment_04688,2026-06-04T15:45:58Z,0.25872847165427615,,
experiment_04689,2026-06-04T15:46:00Z,0.2147367187035929,,
experiment_04690,2026-06-04T15:46:01Z,0.21140713768905073,,
experiment_04691,2026-06-04T15:46:02Z,0.21079142528106587,,
experiment_04692,2026-06-04T15:46:04Z,0.16117083107502417,,
experiment_04693,2026-06-04T15:46:53Z,0.7955874707010206,,
experiment_04694,2026-06-04T15:46:56Z,0.722522536384119,,
experiment_04695,2026-06-04T15:46:58Z,0.5917240809236155,,
experiment_04696,2026-06-04T15:46:59Z,0.5805319433122449,,
experiment_04697,2026-06-04T15:47:01Z,0.34952876322750726,,
experiment_04698,2026-06-04T15:47:02Z,0.2802253998726467,,
experiment_04699,2026-06-04T15:47:03Z,0.25872847165427615,,
experiment_04700,2026-06-04T15:47:05Z,0.2147367187035929,,
experiment_04701,2026-06-04T15:47:06Z,0.21140713768905073,,
experiment_04702,2026-06-04T15:47:08Z,0.21079142528106587,,
experiment_04703,2026-06-04T15:47:09Z,0.16117083107502417,,
experiment_04704,2026-06-04T15:47:25Z,0.7955874707010206,,
experiment_04705,2026-06-04T15:47:28Z,0.722522536384119,,
experiment_04706,2026-06-04T15:47:29Z,0.5917240809236155,,
experiment_04707,2026-06-04T15:47:31Z,0.5805319433122449,,
experiment_04708,2026-06-04T15:49:28Z,0.34952876322750726,,
experiment_04709,2026-06-04T15:54:04Z,0.7955874707010206,,
experiment_04710,2026-06-04T15:54:08Z,0.722522536384119,,
experiment_04711,2026-06-04T15:54:09Z,0.5917240809236155,,
experiment_04712,2026-06-04T15:54:11Z,0.5805319433122449,,
experiment_04713,2026-06-04T15:56:18Z,0.2802253998726467,,
experiment_04714,2026-06-04T16:07:29Z,0.7955874707010206,,
experiment_04715,2026-06-04T16:07:32Z,0.722522536384119,,
experiment_04716,2026-06-04T16:07:34Z,0.5917240809236155,,
experiment_04717,2026-06-04T16:07:36Z,0.5805319433122449,,
experiment_04718,2026-06-04T16:07:37Z,0.25872847165427615,,
experiment_04719,2026-06-04T16:07:39Z,0.2147367187035929,,
experiment_04720,2026-06-04T16:07:40Z,0.21140713768905073,,
experiment_04721,2026-06-04T16:07:42Z,0.21079142528106587,,
experiment_04722,2026-06-04T16:07:44Z,0.16117083107502417,,
experiment_04723,2026-06-04T16:07:58Z,0.7955874707010206,,
experiment_04724,2026-06-04T16:08:02Z,0.722522536384119,,
experiment_04725,2026-06-04T16:08:05Z,0.5917240809236155,,
experiment_04726,2026-06-04T16:08:07Z,0.5805319433122449,,
experiment_04727,2026-06-04T16:10:09Z,0.25872847165427615,,
experiment_04728,2026-06-04T16:15:02Z,0.7955874707010206,,
experiment_04729,2026-06-04T16:15:05Z,0.722522536384119,,
experiment_04730,2026-06-04T16:15:07Z,0.5917240809236155,,
experiment_04731,2026-06-04T16:15:08Z,0.5805319433122449,,
experiment_04732,2026-06-04T16:17:07Z,0.2147367187035929,,
experiment_04733,2026-06-04T16:21:20Z,0.7955874707010206,,
experiment_04734,2026-06-04T16:21:23Z,0.722522536384119,,
experiment_04735,2026-06-04T16:21:25Z,0.5917240809236155,,
experiment_04736,2026-06-04T16:21:26Z,0.5805319433122449,,
experiment_04737,2026-06-04T16:21:28Z,0.21140713768905073,,
experiment_04738,2026-06-04T16:21:29Z,0.21079142528106587,,
experiment_04739,2026-06-04T16:21:31Z,0.16117083107502417,,
experiment_04740,2026-06-04T16:21:42Z,0.7955874707010206,,
experiment_04741,2026-06-04T16:21:45Z,0.722522536384119,,
experiment_04742,2026-06-04T16:21:48Z,0.5917240809236155,,
experiment_04743,2026-06-04T16:21:50Z,0.5805319433122449,,
experiment_04744,2026-06-04T16:24:10Z,0.21140713768905073,,
experiment_04745,2026-06-04T16:29:10Z,0.7955874707010206,,
experiment_04746,2026-06-04T16:29:13Z,0.722522536384119,,
experiment_04747,2026-06-04T16:29:14Z,0.5917240809236155,,
experiment_04748,2026-06-04T16:29:15Z,0.5805319433122449,,
experiment_04749,2026-06-04T16:31:10Z,0.21079142528106587,,
experiment_04750,2026-06-04T16:35:21Z,0.7955874707010206,,
experiment_04751,2026-06-04T16:35:24Z,0.722522536384119,,
experiment_04752,2026-06-04T16:35:25Z,0.5917240809236155,,
experiment_04753,2026-06-04T16:35:27Z,0.5805319433122449,,
experiment_04754,2026-06-04T16:35:28Z,0.16117083107502417,,
experiment_04755,2026-06-04T16:35:40Z,0.7955874707010206,,
experiment_04756,2026-06-04T16:35:42Z,0.722522536384119,,
experiment_04757,2026-06-04T16:35:43Z,0.5917240809236155,,
experiment_04758,2026-06-04T16:35:45Z,0.5805319433122449,,
experiment_04759,2026-06-04T16:37:43Z,0.16117083107502417,,
experiment_04760,2026-06-04T16:44:30Z,12.160604457483027,,
experiment_04761,2026-06-04T16:44:33Z,12.160604457483027,,
experiment_04762,2026-06-04T16:44:34Z,12.160604457483027,,
experiment_04763,2026-06-04T16:44:36Z,11.549267037372665,,
experiment_04764,2026-06-04T16:44:38Z,11.549267037372665,,
experiment_04765,2026-06-04T16:44:41Z,11.500650434094617,,
experiment_04766,2026-06-04T16:44:43Z,11.500650434094617,,
experiment_04767,2026-06-04T16:44:44Z,11.4590921052411,,
experiment_04768,2026-06-04T16:44:46Z,11.4590921052411,,
experiment_04769,2026-06-04T16:44:47Z,11.4590921052411,,
experiment_04770,2026-06-04T16:44:49Z,11.352803660072174,,
experiment_04771,2026-06-04T16:44:50Z,11.352803660072174,,
experiment_04772,2026-06-04T16:44:52Z,11.287253720467184,,
experiment_04773,2026-06-04T16:44:53Z,11.287253720467184,,
experiment_04774,2026-06-04T16:44:54Z,11.163651636511807,,
experiment_04775,2026-06-04T16:44:56Z,11.163651636511807,,
experiment_04776,2026-06-04T16:44:57Z,11.15275871748935,,
experiment_04777,2026-06-04T16:44:59Z,11.15275871748935,,
experiment_04778,2026-06-04T16:45:00Z,11.15275871748935,,
experiment_04779,2026-06-04T16:45:02Z,11.101145459804293,,
experiment_04780,2026-06-04T16:45:03Z,11.101145459804293,,
experiment_04781,2026-06-04T16:45:05Z,11.083019087682292,,
experiment_04782,2026-06-04T16:45:06Z,11.083019087682292,,
experiment_04783,2026-06-04T16:45:08Z,11.062347921549595,,
experiment_04784,2026-06-04T16:45:09Z,11.062347921549595,,
experiment_04785,2026-06-04T16:45:11Z,10.9246066585059,,
experiment_04786,2026-06-04T16:45:13Z,10.9246066585059,,
experiment_04787,2026-06-04T16:45:15Z,10.60129883922295,,
experiment_04788,2026-06-04T16:45:16Z,10.502049290606205,,
experiment_04789,2026-06-04T16:45:17Z,10.502049290606205,,
experiment_04790,2026-06-04T16:45:19Z,10.448482692072215,,
experiment_04791,2026-06-04T16:45:21Z,10.448482692072215,,
experiment_04792,2026-06-04T16:45:22Z,10.328951347150982,,
experiment_04793,2026-06-04T16:45:23Z,10.328951347150982,,
experiment_04794,2026-06-04T16:45:25Z,10.30925261565329,,
experiment_04795,2026-06-04T16:45:26Z,10.30925261565329,,
experiment_04796,2026-06-04T16:45:28Z,10.212955578309765,,
experiment_04797,2026-06-04T16:45:30Z,10.212955578309765,,
experiment_04798,2026-06-04T16:45:31Z,10.062028580664679,,
experiment_04799,2026-06-04T16:45:32Z,10.062028580664679,,
experiment_04800,2026-06-04T16:45:34Z,9.89495122151384,,
experiment_04801,2026-06-04T16:45:35Z,9.89495122151384,,
experiment_04802,2026-06-04T16:45:37Z,9.878836189094999,,
experiment_04803,2026-06-04T16:45:38Z,9.878836189094999,,
experiment_04804,2026-06-04T16:45:40Z,9.847499042327273,,
experiment_04805,2026-06-04T16:45:54Z,12.160604457483027,,
experiment_04806,2026-06-04T16:45:57Z,12.160604457483027,,
experiment_04807,2026-06-04T16:45:58Z,12.160604457483027,,
experiment_04808,2026-06-04T16:46:00Z,11.549267037372665,,
experiment_04809,2026-06-04T16:46:01Z,11.549267037372665,,
experiment_04810,2026-06-04T16:46:03Z,11.500650434094617,,
experiment_04811,2026-06-04T16:46:05Z,11.500650434094617,,
experiment_04812,2026-06-04T16:46:07Z,11.4590921052411,,
experiment_04813,2026-06-04T16:46:08Z,11.4590921052411,,
experiment_04814,2026-06-04T16:46:10Z,11.4590921052411,,
experiment_04815,2026-06-04T16:46:11Z,11.352803660072174,,
experiment_04816,2026-06-04T16:48:21Z,11.352803660072174,,
experiment_04817,2026-06-04T16:50:28Z,11.287253720467184,,
experiment_04818,2026-06-04T16:52:31Z,11.287253720467184,,
experiment_04819,2026-06-04T16:54:35Z,11.163651636511807,,
experiment_04820,2026-06-04T16:54:38Z,11.163651636511807,,
experiment_04821,2026-06-04T16:54:41Z,11.15275871748935,,
experiment_04822,2026-06-04T16:56:37Z,11.15275871748935,,
experiment_04823,2026-06-04T16:58:31Z,11.15275871748935,,
experiment_04824,2026-06-04T17:00:22Z,11.101145459804293,,
experiment_04825,2026-06-04T17:02:15Z,11.101145459804293,,
experiment_04826,2026-06-04T17:04:12Z,11.083019087682292,,
experiment_04827,2026-06-04T17:04:14Z,11.083019087682292,,
experiment_04828,2026-06-04T17:04:15Z,11.062347921549595,,
experiment_04829,2026-06-04T17:06:07Z,11.062347921549595,,
experiment_04830,2026-06-04T17:08:00Z,10.9246066585059,,
experiment_04831,2026-06-04T17:09:59Z,10.9246066585059,,
experiment_04832,2026-06-04T17:11:52Z,10.60129883922295,,
experiment_04833,2026-06-04T17:11:54Z,10.502049290606205,,
experiment_04834,2026-06-04T17:13:45Z,10.502049290606205,,
experiment_04835,2026-06-04T17:15:36Z,10.448482692072215,,
experiment_04836,2026-06-04T17:15:38Z,10.448482692072215,,
experiment_04837,2026-06-04T17:15:39Z,10.328951347150982,,
experiment_04838,2026-06-04T17:17:33Z,10.328951347150982,,
experiment_04839,2026-06-04T17:19:27Z,10.30925261565329,,
experiment_04840,2026-06-04T17:19:29Z,10.30925261565329,,
experiment_04841,2026-06-04T17:19:30Z,10.212955578309765,,
experiment_04842,2026-06-04T17:19:31Z,10.212955578309765,,
experiment_04843,2026-06-04T17:19:33Z,10.062028580664679,,
experiment_04844,2026-06-04T17:21:24Z,10.062028580664679,,
experiment_04845,2026-06-04T17:23:16Z,9.89495122151384,,
experiment_04846,2026-06-04T17:23:17Z,9.89495122151384,,
experiment_04847,2026-06-04T17:23:18Z,9.878836189094999,,
experiment_04848,2026-06-04T17:23:20Z,9.878836189094999,,
experiment_04849,2026-06-04T17:23:21Z,9.847499042327273,,
experiment_04850,2026-06-04T17:25:12Z,9.847499042327273,,
experiment_04851,2026-06-04T17:27:04Z,9.831722986306817,,
experiment_04852,2026-06-04T17:28:56Z,9.831722986306817,,
experiment_04853,2026-06-04T17:30:50Z,9.818038590703646,,
experiment_04854,2026-06-04T17:32:40Z,9.818038590703646,,
experiment_04855,2026-06-04T17:34:57Z,9.729253205924792,,
experiment_04856,2026-06-04T17:52:20Z,9.729253205924792,,
experiment_04857,2026-06-04T17:56:35Z,9.689922976002242,,
experiment_04858,2026-06-04T17:59:38Z,9.689922976002242,,
experiment_04859,2026-06-04T18:00:56Z,9.620063070336988,,
experiment_04860,2026-06-05T01:31:22Z,2.473257028662836,passed,True
experiment_04861,2026-06-05T01:31:22Z,0.5917240809236155,passed,True
experiment_04862,2026-06-05T01:31:22Z,0.5822189082886666,passed,True
experiment_04863,2026-06-05T01:31:22Z,0.5805319433122449,passed,True
experiment_04864,2026-06-05T01:31:22Z,0.5628957920900106,passed,True
experiment_04865,2026-06-05T01:31:22Z,0.5628957920900106,passed,True
experiment_04866,2026-06-05T01:31:23Z,0.5095762347175974,passed,True
experiment_04867,2026-06-05T01:31:23Z,0.34635628087246495,passed,True
experiment_04868,2026-06-05T01:31:23Z,0.21738308879035628,passed,True
experiment_04869,2026-06-05T01:31:23Z,0.14532462867720675,passed,True
experiment_04870,2026-06-05T01:35:22Z,12.160604457483027,,
experiment_04871,2026-06-05T01:35:24Z,12.160604457483027,,
experiment_04872,2026-06-05T01:35:26Z,12.160604457483027,,
experiment_04873,2026-06-05T01:35:28Z,11.549267037372665,,
experiment_04874,2026-06-05T01:35:30Z,11.549267037372665,,
experiment_04875,2026-06-05T01:35:32Z,11.500650434094617,,
experiment_04876,2026-06-05T01:35:34Z,11.500650434094617,,
experiment_04877,2026-06-05T01:35:40Z,11.4590921052411,,
experiment_04878,2026-06-05T01:35:44Z,11.4590921052411,,
experiment_04879,2026-06-05T01:35:46Z,11.4590921052411,,
experiment_04880,2026-06-05T01:35:48Z,11.352803660072174,,
experiment_04881,2026-06-05T01:36:50Z,25.0,,
experiment_04882,2026-06-05T01:36:53Z,11.287253720467184,,
experiment_04883,2026-06-05T01:37:54Z,11.287253720467184,,
experiment_04884,2026-06-05T01:38:58Z,11.163651636511807,,
experiment_04885,2026-06-05T01:39:01Z,11.163651636511807,,
experiment_04886,2026-06-05T01:39:03Z,11.15275871748935,,
experiment_04887,2026-06-05T01:40:04Z,11.15275871748935,,
experiment_04888,2026-06-05T01:41:07Z,25.0,,
experiment_04889,2026-06-05T01:41:09Z,11.101145459804293,,
experiment_04890,2026-06-05T01:42:10Z,11.101145459804293,,
experiment_04891,2026-06-05T01:43:13Z,11.083019087682292,,
experiment_04892,2026-06-05T01:43:15Z,11.083019087682292,,
experiment_04893,2026-06-05T01:43:16Z,11.062347921549595,,
experiment_04894,2026-06-05T01:44:18Z,11.062347921549595,,
experiment_04895,2026-06-05T01:45:20Z,10.9246066585059,,
experiment_04896,2026-06-05T01:46:23Z,10.9246066585059,,
experiment_04897,2026-06-05T01:47:25Z,10.60129883922295,,
experiment_04898,2026-06-05T01:47:28Z,10.502049290606205,,
experiment_04899,2026-06-05T01:53:32Z,-0.7079217311179384,passed,True
experiment_04900,2026-06-05T01:53:32Z,-3.281902214299677,passed,True
experiment_04901,2026-06-05T01:53:35Z,-2.188640833644829,passed,True
experiment_04902,2026-06-05T02:00:12Z,-0.43616416798386126,,
experiment_04903,2026-06-05T02:01:23Z,-0.43616416798386126,failed,False
experiment_04904,2026-06-05T02:03:20Z,-4.174787656941792,failed,False
experiment_04905,2026-06-05T02:04:12Z,0.20026497796079923,,
experiment_04906,2026-06-05T02:05:13Z,-2.7420181447862237,failed,False
experiment_04907,2026-06-05T02:06:02Z,-0.4638078571442019,failed,
experiment_04908,2026-06-05T02:07:04Z,-15.970102949806,failed,False
experiment_04909,2026-06-05T02:07:52Z,0.024460151178400835,failed,False
experiment_04910,2026-06-05T02:08:54Z,-0.42313224209815203,failed,False
experiment_04911,2026-06-05T02:09:41Z,-4.174787656941792,,
experiment_04912,2026-06-05T02:11:31Z,-0.9609145062586446,,
experiment_04913,2026-06-05T02:12:07Z,1.0203809921298088,failed,False
experiment_04914,2026-06-05T02:13:20Z,-0.06789336111217814,failed,
experiment_04915,2026-06-05T02:15:06Z,-2.7420181447862237,,
experiment_04916,2026-06-05T02:16:53Z,-1.0059388882796263,,
experiment_04917,2026-06-05T02:18:38Z,-2.8162596908683035,,
experiment_04918,2026-06-05T02:20:25Z,0.1078942614591405,failed,
experiment_04919,2026-06-05T02:22:10Z,-1.6708788250568585,,
experiment_04920,2026-06-05T02:23:57Z,-0.42313224209815203,,
experiment_04921,2026-06-05T02:25:42Z,-1.0839682161369133,failed,
experiment_04922,2026-06-05T02:27:27Z,-2.659700223437289,failed,
experiment_04923,2026-06-05T02:29:12Z,-0.7115165152099507,failed,
experiment_04924,2026-06-05T02:30:57Z,-1.4943415982107169,,
experiment_04925,2026-06-05T02:32:42Z,-2.6842591806373477,failed,
experiment_04926,2026-06-05T02:34:27Z,-2.202381535719711,,
experiment_04927,2026-06-05T02:36:16Z,-4.823788371423463,,
experiment_04928,2026-06-05T02:38:00Z,-3.16720040096045,,
experiment_04929,2026-06-05T02:39:45Z,-3.4081506235890497,,
experiment_04930,2026-06-05T02:41:30Z,-3.447306999066315,,
experiment_04931,2026-06-05T02:43:15Z,-3.04055048750541,failed,False
experiment_04932,2026-06-05T12:20:38Z,0.038310828505339956,,
experiment_04933,2026-06-05T12:20:43Z,0.013734390276827213,,
experiment_04934,2026-06-05T12:20:45Z,0.011074539846957165,,
experiment_04935,2026-06-05T12:20:47Z,0.0037807228399060477,,
experiment_04936,2026-06-05T12:20:49Z,0.00305266072722965,,
experiment_04937,2026-06-05T12:20:51Z,0.0024382546960257656,,
experiment_04938,2026-06-05T12:20:52Z,0.0004955094557885786,,
experiment_04939,2026-06-06T02:44:21Z,0.011074539846957165,,
experiment_04940,2026-06-06T02:44:34Z,0.0037807228399060477,,
experiment_04941,2026-06-06T02:44:44Z,0.00305266072722965,,
experiment_04942,2026-06-06T02:44:54Z,0.0024382546960257656,,
experiment_04943,2026-06-06T02:45:02Z,0.0004955094557885786,,
experiment_04944,2026-06-06T02:58:38Z,3.74921671179532,passed,True
experiment_04945,2026-06-06T02:58:38Z,3.4122472178487406,passed,True
experiment_04946,2026-06-06T02:58:38Z,2.473257028662836,passed,True
experiment_04947,2026-06-06T02:58:38Z,2.1865691755093923,passed,True
experiment_04948,2026-06-06T02:58:39Z,1.7922177433756659,passed,True
experiment_04949,2026-06-06T02:58:39Z,0.5917240809236155,passed,True
experiment_04950,2026-06-06T02:58:39Z,0.5822189082886666,passed,True
experiment_04951,2026-06-06T02:58:39Z,0.5805319433122449,passed,True
experiment_04952,2026-06-06T02:58:40Z,0.5628957920900106,passed,True
experiment_04953,2026-06-06T02:58:40Z,0.5628957920900106,passed,True
experiment_04954,2026-06-06T02:58:41Z,0.5095762347175974,passed,True
experiment_04955,2026-06-06T02:58:42Z,0.34635628087246495,passed,True
experiment_04956,2026-06-06T02:58:42Z,0.21738308879035628,passed,True
experiment_04957,2026-06-06T02:58:42Z,0.14532462867720675,passed,True
experiment_04958,2026-06-06T15:45:33Z,,passed,True
experiment_04959,2026-06-06T15:48:24Z,,failed,False
experiment_04960,2026-06-06T15:51:23Z,,passed,True
experiment_04961,2026-06-06T16:13:09Z,-0.7079217311179384,passed,True
experiment_04962,2026-06-06T16:13:09Z,-3.281902214299677,passed,True
experiment_04963,2026-06-06T16:13:11Z,-2.188640833644829,passed,True
experiment_04964,2026-06-06T16:15:37Z,-3.04055048750541,failed,False
experiment_04965,2026-06-06T16:15:37Z,-2.8162596908683035,,
experiment_04966,2026-06-06T16:17:37Z,-0.42313224209815203,,
experiment_04967,2026-06-07T06:31:16Z,0.5822189082886666,,
experiment_04968,2026-06-07T06:31:19Z,2.473257028662836,passed,True
experiment_04969,2026-06-07T06:31:19Z,0.5917240809236155,passed,True
experiment_04970,2026-06-07T06:31:19Z,0.5822189082886666,passed,True
experiment_04971,2026-06-07T06:31:19Z,0.5805319433122449,passed,True
experiment_04972,2026-06-07T06:31:19Z,0.5628957920900106,passed,True
experiment_04973,2026-06-07T06:31:20Z,0.5628957920900106,passed,True
experiment_04974,2026-06-07T06:31:20Z,0.5095762347175974,passed,True
experiment_04975,2026-06-07T06:31:21Z,0.34635628087246495,passed,True
experiment_04976,2026-06-07T06:31:21Z,0.21738308879035628,passed,True
experiment_04977,2026-06-07T06:31:21Z,0.14532462867720675,passed,True
experiment_04978,2026-06-07T06:31:25Z,0.3843139456070048,,
experiment_04979,2026-06-07T06:31:31Z,0.33234011628785076,,
experiment_04980,2026-06-07T06:31:37Z,0.1211539813243192,,
experiment_04981,2026-06-07T06:31:43Z,0.09968571323340925,,
experiment_04982,2026-06-07T06:31:51Z,0.08711267358615515,,
experiment_04983,2026-06-07T06:31:59Z,0.08711267358615515,,
experiment_04984,2026-06-07T06:32:05Z,0.07207583357007863,,
experiment_04985,2026-06-07T06:32:15Z,0.06557469140138394,,
experiment_04986,2026-06-07T06:32:20Z,0.0536785558495545,,
experiment_04987,2026-06-07T06:32:23Z,0.026770241064607347,,
experiment_04988,2026-06-07T06:32:26Z,0.025520689175815292,,
experiment_04989,2026-06-07T06:32:30Z,0.022409901399583987,,
experiment_04990,2026-06-08T13:31:20Z,0.3843139456070048,passed,
experiment_04991,2026-06-08T13:31:25Z,0.33234011628785076,passed,
experiment_04992,2026-06-08T13:31:30Z,0.7166540618948556,passed,
experiment_04993,2026-06-08T14:25:02Z,0.3078804582387882,,
experiment_04994,2026-06-08T14:28:10Z,3.9373265275961096,,
experiment_04995,2026-06-08T14:31:03Z,3.9373265275961096,,
experiment_04996,2026-06-08T14:31:33Z,0.3062584580247183,,
experiment_04997,2026-06-08T14:34:42Z,0.30463163076555233,,
experiment_04998,2026-06-08T14:37:57Z,0.30463163076555233,,
experiment_04999,2026-06-08T14:39:10Z,0.1875483473856221,passed,
experiment_05000,2026-06-08T14:49:46Z,0.1875483473856221,,
experiment_05001,2026-06-08T14:54:54Z,-0.7079217311179384,passed,False
experiment_05002,2026-06-08T14:54:55Z,-3.281902214299677,passed,False
experiment_05003,2026-06-08T14:54:57Z,-2.188640833644829,passed,False
experiment_05004,2026-06-08T14:55:10Z,0.06413411680125769,passed,
experiment_05005,2026-06-08T14:55:15Z,0.006850514888117942,passed,
experiment_05006,2026-06-08T15:18:41Z,,passed,True
experiment_05007,2026-06-08T20:07:00Z,-3.281902214299677,passed,False
experiment_05008,2026-06-08T20:07:01Z,-0.7079217311179384,passed,False
experiment_05009,2026-06-08T20:07:04Z,-2.188640833644829,passed,False
experiment_05010,2026-06-08T20:09:24Z,-0.43616416798386126,failed,False
experiment_05011,2026-06-08T20:12:39Z,1.0203809921298088,passed,False
experiment_05012,2026-06-10T00:16:05Z,,audit-only,False
experiment_05013,2026-06-09T23:13:03Z,,artifact-exists-400-onnx,True
experiment_05014,2026-06-10T22:13:33Z,,artifact-exists-400-onnx,True
experiment_05015,2026-06-11T00:29:51Z,,,False
experiment_05016,2026-06-11T00:35:16Z,-0.7079217311179384,passed,True
experiment_05017,2026-06-11T00:35:16Z,-3.281902214299677,passed,True
experiment_05018,2026-06-11T00:35:20Z,-2.188640833644829,passed,True
experiment_05019,2026-06-11T00:47:18Z,0.1716244223540393,,
experiment_05020,2026-06-11T00:49:07Z,-0.46514423464694765,failed,
experiment_05021,2026-06-11T00:38:35Z,4.206516590713109,passed,
experiment_05022,2026-06-11T00:55:21Z,1.0299285839791068,passed,
experiment_05023,2026-06-11T00:56:00Z,,scan_checkpoint,
experiment_05024,2026-06-11T01:05:30Z,,metric_recomputed,
experiment_05025,2026-06-11T01:04:07Z,-0.7079217311179384,passed,True
experiment_05026,2026-06-11T01:04:08Z,-3.281902214299677,passed,True
experiment_05027,2026-06-11T01:04:11Z,-2.188640833644829,passed,True
experiment_05028,2026-06-11T01:17:21Z,0.6427163269330549,passed,
experiment_05029,,,,
experiment_05030,2026-06-11T01:20:50Z,0.1078942614591405,passed,
experiment_05031,,,,
experiment_05032,,,pending,
experiment_05033,2026-06-11T01:34:32Z,6.009189186549962,,
experiment_05034,,,pending,
experiment_05035,,,,
experiment_05036,2026-06-11T01:41:26Z,-0.7079217311179384,passed,True
experiment_05037,2026-06-11T01:41:27Z,-3.281902214299677,passed,True
experiment_05038,2026-06-11T01:41:29Z,-2.188640833644829,passed,True
experiment_05039,2026-06-11T01:43:33Z,-0.6882590263482449,failed,False
experiment_05040,2026-06-11T01:45:18Z,-1.788071589481584,failed,False
experiment_05041,2026-06-11T01:46:06Z,14.435268815916935,,
experiment_05042,2026-06-11T01:46:06Z,0.6427163269330549,,
experiment_05043,2026-06-11T01:46:09Z,0.6427163269330549,,
experiment_05044,2026-06-11T01:46:09Z,13.997483578910545,,
experiment_05045,2026-06-11T01:46:11Z,0.4572193934165494,,
experiment_05046,2026-06-11T01:46:11Z,0.5805319433122449,,
experiment_05047,2026-06-11T01:46:13Z,0.4572193934165494,,
experiment_05048,2026-06-11T01:46:13Z,0.3641169907488777,,
experiment_05049,2026-06-11T01:46:15Z,0.34635628087246495,,
experiment_05050,2026-06-11T01:46:15Z,14.802798602780372,,
experiment_05051,2026-06-11T01:46:16Z,0.34635628087246495,,
experiment_05052,2026-06-11T01:46:16Z,0.2802253998726467,,
experiment_05053,2026-06-11T01:46:18Z,0.12106460383844819,,
experiment_05054,2026-06-11T01:46:18Z,0.2802253998726467,,
experiment_05055,2026-06-11T01:46:20Z,0.12106460383844819,,
experiment_05056,2026-06-11T01:46:20Z,0.006850514888117942,,
experiment_05057,2026-06-11T01:46:21Z,0.10809181472203022,,
experiment_05058,2026-06-11T01:46:23Z,0.006850514888117942,,
experiment_05059,2026-06-11T01:53:02Z,19.5028317747068,,
experiment_05060,2026-06-11T01:53:05Z,0.5805319433122449,,
experiment_05061,2026-06-11T01:53:07Z,0.3641169907488777,,
experiment_05062,2026-06-11T01:53:08Z,0.34635628087246495,,
experiment_05063,2026-06-11T01:53:10Z,0.2802253998726467,,
experiment_05064,2026-06-11T01:53:11Z,0.12106460383844819,,
experiment_05065,2026-06-11T01:53:12Z,0.10809181472203022,,
experiment_05066,2026-06-11T01:53:14Z,0.006850514888117942,,
experiment_05067,2026-06-11T01:59:29Z,0.6427163269330549,,
experiment_05068,2026-06-11T01:59:32Z,0.5805319433122449,,
experiment_05069,2026-06-11T01:59:34Z,0.3641169907488777,,
experiment_05070,2026-06-11T01:59:35Z,0.34635628087246495,,
experiment_05071,2026-06-11T01:59:37Z,0.12106460383844819,,
experiment_05072,2026-06-11T01:59:38Z,0.10809181472203022,,
experiment_05073,2026-06-11T01:59:39Z,0.006850514888117942,,
experiment_05074,2026-06-11T02:01:08Z,0.6427163269330549,,
experiment_05075,2026-06-11T02:01:11Z,0.006850514888117942,,
experiment_05076,2026-06-11T02:03:57Z,0.6384978087645354,,
experiment_05077,2026-06-11T02:04:00Z,0.4651787112948842,,
experiment_05078,2026-06-11T02:04:01Z,0.451017339706679,,
experiment_05079,2026-06-11T02:04:03Z,0.3790434470634807,,
experiment_05080,2026-06-11T02:04:04Z,0.31099919100701,,
experiment_05081,2026-06-11T02:04:06Z,0.3071299164107959,,
experiment_05082,2026-06-11T02:08:22Z,0.6384978087645354,,
experiment_05083,2026-06-11T02:08:26Z,0.451017339706679,,
experiment_05084,2026-06-11T02:08:28Z,0.3790434470634807,,
experiment_05085,2026-06-11T02:08:29Z,0.31099919100701,,
experiment_05086,2026-06-11T02:08:30Z,0.3071299164107959,,
experiment_05087,2026-06-11T02:08:32Z,0.26424096362068283,,
experiment_05088,2026-06-11T02:12:45Z,0.451017339706679,,
experiment_05089,2026-06-11T02:12:53Z,0.6384978087645354,,
experiment_05090,2026-06-11T02:12:56Z,0.3790434470634807,,
experiment_05091,2026-06-11T02:12:58Z,0.31099919100701,,
experiment_05092,2026-06-11T02:12:59Z,0.3071299164107959,,
experiment_05093,2026-06-11T02:17:12Z,0.6384978087645354,,
experiment_05094,2026-06-11T02:17:14Z,0.31099919100701,,
experiment_05095,2026-06-11T02:17:16Z,0.3071299164107959,,
experiment_05096,2026-06-11T02:17:18Z,0.26424096362068283,,
experiment_05097,2026-06-11T02:17:19Z,0.222621490559483,,
experiment_05098,2026-06-11T02:17:21Z,0.2097259396180391,,
experiment_05099,2026-06-11T02:21:54Z,0.6384978087645354,,
experiment_05100,2026-06-11T02:21:57Z,0.3071299164107959,,
experiment_05101,2026-06-11T02:21:58Z,0.26424096362068283,,
experiment_05102,2026-06-11T02:22:00Z,0.222621490559483,,
experiment_05103,2026-06-11T02:22:02Z,0.2097259396180391,,
experiment_05104,2026-06-11T02:22:03Z,0.17984173684420668,,
experiment_05105,2026-06-11T02:22:05Z,0.16974725864262474,,
experiment_05106,2026-06-11T02:22:06Z,0.13526183616512988,,
experiment_05107,2026-06-11T02:22:08Z,0.12446505424432175,,
experiment_05108,2026-06-11T02:22:09Z,0.10633055640098021,,
experiment_05109,2026-06-11T02:22:10Z,0.08643581603390693,,
experiment_05110,2026-06-11T02:22:12Z,0.07792861619867608,,
experiment_05111,2026-06-11T02:22:13Z,0.07525062789434145,,
experiment_05112,2026-06-11T02:22:15Z,0.07416352719489261,,
experiment_05113,2026-06-11T02:22:16Z,0.07357649486824336,,
experiment_05114,2026-06-11T02:22:18Z,0.06858825889798226,,
experiment_05115,2026-06-11T02:22:19Z,0.06582037104644378,,
experiment_05116,2026-06-11T02:22:21Z,0.06535604251117988,,
experiment_05117,2026-06-11T02:22:22Z,0.0563298907841574,,
experiment_05118,2026-06-11T02:22:24Z,0.054978298404479986,,
experiment_05119,2026-06-11T02:27:06Z,0.6384978087645354,,
experiment_05120,2026-06-11T02:27:09Z,0.3071299164107959,,
experiment_05121,2026-06-11T02:27:10Z,0.26424096362068283,,
experiment_05122,2026-06-11T02:27:11Z,0.222621490559483,,
experiment_05123,2026-06-11T02:27:13Z,0.2097259396180391,,
experiment_05124,2026-06-11T02:27:14Z,0.17984173684420668,,
experiment_05125,2026-06-11T02:27:16Z,0.16974725864262474,,
experiment_05126,2026-06-11T02:27:18Z,0.13526183616512988,,
experiment_05127,2026-06-11T02:27:19Z,0.12446505424432175,,
experiment_05128,2026-06-11T02:27:20Z,0.10633055640098021,,
experiment_05129,2026-06-11T02:27:22Z,0.08643581603390693,,
experiment_05130,2026-06-11T02:27:23Z,0.07792861619867608,,
experiment_05131,2026-06-11T02:27:25Z,0.07525062789434145,,
experiment_05132,2026-06-11T02:27:26Z,0.07416352719489261,,
experiment_05133,2026-06-11T02:27:27Z,0.07357649486824336,,
experiment_05134,2026-06-11T02:27:29Z,0.06858825889798226,,
experiment_05135,2026-06-11T02:27:30Z,0.06582037104644378,,
experiment_05136,2026-06-11T02:27:32Z,0.06535604251117988,,
experiment_05137,2026-06-11T02:27:33Z,0.0563298907841574,,
experiment_05138,2026-06-11T02:27:35Z,0.054978298404479986,,
experiment_05139,2026-06-11T02:27:58Z,0.6384978087645354,,
experiment_05140,2026-06-11T02:28:01Z,0.26424096362068283,,
experiment_05141,2026-06-11T02:28:02Z,0.222621490559483,,
experiment_05142,2026-06-11T02:28:03Z,0.2097259396180391,,
experiment_05143,2026-06-11T02:28:05Z,0.17984173684420668,,
experiment_05144,2026-06-11T02:28:06Z,0.16974725864262474,,
experiment_05145,2026-06-11T02:28:08Z,0.13526183616512988,,
experiment_05146,2026-06-11T02:28:09Z,0.12446505424432175,,
experiment_05147,2026-06-11T02:28:11Z,0.10633055640098021,,
experiment_05148,2026-06-11T02:28:12Z,0.08643581603390693,,
experiment_05149,2026-06-11T02:28:14Z,0.07792861619867608,,
experiment_05150,2026-06-11T02:28:15Z,0.07525062789434145,,
experiment_05151,2026-06-11T02:28:17Z,0.07416352719489261,,
experiment_05152,2026-06-11T02:28:19Z,0.07357649486824336,,
experiment_05153,2026-06-11T02:28:20Z,0.06858825889798226,,
experiment_05154,2026-06-11T02:28:22Z,0.06582037104644378,,
experiment_05155,2026-06-11T02:28:23Z,0.06535604251117988,,
experiment_05156,2026-06-11T02:28:25Z,0.0563298907841574,,
experiment_05157,2026-06-11T02:28:26Z,0.054978298404479986,,
experiment_05158,2026-06-11T02:33:34Z,0.6384978087645354,,
experiment_05159,2026-06-11T02:33:38Z,0.26424096362068283,,
experiment_05160,2026-06-11T02:33:40Z,0.222621490559483,,
experiment_05161,2026-06-11T02:33:42Z,0.2097259396180391,,
experiment_05162,2026-06-11T02:33:43Z,0.16974725864262474,,
experiment_05163,2026-06-11T02:33:45Z,0.13526183616512988,,
experiment_05164,2026-06-11T02:33:46Z,0.12446505424432175,,
experiment_05165,2026-06-11T02:33:48Z,0.10633055640098021,,
experiment_05166,2026-06-11T02:33:49Z,0.08643581603390693,,
experiment_05167,2026-06-11T02:33:51Z,0.07792861619867608,,
experiment_05168,2026-06-11T02:33:52Z,0.07416352719489261,,
experiment_05169,2026-06-11T02:33:54Z,0.07357649486824336,,
experiment_05170,2026-06-11T02:33:57Z,0.06858825889798226,,
experiment_05171,2026-06-11T02:33:58Z,0.06535604251117988,,
experiment_05172,2026-06-11T02:34:00Z,0.0563298907841574,,
experiment_05173,2026-06-11T02:34:02Z,0.054978298404479986,,
experiment_05174,2026-06-11T02:34:33Z,0.6384978087645354,,
experiment_05175,2026-06-11T02:34:37Z,0.222621490559483,,
experiment_05176,2026-06-11T02:34:38Z,0.2097259396180391,,
experiment_05177,2026-06-11T02:34:40Z,0.17984173684420668,,
experiment_05178,2026-06-11T02:34:42Z,0.16974725864262474,,
experiment_05179,2026-06-11T02:34:43Z,0.13526183616512988,,
experiment_05180,2026-06-11T02:34:45Z,0.12446505424432175,,
experiment_05181,2026-06-11T02:34:47Z,0.10633055640098021,,
experiment_05182,2026-06-11T02:34:48Z,0.08643581603390693,,
experiment_05183,2026-06-11T02:34:50Z,0.07792861619867608,,
experiment_05184,2026-06-11T02:34:51Z,0.07525062789434145,,
experiment_05185,2026-06-11T02:34:53Z,0.07416352719489261,,
experiment_05186,2026-06-11T02:34:54Z,0.07357649486824336,,
experiment_05187,2026-06-11T02:34:56Z,0.06858825889798226,,
experiment_05188,2026-06-11T02:34:57Z,0.06582037104644378,,
experiment_05189,2026-06-11T02:34:58Z,0.06535604251117988,,
experiment_05190,2026-06-11T02:35:00Z,0.0563298907841574,,
experiment_05191,2026-06-11T02:35:01Z,0.054978298404479986,,
experiment_05192,2026-06-11T02:39:15Z,0.6384978087645354,,
experiment_05193,2026-06-11T02:39:18Z,0.222621490559483,,
experiment_05194,2026-06-11T02:39:20Z,0.2097259396180391,,
experiment_05195,2026-06-11T02:39:22Z,0.17984173684420668,,
experiment_05196,2026-06-11T02:39:23Z,0.16974725864262474,,
experiment_05197,2026-06-11T02:39:25Z,0.13526183616512988,,
experiment_05198,2026-06-11T02:39:26Z,0.12446505424432175,,
experiment_05199,2026-06-11T02:39:27Z,0.10633055640098021,,
experiment_05200,2026-06-11T02:39:29Z,0.08643581603390693,,
experiment_05201,2026-06-11T02:39:30Z,0.07792861619867608,,
experiment_05202,2026-06-11T02:39:31Z,0.07525062789434145,,
experiment_05203,2026-06-11T02:39:33Z,0.07416352719489261,,
experiment_05204,2026-06-11T02:39:34Z,0.07357649486824336,,
experiment_05205,2026-06-11T02:39:36Z,0.06858825889798226,,
experiment_05206,2026-06-11T02:39:37Z,0.06582037104644378,,
experiment_05207,2026-06-11T02:39:39Z,0.06535604251117988,,
experiment_05208,2026-06-11T02:39:41Z,0.0563298907841574,,
experiment_05209,2026-06-11T02:39:42Z,0.054978298404479986,,
experiment_05210,2026-06-11T02:40:06Z,0.6384978087645354,,
experiment_05211,2026-06-11T02:40:09Z,0.2097259396180391,,
experiment_05212,2026-06-11T02:40:10Z,0.17984173684420668,,
experiment_05213,2026-06-11T02:40:12Z,0.16974725864262474,,
experiment_05214,2026-06-11T02:40:13Z,0.13526183616512988,,
experiment_05215,2026-06-11T02:40:15Z,0.12446505424432175,,
experiment_05216,2026-06-11T02:40:16Z,0.10633055640098021,,
experiment_05217,2026-06-11T02:40:18Z,0.08643581603390693,,
experiment_05218,2026-06-11T02:40:20Z,0.07792861619867608,,
experiment_05219,2026-06-11T02:40:21Z,0.07525062789434145,,
experiment_05220,2026-06-11T02:40:23Z,0.07416352719489261,,
experiment_05221,2026-06-11T02:40:24Z,0.07357649486824336,,
experiment_05222,2026-06-11T02:40:26Z,0.06858825889798226,,
experiment_05223,2026-06-11T02:40:27Z,0.06582037104644378,,
experiment_05224,2026-06-11T02:40:29Z,0.06535604251117988,,
experiment_05225,2026-06-11T02:40:30Z,0.0563298907841574,,
experiment_05226,2026-06-11T02:40:32Z,0.054978298404479986,,
experiment_05227,2026-06-11T02:44:51Z,0.6384978087645354,,
experiment_05228,2026-06-11T02:44:55Z,0.2097259396180391,,
experiment_05229,2026-06-11T02:44:56Z,0.17984173684420668,,
experiment_05230,2026-06-11T02:44:58Z,0.16974725864262474,,
experiment_05231,2026-06-11T02:44:59Z,0.13526183616512988,,
experiment_05232,2026-06-11T02:45:01Z,0.12446505424432175,,
experiment_05233,2026-06-11T02:45:02Z,0.10633055640098021,,
experiment_05234,2026-06-11T02:45:03Z,0.08643581603390693,,
experiment_05235,2026-06-11T02:45:05Z,0.07792861619867608,,
experiment_05236,2026-06-11T02:45:06Z,0.07525062789434145,,
experiment_05237,2026-06-11T02:45:08Z,0.07416352719489261,,
experiment_05238,2026-06-11T02:45:10Z,0.07357649486824336,,
experiment_05239,2026-06-11T02:45:11Z,0.06858825889798226,,
experiment_05240,2026-06-11T02:45:12Z,0.06582037104644378,,
experiment_05241,2026-06-11T02:45:14Z,0.06535604251117988,,
experiment_05242,2026-06-11T02:45:15Z,0.0563298907841574,,
experiment_05243,2026-06-11T02:45:17Z,0.054978298404479986,,
experiment_05244,2026-06-11T02:45:27Z,0.6384978087645354,,
experiment_05245,2026-06-11T02:45:30Z,0.17984173684420668,,
experiment_05246,2026-06-11T02:45:31Z,0.16974725864262474,,
experiment_05247,2026-06-11T02:45:33Z,0.13526183616512988,,
experiment_05248,2026-06-11T02:45:34Z,0.12446505424432175,,
experiment_05249,2026-06-11T02:45:35Z,0.10633055640098021,,
experiment_05250,2026-06-11T02:45:37Z,0.08643581603390693,,
experiment_05251,2026-06-11T02:45:38Z,0.07792861619867608,,
experiment_05252,2026-06-11T02:45:40Z,0.07525062789434145,,
experiment_05253,2026-06-11T02:45:41Z,0.07416352719489261,,
experiment_05254,2026-06-11T02:45:42Z,0.07357649486824336,,
experiment_05255,2026-06-11T02:45:44Z,0.06858825889798226,,
experiment_05256,2026-06-11T02:45:45Z,0.06582037104644378,,
experiment_05257,2026-06-11T02:45:47Z,0.06535604251117988,,
experiment_05258,2026-06-11T02:45:48Z,0.0563298907841574,,
experiment_05259,2026-06-11T02:45:49Z,0.054978298404479986,,
experiment_05260,2026-06-11T02:48:01Z,1.3006610894831265,,
experiment_05261,2026-06-11T02:48:04Z,1.168122725831891,,
experiment_05262,2026-06-11T02:48:06Z,1.1283963268615143,,
experiment_05263,2026-06-11T02:48:07Z,0.6384978087645354,,
experiment_05264,2026-06-11T02:48:09Z,0.5781356419412393,,
experiment_05265,2026-06-11T02:48:10Z,0.5773506089352054,,
experiment_05266,2026-06-11T02:48:12Z,0.451017339706679,,
experiment_05267,2026-06-11T02:48:13Z,0.32480749599824676,,
experiment_05268,2026-06-11T02:52:31Z,1.168122725831891,,
experiment_05269,2026-06-11T02:52:34Z,1.1283963268615143,,
experiment_05270,2026-06-11T02:52:35Z,0.6384978087645354,,
experiment_05271,2026-06-11T02:52:37Z,0.5781356419412393,,
experiment_05272,2026-06-11T02:52:39Z,0.5773506089352054,,
experiment_05273,2026-06-11T02:52:40Z,0.451017339706679,,
experiment_05274,2026-06-11T02:52:41Z,0.32480749599824676,,
experiment_05275,2026-06-11T02:52:43Z,0.3245808942419739,,
experiment_05276,2026-06-11T02:57:13Z,1.1283963268615143,,
experiment_05277,2026-06-11T02:57:16Z,0.6384978087645354,,
experiment_05278,2026-06-11T02:57:17Z,0.5781356419412393,,
experiment_05279,2026-06-11T02:57:19Z,0.5773506089352054,,
experiment_05280,2026-06-11T02:57:21Z,0.451017339706679,,
experiment_05281,2026-06-11T02:57:22Z,0.32480749599824676,,
experiment_05282,2026-06-11T02:57:24Z,0.3245808942419739,,
experiment_05283,2026-06-11T02:57:25Z,0.21679430384519627,,
experiment_05284,2026-06-11T03:02:03Z,0.6384978087645354,,
experiment_05285,2026-06-11T03:02:06Z,0.5781356419412393,,
experiment_05286,2026-06-11T03:02:08Z,0.5773506089352054,,
experiment_05287,2026-06-11T03:02:09Z,0.451017339706679,,
experiment_05288,2026-06-11T03:02:11Z,0.32480749599824676,,
experiment_05289,2026-06-11T03:02:12Z,0.3245808942419739,,
experiment_05290,2026-06-11T03:02:14Z,0.21679430384519627,,
experiment_05291,2026-06-11T03:02:15Z,0.17984173684420668,,
experiment_05292,2026-06-11T03:02:17Z,0.16974725864262474,,
experiment_05293,2026-06-11T03:02:18Z,0.13526183616512988,,
experiment_05294,2026-06-11T03:02:19Z,0.12446505424432175,,
experiment_05295,2026-06-11T03:02:21Z,0.10690213014598982,,
experiment_05296,2026-06-11T03:02:22Z,0.10633055640098021,,
experiment_05297,2026-06-11T03:02:24Z,0.08643581603390693,,
experiment_05298,2026-06-11T03:02:26Z,0.07792861619867608,,
experiment_05299,2026-06-11T03:02:27Z,0.07525062789434145,,
experiment_05300,2026-06-11T03:02:29Z,0.07416352719489261,,
experiment_05301,2026-06-11T03:02:30Z,0.07357649486824336,,
experiment_05302,2026-06-11T03:02:32Z,0.06858825889798226,,
experiment_05303,2026-06-11T03:02:33Z,0.06582037104644378,,
experiment_05304,2026-06-11T03:02:35Z,0.06535604251117988,,
experiment_05305,2026-06-11T03:02:36Z,0.0591663829083231,,
experiment_05306,2026-06-11T03:02:37Z,0.0563298907841574,,
experiment_05307,2026-06-11T03:02:39Z,0.054978298404479986,,
experiment_05308,2026-06-11T03:07:35Z,0.6384978087645354,,
experiment_05309,2026-06-11T03:07:38Z,0.5781356419412393,,
experiment_05310,2026-06-11T03:07:40Z,0.5773506089352054,,
experiment_05311,2026-06-11T03:07:41Z,0.32480749599824676,,
experiment_05312,2026-06-11T03:07:43Z,0.3245808942419739,,
experiment_05313,2026-06-11T03:07:44Z,0.21679430384519627,,
experiment_05314,2026-06-11T03:07:46Z,0.17984173684420668,,
experiment_05315,2026-06-11T03:07:47Z,0.16974725864262474,,
experiment_05316,2026-06-11T03:07:48Z,0.13526183616512988,,
experiment_05317,2026-06-11T03:07:50Z,0.12446505424432175,,
experiment_05318,2026-06-11T03:07:51Z,0.10690213014598982,,
experiment_05319,2026-06-11T03:07:52Z,0.10633055640098021,,
experiment_05320,2026-06-11T03:07:54Z,0.08643581603390693,,
experiment_05321,2026-06-11T03:07:55Z,0.07792861619867608,,
experiment_05322,2026-06-11T03:07:57Z,0.07525062789434145,,
experiment_05323,2026-06-11T03:07:58Z,0.07416352719489261,,
experiment_05324,2026-06-11T03:08:00Z,0.07357649486824336,,
experiment_05325,2026-06-11T03:08:01Z,0.06858825889798226,,
experiment_05326,2026-06-11T03:08:02Z,0.06582037104644378,,
experiment_05327,2026-06-11T03:08:04Z,0.06535604251117988,,
experiment_05328,2026-06-11T03:08:05Z,0.0591663829083231,,
experiment_05329,2026-06-11T03:08:07Z,0.0563298907841574,,
experiment_05330,2026-06-11T03:08:08Z,0.054978298404479986,,
experiment_05331,2026-06-11T03:12:45Z,0.6384978087645354,,
experiment_05332,2026-06-11T03:12:48Z,0.5781356419412393,,
experiment_05333,2026-06-11T03:12:50Z,0.5773506089352054,,
experiment_05334,2026-06-11T03:12:51Z,0.3245808942419739,,
experiment_05335,2026-06-11T03:12:53Z,0.21679430384519627,,
experiment_05336,2026-06-11T03:12:54Z,0.17984173684420668,,
experiment_05337,2026-06-11T03:12:56Z,0.16974725864262474,,
experiment_05338,2026-06-11T03:12:57Z,0.13526183616512988,,
experiment_05339,2026-06-11T03:12:59Z,0.12446505424432175,,
experiment_05340,2026-06-11T03:13:00Z,0.10690213014598982,,
experiment_05341,2026-06-11T03:13:02Z,0.10633055640098021,,
experiment_05342,2026-06-11T03:13:03Z,0.08643581603390693,,
experiment_05343,2026-06-11T03:13:04Z,0.07792861619867608,,
experiment_05344,2026-06-11T03:13:06Z,0.07525062789434145,,
experiment_05345,2026-06-11T03:13:07Z,0.07416352719489261,,
experiment_05346,2026-06-11T03:13:09Z,0.07357649486824336,,
experiment_05347,2026-06-11T03:13:10Z,0.06858825889798226,,
experiment_05348,2026-06-11T03:13:12Z,0.06582037104644378,,
experiment_05349,2026-06-11T03:13:14Z,0.06535604251117988,,
experiment_05350,2026-06-11T03:13:15Z,0.0591663829083231,,
experiment_05351,2026-06-11T03:13:17Z,0.0563298907841574,,
experiment_05352,2026-06-11T03:13:18Z,0.054978298404479986,,
experiment_05353,2026-06-11T03:18:37Z,0.6384978087645354,,
experiment_05354,2026-06-11T03:18:40Z,0.5781356419412393,,
experiment_05355,2026-06-11T03:18:42Z,0.5773506089352054,,
experiment_05356,2026-06-11T03:18:44Z,0.21679430384519627,,
experiment_05357,2026-06-11T03:18:45Z,0.17984173684420668,,
experiment_05358,2026-06-11T03:18:47Z,0.16974725864262474,,
experiment_05359,2026-06-11T03:18:48Z,0.13526183616512988,,
experiment_05360,2026-06-11T03:18:50Z,0.12446505424432175,,
experiment_05361,2026-06-11T03:18:51Z,0.10690213014598982,,
experiment_05362,2026-06-11T03:18:53Z,0.10633055640098021,,
experiment_05363,2026-06-11T03:18:54Z,0.08643581603390693,,
experiment_05364,2026-06-11T03:18:55Z,0.07792861619867608,,
experiment_05365,2026-06-11T03:18:57Z,0.07525062789434145,,
experiment_05366,2026-06-11T03:18:59Z,0.07416352719489261,,
experiment_05367,2026-06-11T03:19:00Z,0.07357649486824336,,
experiment_05368,2026-06-11T03:19:02Z,0.06858825889798226,,
experiment_05369,2026-06-11T03:19:03Z,0.06582037104644378,,
experiment_05370,2026-06-11T03:19:04Z,0.06535604251117988,,
experiment_05371,2026-06-11T03:19:06Z,0.0591663829083231,,
experiment_05372,2026-06-11T03:19:07Z,0.0563298907841574,,
experiment_05373,2026-06-11T03:19:09Z,0.054978298404479986,,
experiment_05374,2026-06-11T03:23:41Z,0.6384978087645354,,
experiment_05375,2026-06-11T03:23:44Z,0.5781356419412393,,
experiment_05376,2026-06-11T03:23:46Z,0.5773506089352054,,
experiment_05377,2026-06-11T03:23:48Z,0.17984173684420668,,
experiment_05378,2026-06-11T03:23:49Z,0.16974725864262474,,
experiment_05379,2026-06-11T03:23:51Z,0.13526183616512988,,
experiment_05380,2026-06-11T03:23:52Z,0.12446505424432175,,
experiment_05381,2026-06-11T03:23:54Z,0.10690213014598982,,
experiment_05382,2026-06-11T03:23:55Z,0.10633055640098021,,
experiment_05383,2026-06-11T03:23:57Z,0.08643581603390693,,
experiment_05384,2026-06-11T03:23:58Z,0.07792861619867608,,
experiment_05385,2026-06-11T03:24:00Z,0.07525062789434145,,
experiment_05386,2026-06-11T03:24:01Z,0.07416352719489261,,
experiment_05387,2026-06-11T03:24:03Z,0.07357649486824336,,
experiment_05388,2026-06-11T03:24:05Z,0.06858825889798226,,
experiment_05389,2026-06-11T03:24:06Z,0.06582037104644378,,
experiment_05390,2026-06-11T03:24:08Z,0.06535604251117988,,
experiment_05391,2026-06-11T03:24:09Z,0.0591663829083231,,
experiment_05392,2026-06-11T03:24:11Z,0.0563298907841574,,
experiment_05393,2026-06-11T03:24:12Z,0.054978298404479986,,
experiment_05394,2026-06-11T03:39:50Z,2.43261352195605,,
experiment_05395,2026-06-11T03:39:53Z,0.525287263357102,,
experiment_05396,2026-06-11T03:39:55Z,0.4651787112948842,,
experiment_05397,2026-06-11T03:39:56Z,0.4572193934165494,,
experiment_05398,2026-06-11T03:39:58Z,0.39380316836032137,,
experiment_05399,2026-06-11T03:46:43Z,0.525287263357102,,
experiment_05400,2026-06-11T03:53:38Z,0.525287263357102,,
experiment_05401,2026-06-11T03:53:41Z,0.4651787112948842,,
experiment_05402,2026-06-11T03:53:43Z,0.4572193934165494,,
experiment_05403,2026-06-11T03:53:44Z,0.39380316836032137,,
experiment_05404,2026-06-11T03:53:46Z,0.3790434470634807,,
experiment_05405,2026-06-11T03:53:47Z,0.31099919100701,,
experiment_05406,2026-06-11T03:53:49Z,0.3071299164107959,,
experiment_05407,2026-06-11T03:53:50Z,0.2802253998726467,,
experiment_05408,2026-06-11T03:53:51Z,0.2520948583643836,,
experiment_05409,2026-06-11T03:53:53Z,0.24031822865301322,,
experiment_05410,2026-06-11T03:53:54Z,0.222621490559483,,
experiment_05411,2026-06-11T03:53:56Z,0.22214803107270953,,
experiment_05412,2026-06-11T03:53:57Z,0.2214581036401171,,
experiment_05413,2026-06-11T03:53:59Z,0.21067531196563216,,
experiment_05414,2026-06-11T03:54:00Z,0.1875483473856221,,
experiment_05415,2026-06-11T03:54:01Z,0.15633825480980157,,
experiment_05416,2026-06-11T03:54:03Z,0.11820128820336429,,
experiment_05417,2026-06-11T03:54:04Z,0.10297905155056952,,
experiment_05418,2026-06-11T03:54:06Z,0.07000758491749792,,
experiment_05419,2026-06-11T03:54:19Z,0.4651787112948842,,
experiment_05420,2026-06-11T04:02:03Z,0.4651787112948842,,
experiment_05421,2026-06-11T04:02:06Z,0.4572193934165494,,
experiment_05422,2026-06-11T04:02:08Z,0.39380316836032137,,
experiment_05423,2026-06-11T04:02:09Z,0.3790434470634807,,
experiment_05424,2026-06-11T04:02:11Z,0.31099919100701,,
experiment_05425,2026-06-11T04:02:12Z,0.3071299164107959,,
experiment_05426,2026-06-11T04:02:14Z,0.2802253998726467,,
experiment_05427,2026-06-11T04:02:15Z,0.2520948583643836,,
experiment_05428,2026-06-11T04:02:17Z,0.24031822865301322,,
experiment_05429,2026-06-11T04:02:18Z,0.222621490559483,,
experiment_05430,2026-06-11T04:02:19Z,0.22214803107270953,,
experiment_05431,2026-06-11T04:02:21Z,0.2214581036401171,,
experiment_05432,2026-06-11T04:02:23Z,0.21067531196563216,,
experiment_05433,2026-06-11T04:02:24Z,0.1875483473856221,,
experiment_05434,2026-06-11T04:02:26Z,0.15633825480980157,,
experiment_05435,2026-06-11T04:02:27Z,0.11820128820336429,,
experiment_05436,2026-06-11T04:02:29Z,0.10297905155056952,,
experiment_05437,2026-06-11T04:02:30Z,0.07000758491749792,,
experiment_05438,2026-06-11T04:02:39Z,0.4572193934165494,,
experiment_05439,2026-06-11T04:10:36Z,0.39380316836032137,,
experiment_05440,2026-06-11T04:18:40Z,0.3790434470634807,,
experiment_05441,2026-06-11T04:26:44Z,0.31099919100701,,
experiment_05442,2026-06-11T04:34:36Z,0.3071299164107959,,
experiment_05443,2026-06-11T04:42:55Z,0.2802253998726467,,
experiment_05444,2026-06-11T04:51:06Z,0.2520948583643836,,
experiment_05445,2026-06-11T04:59:13Z,0.24031822865301322,,
experiment_05446,2026-06-11T05:07:21Z,0.222621490559483,,
experiment_05447,2026-06-11T05:15:21Z,0.22214803107270953,,
experiment_05448,2026-06-11T05:15:24Z,0.2214581036401171,,
experiment_05449,2026-06-11T05:23:28Z,0.22214803107270953,,
experiment_05450,2026-06-11T05:23:32Z,0.21067531196563216,,
experiment_05451,2026-06-11T05:31:41Z,0.22214803107270953,,
experiment_05452,2026-06-11T05:31:44Z,0.1875483473856221,,
experiment_05453,2026-06-11T05:39:56Z,0.22214803107270953,,
experiment_05454,2026-06-11T05:39:59Z,0.15633825480980157,,
experiment_05455,2026-06-11T05:47:58Z,0.22214803107270953,,
experiment_05456,2026-06-11T05:48:01Z,0.11820128820336429,,
experiment_05457,2026-06-11T05:48:02Z,0.10297905155056952,,
experiment_05458,2026-06-11T05:48:03Z,0.07000758491749792,,
experiment_05459,2026-06-11T05:52:32Z,0.7673532640701382,,
experiment_05460,2026-06-11T05:52:35Z,0.39809268400032494,,
experiment_05461,2026-06-11T05:52:36Z,0.3915343091748227,,
experiment_05462,2026-06-11T06:00:02Z,0.7673532640701382,,
experiment_05463,2026-06-11T06:00:05Z,0.39809268400032494,,
experiment_05464,2026-06-11T06:00:07Z,0.3915343091748227,,
experiment_05465,2026-06-11T06:00:08Z,0.28585810223088437,,
experiment_05466,2026-06-11T06:04:57Z,0.7673532640701382,,
experiment_05467,2026-06-11T06:05:01Z,0.39809268400032494,,
experiment_05468,2026-06-11T06:05:04Z,0.3915343091748227,,
experiment_05469,2026-06-11T06:05:05Z,0.272145935563362,,
experiment_05470,2026-06-11T06:10:51Z,0.7673532640701382,,
experiment_05471,2026-06-11T06:10:55Z,0.39809268400032494,,
experiment_05472,2026-06-11T06:10:56Z,0.3915343091748227,,
experiment_05473,2026-06-11T06:10:58Z,0.2521421322139119,,
experiment_05474,2026-06-11T06:17:58Z,0.7673532640701382,,
experiment_05475,2026-06-11T06:18:01Z,0.39809268400032494,,
experiment_05476,2026-06-11T06:18:03Z,0.3915343091748227,,
experiment_05477,2026-06-11T06:18:05Z,0.22214803107270953,,
experiment_05478,2026-06-11T06:18:07Z,0.11820128820336429,,
experiment_05479,2026-06-11T06:18:08Z,0.10297905155056952,,
experiment_05480,2026-06-11T06:18:10Z,0.09561116525933322,,
experiment_05481,2026-06-11T06:18:11Z,0.09329468195126012,,
experiment_05482,2026-06-11T06:18:13Z,0.07000758491749792,,
experiment_05483,2026-06-11T06:18:14Z,0.06858825889798226,,
experiment_05484,2026-06-11T06:18:16Z,0.0563298907841574,,
experiment_05485,2026-06-11T06:18:17Z,0.05592146297898282,,
experiment_05486,2026-06-11T06:24:14Z,0.7673532640701382,,
experiment_05487,2026-06-11T06:24:18Z,0.39809268400032494,,
experiment_05488,2026-06-11T06:24:20Z,0.3915343091748227,,
experiment_05489,2026-06-11T06:24:22Z,0.22214803107270953,,
experiment_05490,2026-06-11T06:24:24Z,0.11820128820336429,,
experiment_05491,2026-06-11T06:24:25Z,0.10297905155056952,,
experiment_05492,2026-06-11T06:24:26Z,0.09561116525933322,,
experiment_05493,2026-06-11T06:24:28Z,0.09329468195126012,,
experiment_05494,2026-06-11T06:24:30Z,0.07000758491749792,,
experiment_05495,2026-06-11T06:24:31Z,0.06858825889798226,,
experiment_05496,2026-06-11T06:24:32Z,0.0563298907841574,,
experiment_05497,2026-06-11T06:24:34Z,0.05592146297898282,,
experiment_05498,2026-06-11T06:24:36Z,0.03182170662191375,,
experiment_05499,2026-06-11T06:24:37Z,0.03116244990409811,,
experiment_05500,2026-06-11T06:24:39Z,0.029217365065163037,,
experiment_05501,2026-06-11T06:24:40Z,0.019938355198959812,,
experiment_05502,2026-06-11T06:24:42Z,0.013734390276827213,,
experiment_05503,2026-06-11T06:24:43Z,0.01245064187878775,,
experiment_05504,2026-06-11T06:40:12Z,0.8233710534258343,,
experiment_05505,2026-06-11T06:40:15Z,0.5805319433122449,,
experiment_05506,2026-06-11T06:40:17Z,0.10809181472203022,,
experiment_05507,2026-06-11T06:48:04Z,0.6427163269330549,,
experiment_05508,2026-06-11T07:02:31Z,0.7673532640701382,,
experiment_05509,2026-06-11T07:02:34Z,0.6384978087645354,,
experiment_05510,2026-06-11T07:02:36Z,0.39809268400032494,,
experiment_05511,2026-06-11T07:02:38Z,0.3915343091748227,,
experiment_05512,2026-06-11T07:02:40Z,0.22214803107270953,,
experiment_05513,2026-06-11T07:02:41Z,0.17984173684420668,,
experiment_05514,2026-06-11T07:02:43Z,0.161431536305777,,
experiment_05515,2026-06-11T07:09:07Z,0.7673532640701382,,
experiment_05516,2026-06-11T07:09:10Z,0.6384978087645354,,
experiment_05517,2026-06-11T07:09:12Z,0.39809268400032494,,
experiment_05518,2026-06-11T07:09:13Z,0.3915343091748227,,
experiment_05519,2026-06-11T07:09:15Z,0.22214803107270953,,
experiment_05520,2026-06-11T07:09:16Z,0.17984173684420668,,
experiment_05521,2026-06-11T07:09:17Z,0.13526183616512988,,
experiment_05522,2026-06-11T07:09:19Z,0.12446505424432175,,
experiment_05523,2026-06-11T07:09:20Z,0.11820128820336429,,
experiment_05524,2026-06-11T07:09:22Z,0.10633055640098021,,
experiment_05525,2026-06-11T07:09:23Z,0.10297905155056952,,
experiment_05526,2026-06-11T07:09:25Z,0.09329468195126012,,
experiment_05527,2026-06-11T07:09:27Z,0.08643581603390693,,
experiment_05528,2026-06-11T07:09:28Z,0.07792861619867608,,
experiment_05529,2026-06-11T07:09:29Z,0.07525062789434145,,
experiment_05530,2026-06-11T07:09:31Z,0.07357649486824336,,
experiment_05531,2026-06-11T07:09:32Z,0.07000758491749792,,
experiment_05532,2026-06-11T07:09:34Z,0.06858825889798226,,
experiment_05533,2026-06-11T07:09:35Z,0.06535604251117988,,
experiment_05534,2026-06-11T07:09:37Z,0.0563298907841574,,
experiment_05535,2026-06-11T07:09:38Z,0.05592146297898282,,
experiment_05536,2026-06-11T07:09:40Z,0.054978298404479986,,
experiment_05537,2026-06-11T07:09:41Z,0.05231582411765956,,
experiment_05538,2026-06-11T07:09:43Z,0.046385126580934966,,
experiment_05539,2026-06-11T07:09:44Z,0.04457193557104766,,
experiment_05540,2026-06-11T07:09:46Z,0.04265517560191867,,
experiment_05541,2026-06-11T07:09:47Z,0.038000203244184405,,
experiment_05542,2026-06-11T07:09:48Z,0.03666676554840187,,
experiment_05543,2026-06-11T07:09:50Z,0.0348946647347006,,
experiment_05544,2026-06-11T07:09:51Z,0.03182170662191375,,
experiment_05545,2026-06-11T07:09:53Z,0.03116244990409811,,
experiment_05546,2026-06-11T07:09:54Z,0.029217365065163037,,
experiment_05547,2026-06-11T07:09:55Z,0.02694688001565737,,
experiment_05548,2026-06-11T07:09:57Z,0.025597674533962333,,
experiment_05549,2026-06-11T07:09:58Z,0.024464389440840506,,
experiment_05550,2026-06-11T07:10:00Z,0.02105340919783316,,
experiment_05551,2026-06-11T07:12:43Z,0.7673532640701382,,
experiment_05552,2026-06-11T07:12:46Z,0.6384978087645354,,
experiment_05553,2026-06-11T07:12:48Z,0.39809268400032494,,
experiment_05554,2026-06-11T07:12:49Z,0.3915343091748227,,
experiment_05555,2026-06-11T07:12:50Z,0.22214803107270953,,
experiment_05556,2026-06-11T07:12:52Z,0.17984173684420668,,
experiment_05557,2026-06-11T07:12:53Z,0.13526183616512988,,
experiment_05558,2026-06-11T07:12:55Z,0.12446505424432175,,
experiment_05559,2026-06-11T07:12:56Z,0.11820128820336429,,
experiment_05560,2026-06-11T07:12:58Z,0.10633055640098021,,
experiment_05561,2026-06-11T07:13:00Z,0.10297905155056952,,
experiment_05562,2026-06-11T07:13:01Z,0.09329468195126012,,
experiment_05563,2026-06-11T07:13:03Z,0.08643581603390693,,
experiment_05564,2026-06-11T07:13:04Z,0.07792861619867608,,
experiment_05565,2026-06-11T07:13:06Z,0.07525062789434145,,
experiment_05566,2026-06-11T07:13:07Z,0.07357649486824336,,
experiment_05567,2026-06-11T07:13:09Z,0.07000758491749792,,
experiment_05568,2026-06-11T07:13:11Z,0.06858825889798226,,
experiment_05569,2026-06-11T07:13:12Z,0.06535604251117988,,
experiment_05570,2026-06-11T07:13:14Z,0.0563298907841574,,
experiment_05571,2026-06-11T07:13:15Z,0.05592146297898282,,
experiment_05572,2026-06-11T07:13:17Z,0.054978298404479986,,
experiment_05573,2026-06-11T07:13:18Z,0.05231582411765956,,
experiment_05574,2026-06-11T07:13:20Z,0.046385126580934966,,
experiment_05575,2026-06-11T07:13:21Z,0.04457193557104766,,
experiment_05576,2026-06-11T07:13:23Z,0.04265517560191867,,
experiment_05577,2026-06-11T07:13:24Z,0.038000203244184405,,
experiment_05578,2026-06-11T07:13:25Z,0.03666676554840187,,
experiment_05579,2026-06-11T07:13:27Z,0.0348946647347006,,
experiment_05580,2026-06-11T07:13:28Z,0.03182170662191375,,
experiment_05581,2026-06-11T07:13:30Z,0.03116244990409811,,
experiment_05582,2026-06-11T07:13:31Z,0.029217365065163037,,
experiment_05583,2026-06-11T07:13:33Z,0.02694688001565737,,
experiment_05584,2026-06-11T07:13:35Z,0.025597674533962333,,
experiment_05585,2026-06-11T07:13:36Z,0.024464389440840506,,
experiment_05586,2026-06-11T07:13:37Z,0.02105340919783316,,
experiment_05587,2026-06-11T07:25:29Z,0.6427163269330549,,
experiment_05588,2026-06-11T07:26:28Z,0.6427163269330549,,
experiment_05589,2026-06-11T07:27:47Z,0.6427163269330549,,
experiment_05590,2026-06-11T07:27:51Z,0.006850514888117942,,
experiment_05591,2026-06-11T07:31:42Z,0.0006347527322354551,,
experiment_05592,2026-06-11T07:32:47Z,0.013734390276827213,,
experiment_05593,2026-06-11T07:32:49Z,0.8233710534258343,,
experiment_05594,2026-06-11T07:32:51Z,0.7673532640701382,,
experiment_05595,2026-06-11T07:32:52Z,0.5805319433122449,,
experiment_05596,2026-06-11T07:32:54Z,0.39809268400032494,,
experiment_05597,2026-06-11T07:32:55Z,0.3915343091748227,,
experiment_05598,2026-06-11T07:32:57Z,0.22214803107270953,,
experiment_05599,2026-06-11T07:32:58Z,0.1211539813243192,,
experiment_05600,2026-06-11T07:33:00Z,0.11820128820336429,,
experiment_05601,2026-06-11T07:33:01Z,0.10809181472203022,,
experiment_05602,2026-06-11T07:33:03Z,0.10297905155056952,,
experiment_05603,2026-06-11T07:33:05Z,0.09329468195126012,,
experiment_05604,2026-06-11T07:33:06Z,0.07000758491749792,,
experiment_05605,2026-06-11T07:33:08Z,0.05592146297898282,,
experiment_05606,2026-06-11T07:41:54Z,-4.339772983518204,failed,False
experiment_05607,2026-06-11T07:43:49Z,-5.431911257219516,failed,False
experiment_05608,2026-06-11T07:45:47Z,-2.2465932454851902,failed,False
experiment_05609,2026-06-11T07:48:01Z,-2.0183174259192374,failed,False
experiment_05610,2026-06-11T07:51:21Z,,failed,False
experiment_05611,2026-06-11T07:53:52Z,,failed,False
experiment_05612,2026-06-11T07:55:32Z,0.33566571992292715,failed,False
experiment_05613,2026-06-11T08:09:00Z,0.1716244223540393,failed,False
experiment_05614,2026-06-11T08:17:02Z,0.1078942614591405,failed,
experiment_05615,2026-06-11T08:28:49Z,,failed,False
experiment_05616,2026-06-11T08:30:59Z,,failed,False
experiment_05617,2026-06-11T08:32:07Z,0.15353229218606046,failed,False
experiment_05618,2026-06-11T08:32:07Z,,scan_only,False
experiment_05619,2026-06-11T08:59:34Z,0.11506932978478446,passed,True
experiment_05620,2026-06-11T09:02:33Z,0.7673532640701382,,
experiment_05621,2026-06-11T09:02:36Z,0.6384978087645354,,
experiment_05622,2026-06-11T09:02:38Z,0.39809268400032494,,
experiment_05623,2026-06-11T09:02:39Z,0.3915343091748227,,
experiment_05624,2026-06-11T09:02:41Z,0.22214803107270953,,
experiment_05625,2026-06-11T09:02:43Z,0.17984173684420668,,
experiment_05626,2026-06-11T09:02:45Z,0.13526183616512988,,
experiment_05627,2026-06-11T09:02:46Z,0.12446505424432175,,
experiment_05628,2026-06-11T09:02:48Z,0.11820128820336429,,
experiment_05629,2026-06-11T09:02:49Z,0.10809181472203022,,
experiment_05630,2026-06-11T09:02:51Z,0.10633055640098021,,
experiment_05631,2026-06-11T09:02:52Z,0.10297905155056952,,
experiment_05632,2026-06-11T09:02:54Z,0.09329468195126012,,
experiment_05633,2026-06-11T09:02:56Z,0.08643581603390693,,
experiment_05634,2026-06-11T09:02:57Z,0.07792861619867608,,
experiment_05635,2026-06-11T09:02:59Z,0.07525062789434145,,
experiment_05636,2026-06-11T09:03:00Z,0.07357649486824336,,
experiment_05637,2026-06-11T09:03:02Z,0.07000758491749792,,
experiment_05638,2026-06-11T09:03:04Z,0.06858825889798226,,
experiment_05639,2026-06-11T09:03:05Z,0.06535604251117988,,
experiment_05640,2026-06-11T09:03:07Z,0.0563298907841574,,
experiment_05641,2026-06-11T09:03:08Z,0.05592146297898282,,
experiment_05642,2026-06-11T09:03:10Z,0.054978298404479986,,
experiment_05643,2026-06-11T09:03:12Z,0.05231582411765956,,
experiment_05644,2026-06-11T09:03:13Z,0.046385126580934966,,
experiment_05645,2026-06-11T09:03:15Z,0.04265517560191867,,
experiment_05646,2026-06-11T09:03:17Z,0.038000203244184405,,
experiment_05647,2026-06-11T09:03:18Z,0.03666676554840187,,
experiment_05648,2026-06-11T09:03:20Z,0.0348946647347006,,
experiment_05649,2026-06-11T09:03:21Z,0.03182170662191375,,
experiment_05650,2026-06-11T09:03:23Z,0.03116244990409811,,
experiment_05651,2026-06-11T09:07:14Z,,failed,False
experiment_05652,2026-06-11T09:09:09Z,,failed,False
experiment_05653,2026-06-11T09:29:35Z,0.8233710534258343,passed,True
experiment_05654,2026-06-11T09:29:35Z,0.5805319433122449,passed,True
experiment_05655,2026-06-11T09:29:35Z,0.5628957920900106,passed,True
experiment_05656,2026-06-11T09:29:35Z,0.5628957920900106,passed,True
experiment_05657,2026-06-11T09:29:35Z,0.4511556640538963,passed,True
experiment_05658,2026-06-11T09:29:35Z,0.34635628087246495,passed,True
experiment_05659,2026-06-11T09:37:11Z,0.2886507518946573,passed,True
experiment_05660,2026-06-11T09:53:32Z,0.15805199604957565,passed,True
experiment_05661,2026-06-11T09:54:36Z,-0.41109608487293947,passed,
experiment_05662,2026-06-11T09:56:01Z,0.12446505424432175,passed,
experiment_05663,2026-06-11T10:00:48Z,0.12446505424432175,passed,
experiment_05664,2026-06-11T10:00:48Z,-0.41109608487293947,passed,
experiment_05665,2026-06-11T10:08:42Z,0.11820128820336429,passed,
experiment_05666,2026-06-11T10:20:55Z,0.8233710534258343,passed,True
experiment_05667,2026-06-11T10:20:55Z,0.5805319433122449,passed,True
experiment_05668,2026-06-11T10:20:55Z,0.5628957920900106,passed,True
experiment_05669,2026-06-11T10:20:55Z,0.5628957920900106,passed,True
experiment_05670,2026-06-11T10:20:55Z,0.4511556640538963,passed,True
experiment_05671,2026-06-11T10:20:55Z,0.34635628087246495,passed,True
experiment_05672,2026-06-11T10:20:55Z,0.038310828505339956,passed,True
experiment_05673,2026-06-11T10:20:55Z,0.038310828505339956,passed,True
experiment_05674,2026-06-11T10:24:53Z,0.8668140576007737,passed,
experiment_05675,2026-06-11T10:53:26Z,-0.010732595642956255,passed,True
experiment_05676,2026-06-11T10:53:27Z,14.603799879124809,passed,True
experiment_05677,2026-06-11T10:55:30Z,-2.2465932454851902,failed,False
experiment_05678,2026-06-11T11:00:42Z,-1.4749574830106251,failed,False
experiment_05679,2026-06-11T11:05:09Z,0.9494713029850796,passed,True
experiment_05680,2026-06-11T11:13:31Z,0.7427857295004081,passed,True
experiment_05681,2026-06-11T11:17:15Z,0.7427857295004081,passed,True
experiment_05682,2026-06-11T11:19:29Z,0.6630014440310319,passed,True
experiment_05683,2026-06-11T11:32:02Z,,failed,False
experiment_05684,2026-06-11T11:46:52Z,0.0003901079812624886,,
experiment_05685,2026-06-11T11:46:57Z,0.6384978087645354,,
experiment_05686,2026-06-11T11:46:59Z,0.3915343091748227,,
experiment_05687,2026-06-11T11:47:01Z,0.22214803107270953,,
experiment_05688,2026-06-11T11:47:03Z,0.17984173684420668,,
experiment_05689,2026-06-11T11:47:05Z,0.10633055640098021,,
experiment_05690,2026-06-11T11:47:07Z,0.10297905155056952,,
experiment_05691,2026-06-11T11:47:09Z,0.08643581603390693,,
experiment_05692,2026-06-11T11:47:10Z,0.07000758491749792,,
experiment_05693,2026-06-11T11:47:12Z,0.0563298907841574,,
experiment_05694,2026-06-11T11:47:14Z,0.054978298404479986,,
experiment_05695,2026-06-11T11:47:15Z,0.05231582411765956,,
experiment_05696,2026-06-11T11:47:17Z,0.046385126580934966,,
experiment_05697,2026-06-11T11:47:19Z,0.04265517560191867,,
experiment_05698,2026-06-11T11:47:21Z,0.03666676554840187,,
experiment_05699,2026-06-11T11:47:23Z,0.03182170662191375,,
experiment_05700,2026-06-11T11:47:25Z,0.03116244990409811,,
experiment_05701,2026-06-11T11:49:13Z,0.8233710534258343,passed,True
experiment_05702,2026-06-11T11:49:13Z,0.5805319433122449,passed,True
experiment_05703,2026-06-11T11:49:13Z,0.5628957920900106,passed,True
experiment_05704,2026-06-11T11:49:13Z,0.5628957920900106,passed,True
experiment_05705,2026-06-11T11:49:13Z,0.4511556640538963,passed,True
experiment_05706,2026-06-11T11:49:13Z,0.34635628087246495,passed,True
experiment_05707,2026-06-11T11:53:36Z,,failed,False
experiment_05708,2026-06-11T12:03:03Z,0.6630463091350549,passed,True
experiment_05709,2026-06-11T12:07:56Z,0.6630463091350549,passed,True
experiment_05710,2026-06-11T12:21:01Z,1.0203809921298088,failed,False
experiment_05711,2026-06-13T01:50:35Z,,,
experiment_05712,2026-06-16T05:25:42Z,-0.7079217311179384,passed,True
experiment_05713,2026-06-16T05:25:44Z,-3.281902214299677,passed,True
experiment_05714,2026-06-16T05:25:48Z,-2.188640833644829,passed,True
experiment_05715,2026-06-16T05:28:43Z,-1.2401512150052234,failed,False
experiment_05716,2026-06-16T05:30:27Z,-1.8260717927257684,failed,False
experiment_05717,2026-06-16T05:32:15Z,-4.339772983518204,failed,False
experiment_05718,2026-06-16T05:33:59Z,-4.174787656941792,failed,False
experiment_05719,2026-06-17T10:32:26Z,,kaggle_complete_public_score_verified,
experiment_05720,2026-06-17T11:11:18Z,-0.7079217311179384,passed,True
experiment_05721,2026-06-17T11:11:19Z,-3.281902214299677,passed,True
experiment_05722,2026-06-17T11:11:21Z,-2.188640833644829,passed,True
experiment_05723,2026-06-17T11:17:29Z,0.0,passed,
experiment_05724,2026-06-17T11:17:30Z,-14.895819024987254,failed,
experiment_05725,2026-06-17T11:19:15Z,-1.3350894237959139,,
experiment_05726,2026-06-17T11:21:03Z,-0.4420682786494474,failed,
experiment_05727,2026-06-17T11:29:41Z,5.91121596506917,passed,True
experiment_05728,2026-06-17T11:29:41Z,5.427191705497229,passed,True
experiment_05729,2026-06-17T11:29:41Z,0.6044071104940638,passed,True
experiment_05730,2026-06-17T11:29:41Z,0.5789555142963163,passed,True
experiment_05731,2026-06-17T11:29:41Z,0.5789555142963163,passed,True
experiment_05732,2026-06-17T11:29:41Z,0.5789555142963163,passed,True
experiment_05733,2026-06-17T11:29:41Z,0.14577393026086405,passed,True
experiment_05734,2026-06-17T11:29:41Z,0.12813777903862977,passed,True
experiment_05735,2026-06-17T11:29:41Z,0.12813777903862977,passed,True
experiment_05736,2026-06-17T11:42:34Z,0.8217645583820392,,
experiment_05737,2026-06-17T11:42:34Z,0.024155763879335268,,
experiment_05738,2026-06-17T11:42:37Z,0.012949821256189153,,
experiment_05739,2026-06-17T11:43:03Z,0.12203804482247627,,
experiment_05740,2026-06-17T11:43:06Z,0.1211539813243192,,
experiment_05741,2026-06-17T11:43:08Z,0.10470165682289156,,
experiment_05742,2026-06-17T11:43:44Z,13.421333612067095,,
experiment_05743,2026-06-17T11:44:00Z,14.833609866376314,,
experiment_05744,2026-06-17T11:44:03Z,13.425838335559199,,
experiment_05745,2026-06-17T11:44:05Z,13.916980912317708,,
experiment_05746,2026-06-17T11:44:25Z,13.52328219199928,,
experiment_05747,2026-06-17T11:44:27Z,0.03603993648319914,,
experiment_05748,2026-06-17T11:45:09Z,-0.7079217311179384,passed,True
experiment_05749,2026-06-17T11:45:09Z,-3.281902214299677,passed,True
experiment_05750,2026-06-17T11:45:12Z,-2.188640833644829,passed,True
experiment_05751,2026-06-17T12:27:26Z,0.12203804482247627,,
experiment_05752,2026-06-17T12:27:27Z,0.1211539813243192,,
experiment_05753,2026-06-17T12:27:27Z,0.10470165682289156,,
experiment_05754,2026-06-17T12:27:27Z,0.08187533396930569,,
experiment_05755,2026-06-17T12:27:28Z,0.04265817505451608,,
experiment_05756,2026-06-17T12:27:28Z,0.0410731561440798,,
experiment_05757,2026-06-17T12:27:29Z,0.013734390276827213,,
experiment_05758,2026-06-17T12:35:51Z,0.6044071104940638,passed,True
experiment_05759,2026-06-17T12:35:51Z,0.5789555142963163,passed,True
experiment_05760,2026-06-17T12:35:51Z,0.5789555142963163,passed,True
experiment_05761,2026-06-17T12:35:51Z,0.5789555142963163,passed,True
experiment_05762,2026-06-17T12:35:51Z,0.14577393026086405,passed,True
experiment_05763,2026-06-17T12:35:51Z,0.12813777903862977,passed,True
experiment_05764,2026-06-17T12:35:51Z,0.12813777903862977,passed,True
experiment_05765,2026-06-17T12:44:59Z,3.7437700595394166,passed,True
experiment_05766,2026-06-17T12:44:59Z,0.6044071104940638,passed,True
experiment_05767,2026-06-17T12:44:59Z,0.5789555142963163,passed,True
experiment_05768,2026-06-17T12:44:59Z,0.5789555142963163,passed,True
experiment_05769,2026-06-17T12:44:59Z,0.5789555142963163,passed,True
experiment_05770,2026-06-17T12:44:59Z,0.4054651081081637,passed,True
experiment_05771,2026-06-17T12:45:00Z,0.14577393026086405,passed,True
experiment_05772,2026-06-17T12:45:00Z,0.12813777903862977,passed,True
experiment_05773,2026-06-17T12:45:00Z,0.12813777903862977,passed,True
experiment_05774,2026-06-17T12:45:00Z,0.0410731561440798,passed,True
experiment_05775,2026-06-17T12:45:00Z,0.0410731561440798,passed,True
experiment_05776,2026-06-17T12:45:00Z,0.013734390276827213,passed,True
experiment_05777,2026-06-17T12:45:00Z,0.013734390276827213,passed,True
experiment_05778,2026-06-17T12:45:00Z,0.013734390276827213,passed,True
experiment_05779,2026-06-17T12:58:51Z,11.636275199987612,,
experiment_05780,2026-06-17T12:58:52Z,11.636275199987612,,
experiment_05781,2026-06-17T12:58:52Z,10.929403692471466,,
experiment_05782,2026-06-17T12:58:53Z,10.929403692471466,,
experiment_05783,2026-06-17T12:58:53Z,10.765955477712776,,
experiment_05784,2026-06-17T12:58:53Z,10.146119956434184,,
experiment_05785,2026-06-17T12:58:54Z,10.058994455134526,,
experiment_05786,2026-06-17T12:58:54Z,10.054834305030653,,
experiment_05787,2026-06-17T12:58:54Z,9.89495122151384,,
experiment_05788,2026-06-17T12:58:55Z,9.878836189094999,,
experiment_05789,2026-06-17T12:58:55Z,9.729253205924792,,
experiment_05790,2026-06-17T12:58:56Z,9.689922976002242,,
experiment_05791,2026-06-17T12:58:56Z,9.633252393688068,,
experiment_05792,2026-06-17T12:58:56Z,9.578172838610792,,
experiment_05793,2026-06-17T12:58:57Z,9.323847612769777,,
experiment_05794,2026-06-17T12:58:57Z,9.019179866515024,,
experiment_05795,2026-06-17T12:58:57Z,8.910585718290132,,
experiment_05796,2026-06-17T12:58:58Z,8.811205187562887,,
experiment_05797,2026-06-17T12:58:58Z,8.781094735202615,,
experiment_05798,2026-06-17T12:58:59Z,8.76701762131178,,
experiment_05799,2026-06-17T12:59:00Z,8.76701762131178,,
experiment_05800,2026-06-17T12:59:01Z,8.752423403865592,,
experiment_05801,2026-06-17T12:59:01Z,8.464425125877582,,
experiment_05802,2026-06-17T12:59:01Z,8.341410211461863,,
experiment_05803,2026-06-17T12:59:02Z,8.196436811235028,,
experiment_05804,2026-06-17T12:59:02Z,8.132412674500905,,
experiment_05805,2026-06-17T12:59:03Z,8.132412674500905,,
experiment_05806,2026-06-17T12:59:03Z,8.12769985281777,,
experiment_05807,2026-06-17T12:59:03Z,8.087640287778981,,
experiment_05808,2026-06-17T12:59:04Z,7.742835955430749,,
experiment_05809,2026-06-17T12:59:04Z,7.495541943884255,,
experiment_05810,2026-06-17T12:59:04Z,7.48885295573346,,
experiment_05811,2026-06-17T12:59:05Z,7.319864929808972,,
experiment_05812,2026-06-17T12:59:05Z,7.080867896690783,,
experiment_05813,2026-06-17T12:59:06Z,7.031105013999518,,
experiment_05814,2026-06-17T12:59:06Z,7.031105013999518,,
experiment_05815,2026-06-17T12:59:06Z,6.992096427415888,,
experiment_05816,2026-06-17T12:59:07Z,6.9517721643989105,,
experiment_05817,2026-06-17T12:59:07Z,6.935794834195196,,
experiment_05818,2026-06-17T12:59:08Z,6.935794834195196,,
experiment_05819,2026-06-17T12:59:08Z,6.935794834195196,,
experiment_05820,2026-06-17T12:59:08Z,6.855408798609929,,
experiment_05821,2026-06-17T12:59:09Z,6.813444599510895,,
experiment_05822,2026-06-17T12:59:09Z,6.813444599510895,,
experiment_05823,2026-06-17T12:59:10Z,6.813444599510895,,
experiment_05824,2026-06-17T12:59:10Z,6.813444599510895,,
experiment_05825,2026-06-17T12:59:10Z,6.802394763324312,,
experiment_05826,2026-06-17T12:59:11Z,6.802394763324312,,
experiment_05827,2026-06-17T12:59:11Z,6.472346294500902,,
experiment_05828,2026-06-17T12:59:11Z,6.3378163907236384,,
experiment_05829,2026-06-17T12:59:13Z,6.324233506483372,,
experiment_05830,2026-06-17T12:59:13Z,6.242506210919316,,
experiment_05831,2026-06-17T12:59:15Z,6.242506210919316,,
experiment_05832,2026-06-17T12:59:17Z,6.22892332667905,,
experiment_05833,2026-06-17T12:59:17Z,6.22892332667905,,
experiment_05834,2026-06-17T12:59:18Z,6.22892332667905,,
experiment_05835,2026-06-17T12:59:18Z,6.160785291724682,,
experiment_05836,2026-06-17T12:59:19Z,6.0867747269123065,,
experiment_05837,2026-06-17T12:59:19Z,6.080939553535583,,
experiment_05838,2026-06-17T12:59:21Z,6.06547511192036,,
experiment_05839,2026-06-17T12:59:21Z,6.06547511192036,,
experiment_05840,2026-06-17T12:59:22Z,5.9856293737312605,,
experiment_05841,2026-06-17T12:59:23Z,5.9856293737312605,,
experiment_05842,2026-06-17T12:59:25Z,5.9856293737312605,,
experiment_05843,2026-06-17T12:59:27Z,5.749392985908251,,
experiment_05844,2026-06-17T12:59:29Z,5.749392985908251,,
experiment_05845,2026-06-17T12:59:29Z,5.749392985908251,,
experiment_05846,2026-06-17T12:59:31Z,5.740275111015224,,
experiment_05847,2026-06-17T12:59:33Z,5.712378753881556,,
experiment_05848,2026-06-17T12:59:35Z,5.703782474656201,,
experiment_05849,2026-06-17T12:59:35Z,5.644964931210902,,
experiment_05850,2026-06-17T12:59:37Z,5.644964931210902,,
experiment_05851,2026-06-17T12:59:38Z,5.6170685740772335,,
experiment_05852,2026-06-17T12:59:40Z,5.6170685740772335,,
experiment_05853,2026-06-17T12:59:42Z,5.602819682230065,,
experiment_05854,2026-06-17T12:59:44Z,5.568955004390556,,
experiment_05855,2026-06-17T12:59:46Z,5.54094977044609,,
experiment_05856,2026-06-17T12:59:46Z,5.5075095024257426,,
experiment_05857,2026-06-17T12:59:48Z,5.5075095024257426,,
experiment_05858,2026-06-17T12:59:50Z,5.5075095024257426,,
experiment_05859,2026-06-17T12:59:52Z,5.5075095024257426,,
experiment_05860,2026-06-17T12:59:53Z,5.5075095024257426,,
experiment_05861,2026-06-17T12:59:55Z,5.473644824586234,,
experiment_05862,2026-06-17T12:59:57Z,5.473644824586234,,
experiment_05863,2026-06-17T12:59:59Z,5.453824269146432,,
experiment_05864,2026-06-17T13:00:00Z,5.449664119042559,,
experiment_05865,2026-06-17T13:00:00Z,5.445639590641768,,
experiment_05866,2026-06-17T13:00:00Z,5.445639590641768,,
experiment_05867,2026-06-17T13:00:01Z,5.35851408934211,,
experiment_05868,2026-06-17T13:00:01Z,5.35851408934211,,
experiment_05869,2026-06-17T13:00:02Z,5.354353939238237,,
experiment_05870,2026-06-17T13:00:02Z,5.354353939238237,,
experiment_05871,2026-06-17T13:00:02Z,5.289781035525747,,
experiment_05872,2026-06-17T13:00:03Z,5.273666003106905,,
experiment_05873,2026-06-17T13:00:03Z,5.26785815906333,,
experiment_05874,2026-06-17T13:00:04Z,5.226552800318723,,
experiment_05875,2026-06-17T13:00:05Z,5.194470855721425,,
experiment_05876,2026-06-17T13:00:06Z,5.194470855721425,,
experiment_05877,2026-06-17T13:00:06Z,5.178355823302583,,
experiment_05878,2026-06-17T13:00:07Z,5.178355823302583,,
experiment_05879,2026-06-17T13:00:07Z,5.131242620514401,,
experiment_05880,2026-06-17T13:00:09Z,5.131242620514401,,
experiment_05881,2026-06-17T13:00:11Z,5.124083019936698,,
experiment_05882,2026-06-17T13:00:13Z,5.091170188318424,,
experiment_05883,2026-06-17T13:00:15Z,5.084752790014148,,
experiment_05884,2026-06-17T13:00:15Z,5.075173815233825,,
experiment_05885,2026-06-17T13:00:15Z,5.028772840132376,,
experiment_05886,2026-06-17T13:00:17Z,5.028772840132376,,
experiment_05887,2026-06-17T13:00:19Z,5.028082207699974,,
experiment_05888,2026-06-17T13:00:20Z,5.017279836814925,,
experiment_05889,2026-06-17T13:00:22Z,4.995860008514102,,
experiment_05890,2026-06-17T13:00:24Z,4.995860008514102,,
experiment_05891,2026-06-17T13:00:26Z,4.989442610209826,,
experiment_05892,2026-06-17T13:00:26Z,4.989442610209826,,
experiment_05893,2026-06-17T13:00:26Z,4.973002652622698,,
experiment_05894,2026-06-17T13:00:27Z,4.972310179774585,,
experiment_05895,2026-06-17T13:00:29Z,4.932772027895652,,
experiment_05896,2026-06-17T13:00:30Z,4.932772027895652,,
experiment_05897,2026-06-17T13:00:32Z,4.8986603587228466,,
experiment_05898,2026-06-17T13:00:34Z,4.877692472818376,,
experiment_05899,2026-06-17T13:00:34Z,4.877692472818376,,
experiment_05900,2026-06-17T13:00:35Z,4.877692472818376,,
experiment_05901,2026-06-17T13:00:35Z,4.876999999970263,,
experiment_05902,2026-06-17T13:00:37Z,4.876999999970263,,
experiment_05903,2026-06-17T13:00:39Z,4.8033501789185244,,
experiment_05904,2026-06-17T13:00:40Z,4.8033501789185244,,
experiment_05905,2026-06-17T13:00:42Z,4.718677426781683,,
experiment_05906,2026-06-17T13:00:44Z,4.623367246977361,,
experiment_05907,2026-06-17T13:00:46Z,4.623367246977361,,
experiment_05908,2026-06-17T13:00:47Z,4.499809670330265,,
experiment_05909,2026-06-17T13:00:48Z,4.428433007488035,,
experiment_05910,2026-06-17T13:00:50Z,4.414009680526931,,
experiment_05911,2026-06-17T13:00:51Z,4.333122827683713,,
experiment_05912,2026-06-17T13:00:53Z,4.333122827683713,,
experiment_05913,2026-06-17T13:00:55Z,4.318699500722609,,
experiment_05914,2026-06-17T13:00:57Z,4.318699500722609,,
experiment_05915,2026-06-17T13:00:59Z,4.305415532302039,,
experiment_05916,2026-06-17T13:01:01Z,4.210105352497717,,
experiment_05917,2026-06-17T13:01:02Z,4.210105352497717,,
experiment_05918,2026-06-17T13:01:04Z,4.206035001574794,,
experiment_05919,2026-06-17T13:01:05Z,4.175924549214521,,
experiment_05920,2026-06-17T13:01:05Z,4.161847435323686,,
experiment_05921,2026-06-17T13:01:07Z,4.147253217877498,,
experiment_05922,2026-06-17T13:01:08Z,4.1107248217704715,,
experiment_05923,2026-06-17T13:01:09Z,4.1107248217704715,,
experiment_05924,2026-06-17T13:01:09Z,4.1107248217704715,,
experiment_05925,2026-06-17T13:01:10Z,4.080614369410199,,
experiment_05926,2026-06-17T13:01:10Z,4.080614369410199,,
experiment_05927,2026-06-17T13:01:10Z,4.066537255519364,,
experiment_05928,2026-06-17T13:01:12Z,4.066537255519364,,
experiment_05929,2026-06-17T13:01:14Z,4.062853895130729,,
experiment_05930,2026-06-17T13:01:16Z,4.051943038073176,,
experiment_05931,2026-06-17T13:01:18Z,4.051943038073176,,
experiment_05932,2026-06-17T13:01:20Z,3.967543715326407,,
experiment_05933,2026-06-17T13:01:22Z,3.967543715326407,,
experiment_05934,2026-06-17T13:01:23Z,3.859254939889489,,
experiment_05935,2026-06-17T13:01:24Z,3.7639447600851668,,
experiment_05936,2026-06-17T13:01:24Z,3.7639447600851668,,
experiment_05937,2026-06-17T13:01:24Z,3.7362400254737693,,
experiment_05938,2026-06-17T13:01:27Z,3.640929845669447,,
experiment_05939,2026-06-17T13:01:28Z,3.640929845669447,,
experiment_05940,2026-06-17T13:01:30Z,3.5912666252469343,,
experiment_05941,2026-06-17T13:01:31Z,3.5272424885128117,,
experiment_05942,2026-06-17T13:01:32Z,3.5225296668296764,,
experiment_05943,2026-06-17T13:01:33Z,3.5041043403587544,,
experiment_05944,2026-06-17T13:01:35Z,3.495956445442612,,
experiment_05945,2026-06-17T13:01:35Z,3.495956445442612,,
experiment_05946,2026-06-17T13:01:36Z,3.482470101790888,,
experiment_05947,2026-06-17T13:01:36Z,3.4319323087084896,,
experiment_05948,2026-06-17T13:01:38Z,3.4319323087084896,,
experiment_05949,2026-06-17T13:01:40Z,3.4272194870253543,,
experiment_05950,2026-06-17T13:01:41Z,3.4272194870253543,,
experiment_05951,2026-06-17T13:01:41Z,3.3945452687072635,,
experiment_05952,2026-06-17T13:01:43Z,3.387159921986566,,
experiment_05953,2026-06-17T13:01:43Z,3.387159921986566,,
experiment_05954,2026-06-17T13:01:43Z,3.387159921986566,,
experiment_05955,2026-06-17T13:01:44Z,3.360680590867755,,
experiment_05956,2026-06-17T13:01:46Z,3.1376657694426555,,
experiment_05957,2026-06-17T13:01:46Z,3.065391589584104,,
experiment_05958,2026-06-17T13:01:46Z,3.0423555896383334,,
experiment_05959,2026-06-17T13:01:47Z,3.0423555896383334,,
experiment_05960,2026-06-17T13:01:47Z,3.018278386795922,,
experiment_05961,2026-06-17T13:01:49Z,2.890371757896162,,
experiment_05962,2026-06-17T13:01:51Z,2.8836827697453664,,
experiment_05963,2026-06-17T13:01:52Z,2.8828957747956228,,
experiment_05964,2026-06-17T13:01:54Z,2.7950615780918397,,
experiment_05965,2026-06-17T13:01:56Z,2.7950615780918397,,
experiment_05966,2026-06-17T13:01:58Z,2.7883725899410443,,
experiment_05967,2026-06-17T13:02:00Z,2.7883725899410443,,
experiment_05968,2026-06-17T13:02:01Z,2.7146947438208784,,
experiment_05969,2026-06-17T13:02:03Z,2.6903859452000454,,
experiment_05970,2026-06-17T13:02:05Z,2.6193845640165563,,
experiment_05971,2026-06-17T13:02:07Z,2.6193845640165563,,
experiment_05972,2026-06-17T13:02:09Z,2.47569771070269,,
experiment_05973,2026-06-17T13:02:10Z,2.386926241427794,,
experiment_05974,2026-06-17T13:02:11Z,2.3803875308983677,,
experiment_05975,2026-06-17T13:02:12Z,2.3803875308983677,,
experiment_05976,2026-06-17T13:02:14Z,2.346601978410817,,
experiment_05977,2026-06-17T13:02:16Z,2.302585092994047,,
experiment_05978,2026-06-17T13:02:16Z,2.302585092994047,,
experiment_05979,2026-06-17T13:02:17Z,2.291616061623472,,
experiment_05980,2026-06-17T13:02:17Z,2.291616061623472,,
experiment_05981,2026-06-17T13:02:17Z,2.251291798606495,,
experiment_05982,2026-06-17T13:02:19Z,2.251291798606495,,
experiment_05983,2026-06-17T13:02:21Z,2.2502386126218354,,
experiment_05984,2026-06-17T13:02:23Z,2.208274413522801,,
experiment_05985,2026-06-17T13:02:25Z,2.208274413522801,,
experiment_05986,2026-06-17T13:02:26Z,2.208274413522801,,
experiment_05987,2026-06-17T13:02:27Z,2.208274413522801,,
experiment_05988,2026-06-17T13:02:27Z,2.1972245773362182,,
experiment_05989,2026-06-17T13:02:29Z,2.1972245773362182,,
experiment_05990,2026-06-17T13:02:31Z,2.1972245773362182,,
experiment_05991,2026-06-17T13:02:31Z,2.1549284328175133,,
experiment_05992,2026-06-17T13:02:33Z,2.1549284328175133,,
experiment_05993,2026-06-17T13:02:35Z,2.112964233718479,,
experiment_05994,2026-06-17T13:02:37Z,2.112964233718479,,
experiment_05995,2026-06-17T13:02:38Z,2.112964233718479,,
experiment_05996,2026-06-17T13:02:40Z,2.112964233718479,,
experiment_05997,2026-06-17T13:02:42Z,2.112964233718479,,
experiment_05998,2026-06-17T13:02:42Z,2.112964233718479,,
experiment_05999,2026-06-17T13:02:43Z,2.101914397531896,,
experiment_06000,2026-06-17T13:02:45Z,2.101914397531896,,
experiment_06001,2026-06-17T13:02:46Z,2.101914397531896,,
experiment_06002,2026-06-17T13:02:47Z,2.0971411187792377,,
experiment_06003,2026-06-17T13:02:49Z,1.8671761085128082,,
experiment_06004,2026-06-17T13:02:49Z,1.854579481607928,,
experiment_06005,2026-06-17T13:02:51Z,1.7718659287084861,,
experiment_06006,2026-06-17T13:02:51Z,1.7718659287084861,,
experiment_06007,2026-06-17T13:02:52Z,1.7718659287084861,,
experiment_06008,2026-06-17T13:02:52Z,1.481604540924213,,
experiment_06009,2026-06-17T13:02:54Z,1.3862943611198908,,
experiment_06010,2026-06-17T13:02:56Z,1.3862943611198908,,
experiment_06011,2026-06-17T13:02:58Z,1.1442227999201577,,
experiment_06012,2026-06-17T13:03:00Z,1.0986122886681073,,
experiment_06013,2026-06-17T13:03:02Z,1.0489126201158356,,
experiment_06014,2026-06-17T13:03:03Z,1.0489126201158356,,
experiment_06015,2026-06-17T13:03:05Z,1.0489126201158356,,
experiment_06016,2026-06-17T13:03:07Z,1.0033021088637852,,
experiment_06017,2026-06-17T13:03:09Z,0.9293913559198543,,
experiment_06018,2026-06-17T13:03:09Z,0.6820973443733607,,
experiment_06019,2026-06-17T13:03:10Z,0.6626879730752364,,
experiment_06020,2026-06-17T13:03:10Z,0.5673777932709143,,
experiment_06021,2026-06-17T13:03:10Z,0.5673777932709143,,
experiment_06022,2026-06-17T13:03:11Z,0.47000362924573125,,
experiment_06023,2026-06-17T13:03:13Z,0.37469344944140914,,
experiment_06024,2026-06-17T13:03:15Z,0.37469344944140914,,
experiment_06025,2026-06-17T13:03:16Z,0.13832756488801579,,
experiment_06026,2026-06-17T13:03:17Z,0.013189323351079807,,
experiment_06027,2026-06-17T13:03:17Z,0.013189323351079807,,
experiment_06028,2026-06-17T13:03:17Z,0.01104983618658295,,
experiment_06029,2026-06-17T13:03:18Z,0.01104983618658295,,
experiment_06030,2026-06-17T13:03:18Z,0.01104983618658295,,
experiment_06031,2026-06-17T13:03:19Z,0.01104983618658295,,
experiment_06032,2026-06-17T13:03:19Z,0.01104983618658295,,
experiment_06033,2026-06-17T13:03:19Z,0.01104983618658295,,
experiment_06034,2026-06-17T13:03:20Z,0.01104983618658295,,
experiment_06035,2026-06-17T13:03:20Z,0.01104983618658295,,
experiment_06036,2026-06-17T13:03:21Z,0.01104983618658295,,
experiment_06037,2026-06-17T13:03:21Z,0.01104983618658295,,
experiment_06038,2026-06-17T13:03:21Z,0.01104983618658295,,
experiment_06039,2026-06-17T13:03:22Z,0.01104983618658295,,
experiment_06040,2026-06-17T13:03:22Z,0.01104983618658295,,
experiment_06041,2026-06-17T13:03:23Z,0.01104983618658295,,
experiment_06042,2026-06-17T13:03:23Z,0.01104983618658295,,
experiment_06043,2026-06-17T13:03:23Z,0.01104983618658295,,
experiment_06044,2026-06-17T13:03:44Z,,,
experiment_06045,2026-06-17T13:11:17Z,0.6044071104940638,passed,True
experiment_06046,2026-06-17T13:11:17Z,0.5789555142963163,passed,True
experiment_06047,2026-06-17T13:11:17Z,0.5789555142963163,passed,True
experiment_06048,2026-06-17T13:11:18Z,0.5789555142963163,passed,True
experiment_06049,2026-06-17T13:11:18Z,0.14577393026086405,passed,True
experiment_06050,2026-06-17T13:11:18Z,0.12813777903862977,passed,True
experiment_06051,2026-06-17T13:11:18Z,0.12813777903862977,passed,True
experiment_06052,2026-06-17T13:11:18Z,0.0410731561440798,passed,True
experiment_06053,2026-06-17T13:11:18Z,0.0410731561440798,passed,True
experiment_06054,2026-06-17T13:11:18Z,0.013734390276827213,passed,True
experiment_06055,2026-06-17T13:11:18Z,0.013734390276827213,passed,True
experiment_06056,2026-06-17T13:11:18Z,0.013734390276827213,passed,True
experiment_06057,2026-06-17T13:21:51Z,13.737473668035513,failed,
experiment_06058,2026-06-17T13:21:51Z,-14.17954194668496,,
experiment_06059,2026-06-17T13:26:06Z,-0.7079217311179384,passed,True
experiment_06060,2026-06-17T13:26:07Z,-3.281902214299677,passed,True
experiment_06061,2026-06-17T13:26:11Z,-2.188640833644829,passed,True
experiment_06062,2026-06-17T14:27:54Z,0.0,passed,
experiment_06063,2026-06-17T14:27:54Z,-0.5355611391172612,passed,
experiment_06064,2026-06-17T14:34:08Z,-0.7079217311179384,passed,True
experiment_06065,2026-06-17T14:34:14Z,-3.281902214299677,passed,True
experiment_06066,2026-06-17T14:34:22Z,-2.188640833644829,passed,True
experiment_06067,2026-06-17T14:54:01Z,0.0,failed,
experiment_06068,2026-06-17T14:54:01Z,14.895819024987254,passed,
experiment_06069,2026-06-17T14:57:41Z,-2.659700223437289,failed,
experiment_06070,2026-06-17T14:57:43Z,-2.7420181447862237,,
experiment_06071,2026-06-17T15:03:38Z,1.0299285839791068,,
experiment_06072,2026-06-17T15:03:43Z,0.6630014440310319,,
experiment_06073,2026-06-17T15:03:46Z,0.6418538861723952,,
experiment_06074,2026-06-17T15:03:49Z,0.6418538861723952,,
experiment_06075,2026-06-17T15:03:51Z,0.6325225587435099,,
experiment_06076,2026-06-17T15:03:55Z,0.6044071104940638,,
experiment_06077,2026-06-17T15:03:58Z,0.5434035982110998,,
experiment_06078,2026-06-17T15:04:01Z,0.4555464280412167,,
experiment_06079,2026-06-17T15:04:04Z,0.39291162986517136,,
experiment_06080,2026-06-17T15:04:08Z,0.3533108602596666,,
experiment_06081,2026-06-17T15:04:11Z,0.14577393026086405,,
experiment_06082,2026-06-17T15:04:14Z,0.12203804482247627,,
experiment_06083,2026-06-17T15:04:17Z,0.1211539813243192,,
experiment_06084,2026-06-17T15:04:20Z,0.10690213014598982,,
experiment_06085,2026-06-17T15:04:23Z,0.1048188086459021,,
experiment_06086,2026-06-17T15:04:26Z,0.10470165682289156,,
experiment_06087,2026-06-17T15:04:29Z,0.09946079353063553,,
experiment_06088,2026-06-17T15:04:32Z,0.08187533396930569,,
experiment_06089,2026-06-17T15:04:35Z,0.0778083170531012,,
experiment_06090,2026-06-17T15:04:38Z,0.07357649486824336,,
experiment_06091,2026-06-17T15:04:41Z,0.0591663829083231,,
experiment_06092,2026-06-17T15:04:44Z,0.046646136257921356,,
experiment_06093,2026-06-17T15:04:47Z,0.0410731561440798,,
experiment_06094,2026-06-17T15:04:50Z,0.04035061630747805,,
experiment_06095,2026-06-17T15:04:53Z,0.03603993648319914,,
experiment_06096,2026-06-17T15:04:56Z,0.03515547631367788,,
experiment_06097,2026-06-17T15:04:59Z,0.034043094473016566,,
experiment_06098,2026-06-17T15:05:02Z,0.03234887383581153,,
experiment_06099,2026-06-17T15:05:05Z,0.027398974188116654,,
experiment_06100,2026-06-17T15:05:07Z,0.027157345911726694,,
experiment_06101,2026-06-17T15:05:10Z,0.024155763879335268,,
experiment_06102,2026-06-17T15:05:13Z,0.023393388184063113,,
experiment_06103,2026-06-17T15:05:16Z,0.022909122844296803,,
experiment_06104,2026-06-17T15:05:19Z,0.015298232450291493,,
experiment_06105,2026-06-17T15:05:22Z,0.013734390276827213,,
experiment_06106,2026-06-17T15:05:25Z,0.013189323351079807,,
experiment_06107,2026-06-17T15:09:38Z,-0.7079217311179384,passed,True
experiment_06108,2026-06-17T15:09:44Z,-3.281902214299677,passed,True
experiment_06109,2026-06-17T15:09:55Z,-2.188640833644829,passed,True
experiment_06110,2026-06-17T15:13:43Z,0.09946079353063553,passed,
experiment_06111,2026-06-17T15:17:22Z,-1.3243868991548062,,
experiment_06112,2026-06-17T15:20:20Z,0.15706388555477346,,
experiment_06113,2026-06-17T15:23:12Z,-0.46514423464694765,failed,
experiment_06114,2026-06-17T15:26:14Z,13.941441063496109,failed,False
experiment_06115,2026-06-17T15:32:17Z,-1.3350894237959139,,
experiment_06116,2026-06-17T15:35:08Z,-0.4420682786494474,failed,
experiment_06117,2026-06-17T15:35:21Z,15.170535807812659,passed,True
experiment_06118,2026-06-17T15:38:41Z,-2.2775873101490074,,
experiment_06119,2026-06-17T15:41:44Z,-3.0349515534994165,,
experiment_06120,2026-06-17T15:44:39Z,0.1489674176032203,failed,
experiment_06121,2026-06-17T15:47:34Z,-1.6298056689127787,,
experiment_06122,2026-06-17T15:50:37Z,-1.8689483711621158,,
experiment_06123,2026-06-17T16:38:54Z,1.0299285839791068,,
experiment_06124,2026-06-17T16:38:58Z,0.6630014440310319,,
experiment_06125,2026-06-17T16:39:01Z,0.6418538861723952,,
experiment_06126,2026-06-17T16:39:05Z,0.6418538861723952,,
experiment_06127,2026-06-17T16:39:08Z,0.6325225587435099,,
experiment_06128,2026-06-17T16:39:11Z,0.6044071104940638,,
experiment_06129,2026-06-17T16:39:14Z,0.5434035982110998,,
experiment_06130,2026-06-17T16:39:17Z,0.4555464280412167,,
experiment_06131,2026-06-17T16:39:20Z,0.39291162986517136,,
experiment_06132,2026-06-17T16:39:23Z,0.3533108602596666,,
experiment_06133,2026-06-17T16:39:27Z,0.14577393026086405,,
experiment_06134,2026-06-17T16:39:30Z,0.12203804482247627,,
experiment_06135,2026-06-17T16:39:33Z,0.1211539813243192,,
experiment_06136,2026-06-17T16:39:36Z,0.10690213014598982,,
experiment_06137,2026-06-17T16:39:40Z,0.1048188086459021,,
experiment_06138,2026-06-17T16:39:43Z,0.10470165682289156,,
experiment_06139,2026-06-17T16:39:46Z,0.09946079353063553,,
experiment_06140,2026-06-17T16:39:49Z,0.08187533396930569,,
experiment_06141,2026-06-17T16:39:52Z,0.0778083170531012,,
experiment_06142,2026-06-17T16:39:55Z,0.07357649486824336,,
experiment_06143,2026-06-17T16:39:58Z,0.0591663829083231,,
experiment_06144,2026-06-17T16:40:01Z,0.046646136257921356,,
experiment_06145,2026-06-17T16:40:04Z,0.0410731561440798,,
experiment_06146,2026-06-17T16:40:07Z,0.04035061630747805,,
experiment_06147,2026-06-17T16:40:10Z,0.03603993648319914,,
experiment_06148,2026-06-17T16:40:13Z,0.03515547631367788,,
experiment_06149,2026-06-17T16:40:16Z,0.034043094473016566,,
experiment_06150,2026-06-17T16:40:20Z,0.03234887383581153,,
experiment_06151,2026-06-17T16:40:23Z,0.027398974188116654,,
experiment_06152,2026-06-17T16:40:26Z,0.027157345911726694,,
experiment_06153,2026-06-17T16:40:29Z,0.024155763879335268,,
experiment_06154,2026-06-17T16:40:33Z,0.023393388184063113,,
experiment_06155,2026-06-17T16:40:36Z,0.022909122844296803,,
experiment_06156,2026-06-17T16:40:40Z,0.015298232450291493,,
experiment_06157,2026-06-17T16:40:43Z,0.013734390276827213,,
experiment_06158,2026-06-17T16:40:47Z,0.013189323351079807,,
experiment_06159,2026-06-17T16:54:35Z,,,
experiment_06160,2026-06-17T17:29:50Z,0.6630014440310319,passed,
experiment_06161,2026-06-17T17:31:15Z,1.0299285839791068,,
experiment_06162,2026-06-17T17:31:19Z,0.6630014440310319,,
experiment_06163,2026-06-17T17:31:23Z,15.529759936584488,,
experiment_06164,2026-06-17T17:31:26Z,0.6418538861723952,,
experiment_06165,2026-06-17T17:31:28Z,0.6418538861723952,,
experiment_06166,2026-06-17T17:31:30Z,0.6325225587435099,,
experiment_06167,2026-06-17T17:31:32Z,0.6044071104940638,,
experiment_06168,2026-06-17T17:31:34Z,0.5434035982110998,,
experiment_06169,2026-06-17T17:31:36Z,0.4555464280412167,,
experiment_06170,2026-06-17T17:31:38Z,0.39291162986517136,,
experiment_06171,2026-06-17T17:31:40Z,0.3533108602596666,,
experiment_06172,2026-06-17T17:31:42Z,0.14577393026086405,,
experiment_06173,2026-06-17T17:31:43Z,0.12203804482247627,,
experiment_06174,2026-06-17T17:31:45Z,0.10690213014598982,,
experiment_06175,2026-06-17T17:31:47Z,0.1048188086459021,,
experiment_06176,2026-06-17T17:31:49Z,0.10470165682289156,,
experiment_06177,2026-06-17T17:31:50Z,0.08187533396930569,,
experiment_06178,2026-06-17T17:31:52Z,0.0778083170531012,,
experiment_06179,2026-06-17T17:31:54Z,0.07357649486824336,,
experiment_06180,2026-06-17T17:31:55Z,0.0591663829083231,,
experiment_06181,2026-06-17T17:31:57Z,0.051847860406866175,,
experiment_06182,2026-06-17T17:31:59Z,0.046646136257921356,,
experiment_06183,2026-06-17T17:32:00Z,0.0410731561440798,,
experiment_06184,2026-06-17T17:32:02Z,0.04035061630747805,,
experiment_06185,2026-06-17T17:32:04Z,0.03603993648319914,,
experiment_06186,2026-06-17T17:32:04Z,,,
experiment_06187,2026-06-17T17:32:06Z,0.03515547631367788,,
experiment_06188,2026-06-17T17:32:07Z,0.034043094473016566,,
experiment_06189,2026-06-17T17:32:09Z,0.03234887383581153,,
experiment_06190,2026-06-17T17:32:11Z,0.027398974188116654,,
experiment_06191,2026-06-17T17:32:13Z,0.024155763879335268,,
experiment_06192,2026-06-17T17:32:14Z,0.023393388184063113,,
experiment_06193,2026-06-17T17:32:16Z,0.022909122844296803,,
experiment_06194,2026-06-17T17:32:18Z,0.015298232450291493,,
experiment_06195,2026-06-17T17:32:19Z,0.013734390276827213,,
experiment_06196,2026-06-17T17:32:21Z,0.013189323351079807,,
experiment_06197,2026-06-17T17:40:12Z,1.0299285839791068,,
experiment_06198,2026-06-17T17:40:16Z,0.6630014440310319,,
experiment_06199,2026-06-17T17:40:17Z,0.6418538861723952,,
experiment_06200,2026-06-17T17:40:19Z,0.6418538861723952,,
experiment_06201,2026-06-17T17:40:21Z,0.6325225587435099,,
experiment_06202,2026-06-17T17:40:22Z,0.6044071104940638,,
experiment_06203,2026-06-17T17:40:24Z,0.5434035982110998,,
experiment_06204,2026-06-17T17:40:25Z,0.4956808950473839,,
experiment_06205,2026-06-17T17:40:27Z,0.4555464280412167,,
experiment_06206,2026-06-17T17:40:29Z,0.39291162986517136,,
experiment_06207,2026-06-17T17:40:31Z,0.3533108602596666,,
experiment_06208,2026-06-17T17:40:32Z,0.14577393026086405,,
experiment_06209,2026-06-17T17:40:34Z,0.12203804482247627,,
experiment_06210,2026-06-17T17:40:36Z,0.10690213014598982,,
experiment_06211,2026-06-17T17:40:37Z,0.1048188086459021,,
experiment_06212,2026-06-17T17:40:39Z,0.10470165682289156,,
experiment_06213,2026-06-17T17:40:40Z,0.08187533396930569,,
experiment_06214,2026-06-17T17:40:42Z,0.0778083170531012,,
experiment_06215,2026-06-17T17:40:44Z,0.07357649486824336,,
experiment_06216,2026-06-17T17:40:45Z,0.0591663829083231,,
experiment_06217,2026-06-17T17:40:47Z,0.051847860406866175,,
experiment_06218,2026-06-17T17:40:48Z,0.046646136257921356,,
experiment_06219,2026-06-17T17:40:50Z,0.04265817505451608,,
experiment_06220,2026-06-17T17:40:52Z,0.0410731561440798,,
experiment_06221,2026-06-17T17:40:53Z,0.04035061630747805,,
experiment_06222,2026-06-17T17:40:55Z,0.03603993648319914,,
experiment_06223,2026-06-17T17:40:57Z,0.03515547631367788,,
experiment_06224,2026-06-17T17:40:58Z,0.034043094473016566,,
experiment_06225,2026-06-17T17:41:00Z,0.03234887383581153,,
experiment_06226,2026-06-17T17:41:01Z,0.027398974188116654,,
experiment_06227,2026-06-17T17:41:03Z,0.024155763879335268,,
experiment_06228,2026-06-17T17:41:05Z,0.023393388184063113,,
experiment_06229,2026-06-17T17:41:06Z,0.022954473289873434,,
experiment_06230,2026-06-17T17:41:08Z,0.02132833840529358,,
experiment_06231,2026-06-17T17:41:10Z,0.015298232450291493,,
experiment_06232,2026-06-17T17:41:11Z,0.013734390276827213,,
experiment_06233,2026-06-17T17:41:13Z,0.013189323351079807,,
experiment_06234,2026-06-17T17:41:15Z,0.01117746361348182,,
experiment_06235,2026-06-17T17:41:17Z,0.0022028866712027195,,
experiment_06236,2026-06-17T17:45:11Z,-0.5140437106058542,failed,False
experiment_06237,2026-06-17T17:52:30Z,,,
experiment_06238,2026-06-17T17:56:03Z,1.0299285839791068,,
experiment_06239,2026-06-17T17:56:06Z,0.6630014440310319,,
experiment_06240,2026-06-17T17:56:10Z,0.6418538861723952,,
experiment_06241,2026-06-17T17:56:13Z,0.6418538861723952,,
experiment_06242,2026-06-17T17:56:14Z,0.6325225587435099,,
experiment_06243,2026-06-17T17:56:16Z,0.6044071104940638,,
experiment_06244,2026-06-17T17:56:18Z,0.5434035982110998,,
experiment_06245,2026-06-17T17:56:20Z,0.4956808950473839,,
experiment_06246,2026-06-17T17:56:22Z,0.4555464280412167,,
experiment_06247,2026-06-17T17:56:24Z,0.39291162986517136,,
experiment_06248,2026-06-17T17:56:25Z,0.3533108602596666,,
experiment_06249,2026-06-17T17:56:27Z,0.14577393026086405,,
experiment_06250,2026-06-17T17:56:29Z,0.12203804482247627,,
experiment_06251,2026-06-17T17:56:31Z,0.10690213014598982,,
experiment_06252,2026-06-17T17:56:33Z,0.1048188086459021,,
experiment_06253,2026-06-17T17:56:35Z,0.10470165682289156,,
experiment_06254,2026-06-17T17:56:37Z,0.08187533396930569,,
experiment_06255,2026-06-17T17:56:38Z,0.0778083170531012,,
experiment_06256,2026-06-17T17:56:40Z,0.07357649486824336,,
experiment_06257,2026-06-17T17:56:42Z,0.0591663829083231,,
experiment_06258,2026-06-17T17:56:43Z,0.051847860406866175,,
experiment_06259,2026-06-17T17:56:45Z,0.046646136257921356,,
experiment_06260,2026-06-17T17:56:47Z,0.04265817505451608,,
experiment_06261,2026-06-17T17:56:48Z,0.0410731561440798,,
experiment_06262,2026-06-17T17:56:50Z,0.04035061630747805,,
experiment_06263,2026-06-17T17:56:52Z,0.03603993648319914,,
experiment_06264,2026-06-17T17:56:54Z,0.03515547631367788,,
experiment_06265,2026-06-17T17:56:55Z,0.034043094473016566,,
experiment_06266,2026-06-17T17:56:57Z,0.03234887383581153,,
experiment_06267,2026-06-17T17:56:59Z,0.027398974188116654,,
experiment_06268,2026-06-17T17:57:00Z,0.024155763879335268,,
experiment_06269,2026-06-17T17:57:02Z,0.023393388184063113,,
experiment_06270,2026-06-17T17:57:04Z,0.02132833840529358,,
experiment_06271,2026-06-17T17:57:06Z,0.015298232450291493,,
experiment_06272,2026-06-17T17:57:08Z,0.013734390276827213,,
experiment_06273,2026-06-17T17:57:09Z,0.013189323351079807,,
experiment_06274,2026-06-17T17:57:11Z,0.01117746361348182,,
experiment_06275,2026-06-17T17:57:13Z,0.0022028866712027195,,
experiment_06276,2026-06-17T17:59:38Z,0.10470165682289156,,
experiment_06277,2026-06-17T17:59:41Z,0.08187533396930569,,
experiment_06278,2026-06-17T17:59:43Z,0.04265817505451608,,
experiment_06279,2026-06-17T17:59:45Z,0.034043094473016566,,
experiment_06280,2026-06-17T17:59:46Z,0.018722049395861973,,
experiment_06281,2026-06-17T17:59:48Z,0.01117746361348182,,
experiment_06282,2026-06-17T17:59:50Z,0.010211723355187274,,
experiment_06283,2026-06-17T17:59:52Z,0.00912146839124972,,
experiment_06284,2026-06-17T17:59:54Z,0.007114815214110948,,
experiment_06285,2026-06-17T17:59:56Z,0.0058511842674384695,,
experiment_06286,2026-06-17T18:02:02Z,15.230958544016795,,
experiment_06287,2026-06-17T18:02:07Z,14.30887360381121,,
experiment_06288,2026-06-17T18:03:48Z,,,
experiment_06289,2026-06-17T18:04:28Z,0.012949821256189153,,
experiment_06290,2026-06-17T18:04:28Z,0.024155763879335268,,
experiment_06291,2026-06-17T18:04:31Z,0.0022028866712027195,,
experiment_06292,2026-06-17T18:05:59Z,0.03234887383581153,,
experiment_06293,2026-06-17T18:06:01Z,0.013734390276827213,,
experiment_06294,2026-06-17T18:06:10Z,0.024155763879335268,passed,
experiment_06295,2026-06-17T18:08:17Z,,failed,False
experiment_06296,2026-06-17T18:08:20Z,,failed,False
experiment_06297,2026-06-17T18:08:38Z,0.03234887383581153,,
experiment_06298,2026-06-17T18:10:07Z,,failed,False
experiment_06299,2026-06-17T18:11:21Z,2.693606508575872,passed,True
experiment_06300,2026-06-17T18:11:21Z,0.6044071104940638,passed,True
experiment_06301,2026-06-17T18:11:21Z,0.5789555142963163,passed,True
experiment_06302,2026-06-17T18:11:21Z,0.5789555142963163,passed,True
experiment_06303,2026-06-17T18:11:21Z,0.5789555142963163,passed,True
experiment_06304,2026-06-17T18:11:21Z,0.14577393026086405,passed,True
experiment_06305,2026-06-17T18:11:21Z,0.12813777903862977,passed,True
experiment_06306,2026-06-17T18:11:21Z,0.12813777903862977,passed,True
experiment_06307,2026-06-17T18:17:53Z,-1.3243868991548062,failed,False
experiment_06308,2026-06-17T18:19:44Z,-1.8260717927257684,failed,False
experiment_06309,2026-06-17T18:21:38Z,-4.683441481134537,failed,False
experiment_06310,2026-06-17T18:22:05Z,,no_candidate_passed_conservative_gate,False
experiment_06311,2026-06-17T18:27:55Z,0.6044071104940638,passed,True
experiment_06312,2026-06-17T18:27:55Z,0.5789555142963163,passed,True
experiment_06313,2026-06-17T18:27:55Z,0.5789555142963163,passed,True
experiment_06314,2026-06-17T18:27:55Z,0.5789555142963163,passed,True
experiment_06315,2026-06-17T18:32:20Z,,no_candidate_passed_conservative_gate,False
experiment_06316,2026-06-17T18:34:13Z,0.013189323351079807,,
experiment_06317,2026-06-17T18:34:17Z,0.013189323351079807,,
experiment_06318,2026-06-17T18:34:19Z,0.0058511842674384695,,
experiment_06319,2026-06-17T18:38:32Z,0.024155763879335268,,
experiment_06320,2026-06-17T18:45:31Z,0.6630014440310319,,
experiment_06321,2026-06-17T18:45:35Z,0.6418538861723952,,
experiment_06322,2026-06-17T18:45:37Z,0.6418538861723952,,
experiment_06323,2026-06-17T18:45:38Z,0.6325225587435099,,
experiment_06324,2026-06-17T18:45:40Z,0.6044071104940638,,
experiment_06325,2026-06-17T18:45:42Z,0.5507942283159863,,
experiment_06326,2026-06-17T18:45:44Z,0.5434035982110998,,
experiment_06327,2026-06-17T18:45:46Z,0.4555464280412167,,
experiment_06328,2026-06-17T18:45:48Z,0.39291162986517136,,
experiment_06329,2026-06-17T18:45:49Z,0.3533108602596666,,
experiment_06330,2026-06-17T18:45:51Z,0.12203804482247627,,
experiment_06331,2026-06-17T18:45:53Z,0.10690213014598982,,
experiment_06332,2026-06-17T18:45:56Z,0.1048188086459021,,
experiment_06333,2026-06-17T18:45:58Z,0.10470165682289156,,
experiment_06334,2026-06-17T18:46:00Z,0.09946079353063553,,
experiment_06335,2026-06-17T18:46:02Z,0.08187533396930569,,
experiment_06336,2026-06-17T18:46:05Z,0.0778083170531012,,
experiment_06337,2026-06-17T18:46:07Z,0.0591663829083231,,
experiment_06338,2026-06-17T18:46:09Z,0.051847860406866175,,
experiment_06339,2026-06-17T18:46:11Z,0.05095007552712971,,
experiment_06340,2026-06-17T18:46:13Z,0.046646136257921356,,
experiment_06341,2026-06-17T18:46:15Z,0.04265817505451608,,
experiment_06342,2026-06-17T18:46:17Z,0.0410731561440798,,
experiment_06343,2026-06-17T18:46:19Z,0.04035061630747805,,
experiment_06344,2026-06-17T18:46:21Z,0.03603993648319914,,
experiment_06345,2026-06-17T18:46:23Z,0.034043094473016566,,
experiment_06346,2026-06-17T18:46:25Z,0.03234887383581153,,
experiment_06347,2026-06-17T18:46:27Z,0.027398974188116654,,
experiment_06348,2026-06-17T18:46:29Z,0.024155763879335268,,
experiment_06349,2026-06-17T18:46:31Z,0.023393388184063113,,
experiment_06350,2026-06-17T18:46:34Z,0.022954473289873434,,
experiment_06351,2026-06-17T18:46:36Z,0.02132833840529358,,
experiment_06352,2026-06-17T18:46:38Z,0.018722049395861973,,
experiment_06353,2026-06-17T18:46:41Z,0.015298232450291493,,
experiment_06354,2026-06-17T18:46:42Z,0.013734390276827213,,
experiment_06355,2026-06-17T18:46:44Z,0.013189323351079807,,
experiment_06356,2026-06-17T18:46:47Z,0.010211723355187274,,
experiment_06357,2026-06-17T18:46:49Z,0.007114815214110948,,
experiment_06358,2026-06-17T18:46:51Z,0.0058511842674384695,,
experiment_06359,2026-06-17T18:46:54Z,0.0022028866712027195,,
experiment_06360,2026-06-17T18:49:17Z,0.5789555142963163,,
experiment_06361,2026-06-17T18:49:22Z,0.12203804482247627,,
experiment_06362,2026-06-17T18:49:24Z,0.027398974188116654,,
experiment_06363,2026-06-17T18:49:25Z,0.015298232450291493,,
experiment_06364,2026-06-17T18:49:27Z,0.013734390276827213,,
experiment_06365,2026-06-17T18:49:29Z,0.008944299651201248,,
experiment_06366,2026-06-17T19:12:10Z,,,
experiment_06367,2026-06-17T19:22:05Z,15.990552570403207,,
experiment_06368,2026-06-17T19:22:36Z,0.012949821256189153,,
experiment_06369,2026-06-17T19:28:07Z,,,
experiment_06370,2026-06-17T19:59:54Z,,,
experiment_06371,2026-06-17T20:00:01Z,6.351170949223114,passed,True
experiment_06372,2026-06-17T20:00:01Z,6.088887392651515,passed,True
experiment_06373,2026-06-17T20:00:01Z,5.041210685307563,passed,True
experiment_06374,2026-06-17T20:00:01Z,4.516311785439905,passed,True
experiment_06375,2026-06-17T20:00:01Z,3.804068989745982,passed,True
experiment_06376,2026-06-17T20:00:02Z,3.403684902751289,passed,True
experiment_06377,2026-06-17T20:00:02Z,2.8679147287104563,passed,True
experiment_06378,2026-06-17T20:00:02Z,2.8060995256275287,passed,True
experiment_06379,2026-06-17T20:00:02Z,2.513292226346284,passed,True
experiment_06380,2026-06-17T20:00:02Z,1.7168754774514774,passed,True
experiment_06381,2026-06-17T20:00:02Z,1.5049793540846483,passed,True
experiment_06382,2026-06-17T20:00:02Z,0.9864387210288967,passed,True
experiment_06383,2026-06-17T20:00:02Z,0.6044071104940638,passed,True
experiment_06384,2026-06-17T20:00:02Z,0.5789555142963163,passed,True
experiment_06385,2026-06-17T20:00:02Z,0.5789555142963163,passed,True
experiment_06386,2026-06-17T20:00:02Z,0.5789555142963163,passed,True
experiment_06387,2026-06-17T20:00:02Z,0.17661540721709912,passed,True
experiment_06388,2026-06-17T20:16:08Z,0.5789555142963163,,
experiment_06389,2026-06-17T20:16:12Z,0.12203804482247627,,
experiment_06390,2026-06-17T20:16:13Z,0.10470165682289156,,
experiment_06391,2026-06-17T20:16:15Z,0.08187533396930569,,
experiment_06392,2026-06-17T20:20:30Z,0.6044071104940638,,
experiment_06393,2026-06-17T20:20:34Z,0.12203804482247627,,
experiment_06394,2026-06-17T20:20:37Z,0.1211539813243192,,
experiment_06395,2026-06-17T20:20:38Z,0.10690213014598982,,
experiment_06396,2026-06-17T20:20:40Z,0.1048188086459021,,
experiment_06397,2026-06-17T20:20:41Z,0.10470165682289156,,
experiment_06398,2026-06-17T20:20:43Z,0.08187533396930569,,
experiment_06399,2026-06-17T20:20:44Z,0.0778083170531012,,
experiment_06400,2026-06-17T20:20:46Z,0.07357649486824336,,
experiment_06401,2026-06-17T20:20:48Z,0.0591663829083231,,
experiment_06402,2026-06-17T20:27:00Z,-0.7079217311179384,passed,True
experiment_06403,2026-06-17T20:27:00Z,-3.281902214299677,passed,True
experiment_06404,2026-06-17T20:27:04Z,-2.188640833644829,passed,True
experiment_06405,2026-06-17T20:28:35Z,0.6044071104940638,passed,True
experiment_06406,2026-06-17T20:28:35Z,0.5789555142963163,passed,True
experiment_06407,2026-06-17T20:28:35Z,0.5789555142963163,passed,True
experiment_06408,2026-06-17T20:28:35Z,0.5789555142963163,passed,True
experiment_06409,2026-06-17T20:37:24Z,0.10470165682289156,,
experiment_06410,2026-06-17T20:37:27Z,0.08187533396930569,,
experiment_06411,2026-06-17T20:37:29Z,0.04265817505451608,,
experiment_06412,2026-06-17T20:37:30Z,0.018722049395861973,,
experiment_06413,2026-06-17T20:37:32Z,0.00912146839124972,,
experiment_06414,2026-06-17T20:38:28Z,0.1048188086459021,,
experiment_06415,2026-06-17T20:38:32Z,0.10470165682289156,,
experiment_06416,2026-06-17T20:38:35Z,0.08187533396930569,,
experiment_06417,2026-06-17T20:38:37Z,0.0778083170531012,,
experiment_06418,2026-06-17T20:38:39Z,0.04265817505451608,,
experiment_06419,2026-06-17T20:38:40Z,0.03603993648319914,,
experiment_06420,2026-06-17T20:38:42Z,0.03515547631367788,,
experiment_06421,2026-06-17T20:38:44Z,0.034043094473016566,,
experiment_06422,2026-06-17T20:38:46Z,0.03234887383581153,,
experiment_06423,2026-06-17T20:38:47Z,0.027398974188116654,,
experiment_06424,2026-06-17T20:38:49Z,0.027157345911726694,,
experiment_06425,2026-06-17T20:38:50Z,0.018722049395861973,,
experiment_06426,2026-06-17T20:38:52Z,0.015298232450291493,,
experiment_06427,2026-06-17T20:38:54Z,0.01117746361348182,,
experiment_06428,2026-06-17T20:38:56Z,0.010211723355187274,,
experiment_06429,2026-06-17T20:38:57Z,0.00912146839124972,,
experiment_06430,2026-06-17T20:38:59Z,0.007114815214110948,,
experiment_06431,2026-06-17T20:39:01Z,0.006589104344218555,,
experiment_06432,2026-06-17T20:39:02Z,0.0058511842674384695,,
experiment_06433,2026-06-17T20:44:38Z,,,
experiment_06434,2026-06-17T21:00:40Z,0.1048188086459021,,
experiment_06435,2026-06-17T21:00:40Z,0.00912146839124972,,
experiment_06436,2026-06-17T21:00:43Z,0.10470165682289156,,
experiment_06437,2026-06-17T21:00:46Z,0.04265817505451608,,
experiment_06438,2026-06-17T21:00:47Z,0.03603993648319914,,
experiment_06439,2026-06-17T21:00:49Z,0.03515547631367788,,
experiment_06440,2026-06-17T21:00:51Z,13.301990131746889,,
experiment_06441,2026-06-17T21:00:53Z,0.03234887383581153,,
experiment_06442,2026-06-17T21:00:55Z,0.027398974188116654,,
experiment_06443,2026-06-17T21:00:56Z,0.015298232450291493,,
experiment_06444,2026-06-17T21:00:58Z,13.709343468933321,,
experiment_06445,2026-06-17T21:01:00Z,0.0058511842674384695,,
experiment_06446,2026-06-17T21:06:57Z,0.6044071104940638,,
experiment_06447,2026-06-17T21:07:00Z,0.12203804482247627,,
experiment_06448,2026-06-17T21:07:02Z,0.1211539813243192,,
experiment_06449,2026-06-17T21:07:03Z,0.10690213014598982,,
experiment_06450,2026-06-17T21:07:05Z,0.1048188086459021,,
experiment_06451,2026-06-17T21:07:06Z,0.0778083170531012,,
experiment_06452,2026-06-17T21:07:08Z,0.07357649486824336,,
experiment_06453,2026-06-17T21:07:09Z,0.0591663829083231,,
experiment_06454,2026-06-17T21:15:34Z,-3.281902214299677,passed,True
experiment_06455,2026-06-17T21:15:35Z,-0.7079217311179384,passed,True
experiment_06456,2026-06-17T21:15:38Z,-2.188640833644829,passed,True
experiment_06457,2026-06-17T21:16:27Z,0.1211539813243192,,
experiment_06458,2026-06-17T21:16:30Z,0.015298232450291493,,
experiment_06459,2026-06-17T21:16:32Z,0.013734390276827213,,
experiment_06460,2026-06-17T21:25:45Z,1.203972804325936,,
experiment_06461,2026-06-17T21:50:37Z,-0.7079217311179384,passed,True
experiment_06462,2026-06-17T21:50:38Z,-3.281902214299677,passed,True
experiment_06463,2026-06-17T21:50:40Z,-2.188640833644829,passed,True
experiment_06464,2026-06-17T22:07:54Z,0.034043094473016566,,
experiment_06465,2026-06-17T22:07:59Z,0.018722049395861973,,
experiment_06466,2026-06-17T22:08:02Z,0.01117746361348182,,
experiment_06467,2026-06-17T22:08:06Z,0.010211723355187274,,
experiment_06468,2026-06-17T22:08:08Z,0.00912146839124972,,
experiment_06469,2026-06-17T22:08:10Z,0.007114815214110948,,
experiment_06470,2026-06-17T22:08:12Z,0.006589104344218555,,
experiment_06471,2026-06-17T22:08:13Z,0.0058511842674384695,,
experiment_06472,2026-06-17T22:20:06Z,,failed,False
experiment_06473,2026-06-17T22:23:15Z,,failed,False
experiment_06474,2026-06-17T22:25:49Z,,failed,False
experiment_06475,2026-06-17T22:29:04Z,,failed,False
experiment_06476,2026-06-17T22:45:38Z,-0.7079217311179384,passed,True
experiment_06477,2026-06-17T22:45:46Z,-3.281902214299677,passed,True
experiment_06478,2026-06-17T22:45:57Z,-2.188640833644829,passed,True
experiment_06479,2026-06-17T22:51:37Z,,failed,False
experiment_06480,2026-06-17T22:56:36Z,,failed,False
experiment_06481,2026-06-17T23:16:52Z,0.013189323351079807,changed-task-passed-submit-gate-failed,
experiment_06482,2026-06-17T23:19:02Z,-0.7079217311179384,passed,True
experiment_06483,2026-06-17T23:19:08Z,-3.281902214299677,passed,True
experiment_06484,2026-06-17T23:19:16Z,-2.188640833644829,passed,True
experiment_06485,2026-06-17T23:21:54Z,-1.8260717927257684,failed,False
experiment_06486,2026-06-17T23:37:08Z,,failed,False
experiment_06487,2026-06-17T23:40:13Z,,failed,False
experiment_06488,2026-06-17T23:43:18Z,,failed,False
experiment_06489,2026-06-17T23:46:28Z,,failed,False
experiment_06490,2026-06-18T00:05:28Z,0.024155763879335268,,
experiment_06491,2026-06-18T00:11:48Z,0.5789555142963163,,
experiment_06492,2026-06-18T00:11:52Z,0.12203804482247627,,
experiment_06493,2026-06-18T00:11:56Z,0.04035061630747805,,
experiment_06494,2026-06-18T00:12:00Z,0.027398974188116654,,
experiment_06495,2026-06-18T00:12:04Z,0.015298232450291493,,
experiment_06496,2026-06-18T00:12:07Z,0.013734390276827213,,
experiment_06497,2026-06-18T00:12:11Z,19.337039519864053,,
experiment_06498,2026-06-18T00:13:27Z,0.6044071104940638,,
experiment_06499,2026-06-18T00:13:30Z,0.10690213014598982,,
experiment_06500,2026-06-18T00:13:32Z,0.1048188086459021,,
experiment_06501,2026-06-18T00:13:34Z,14.577480587150783,,
experiment_06502,2026-06-18T00:13:36Z,19.511062273843315,,
experiment_06503,2026-06-18T00:13:38Z,14.111404859592582,,
experiment_06504,2026-06-18T00:13:40Z,0.027398974188116654,,
experiment_06505,2026-06-18T00:13:42Z,13.945861309070342,,
experiment_06506,2026-06-18T00:13:43Z,0.018722049395861973,,
experiment_06507,2026-06-18T00:13:45Z,14.722847651905505,,
experiment_06508,2026-06-18T00:13:47Z,14.299027774355842,,
experiment_06509,2026-06-18T00:13:49Z,15.379936929663012,,
experiment_06510,2026-06-18T00:13:51Z,0.01117746361348182,,
experiment_06511,2026-06-18T00:13:53Z,16.72487836978349,,
experiment_06512,2026-06-18T00:13:55Z,0.00912146839124972,,
experiment_06513,2026-06-18T00:13:58Z,0.006295854018546265,,
experiment_06514,2026-06-18T00:14:26Z,13.373504807347244,,
experiment_06515,2026-06-18T00:14:30Z,1.0299285839791068,,
experiment_06516,2026-06-18T00:14:33Z,0.6044071104940638,,
experiment_06517,2026-06-18T00:14:37Z,0.39291162986517136,,
experiment_06518,2026-06-18T00:14:40Z,0.3533108602596666,,
experiment_06519,2026-06-18T00:14:43Z,0.12203804482247627,,
experiment_06520,2026-06-18T00:14:46Z,0.1211539813243192,,
experiment_06521,2026-06-18T00:14:49Z,0.10690213014598982,,
experiment_06522,2026-06-18T00:14:51Z,0.1048188086459021,,
experiment_06523,2026-06-18T00:14:53Z,0.0778083170531012,,
experiment_06524,2026-06-18T00:14:55Z,0.0591663829083231,,
experiment_06525,2026-06-18T00:14:57Z,0.046646136257921356,,
experiment_06526,2026-06-18T00:14:59Z,0.0410731561440798,,
experiment_06527,2026-06-18T00:15:01Z,0.04035061630747805,,
experiment_06528,2026-06-18T00:15:03Z,0.03603993648319914,,
experiment_06529,2026-06-18T00:15:05Z,0.027398974188116654,,
experiment_06530,2026-06-18T00:15:07Z,0.027157345911726694,,
experiment_06531,2026-06-18T00:15:08Z,0.023393388184063113,,
experiment_06532,2026-06-18T00:15:10Z,0.015298232450291493,,
experiment_06533,2026-06-18T00:15:12Z,0.014856354949515094,,
experiment_06534,2026-06-18T00:15:14Z,0.013734390276827213,,
experiment_06535,2026-06-18T00:15:16Z,0.013189323351079807,,
experiment_06536,2026-06-18T00:17:00Z,0.6044071104940638,,
experiment_06537,2026-06-18T00:17:01Z,13.373504807347244,,
experiment_06538,2026-06-18T00:17:05Z,19.557582289478205,,
experiment_06539,2026-06-18T00:17:05Z,15.67740294567815,,
experiment_06540,2026-06-18T00:17:07Z,0.6630014440310319,,
experiment_06541,2026-06-18T00:17:07Z,0.10690213014598982,,
experiment_06542,2026-06-18T00:17:09Z,0.1048188086459021,,
experiment_06543,2026-06-18T00:17:10Z,0.6418538861723952,,
experiment_06544,2026-06-18T00:17:11Z,0.0778083170531012,,
experiment_06545,2026-06-18T00:17:12Z,0.6325225587435099,,
experiment_06546,2026-06-18T00:17:13Z,1.996336801165711,,
experiment_06547,2026-06-18T00:17:14Z,14.577480587150783,,
experiment_06548,2026-06-18T00:17:15Z,0.5507942283159863,,
experiment_06549,2026-06-18T00:17:15Z,0.0591663829083231,,
experiment_06550,2026-06-18T00:17:17Z,0.0410731561440798,,
experiment_06551,2026-06-18T00:17:17Z,0.5434035982110998,,
experiment_06552,2026-06-18T00:17:19Z,0.04035061630747805,,
experiment_06553,2026-06-18T00:17:19Z,0.5108256237659923,,
experiment_06554,2026-06-18T00:17:22Z,16.674451692838602,,
experiment_06555,2026-06-18T00:17:22Z,0.03565653212030284,,
experiment_06556,2026-06-18T00:17:25Z,0.39291162986517136,,
experiment_06557,2026-06-18T00:17:25Z,0.034043094473016566,,
experiment_06558,2026-06-18T00:17:27Z,0.03234887383581153,,
experiment_06559,2026-06-18T00:17:27Z,0.3533108602596666,,
experiment_06560,2026-06-18T00:17:29Z,0.027398974188116654,,
experiment_06561,2026-06-18T00:17:29Z,0.12203804482247627,,
experiment_06562,2026-06-18T00:17:31Z,0.027157345911726694,,
experiment_06563,2026-06-18T00:17:31Z,0.1211539813243192,,
experiment_06564,2026-06-18T00:17:33Z,0.018722049395861973,,
experiment_06565,2026-06-18T00:17:33Z,0.10690213014598982,,
experiment_06566,2026-06-18T00:17:35Z,0.015298232450291493,,
experiment_06567,2026-06-18T00:17:35Z,0.105360515657825,,
experiment_06568,2026-06-18T00:17:37Z,0.013734390276827213,,
experiment_06569,2026-06-18T00:17:37Z,0.1048188086459021,,
experiment_06570,2026-06-18T00:17:39Z,0.013189323351079807,,
experiment_06571,2026-06-18T00:17:39Z,15.000520681810146,,
experiment_06572,2026-06-18T00:17:41Z,0.08187533396930569,,
experiment_06573,2026-06-18T00:17:41Z,0.010211723355187274,,
experiment_06574,2026-06-18T00:17:42Z,0.0778083170531012,,
experiment_06575,2026-06-18T00:17:43Z,0.00912146839124972,,
experiment_06576,2026-06-18T00:17:45Z,0.07357649486824336,,
experiment_06577,2026-06-18T00:17:46Z,0.007114815214110948,,
experiment_06578,2026-06-18T00:17:47Z,0.0591663829083231,,
experiment_06579,2026-06-18T00:17:48Z,0.006589104344218555,,
experiment_06580,2026-06-18T00:17:49Z,0.051847860406866175,,
experiment_06581,2026-06-18T00:17:50Z,0.006295854018546265,,
experiment_06582,2026-06-18T00:17:51Z,0.046646136257921356,,
experiment_06583,2026-06-18T00:17:52Z,0.002667207077266198,,
experiment_06584,2026-06-18T00:17:53Z,0.04265817505451608,,
experiment_06585,2026-06-18T00:17:55Z,0.0410731561440798,,
experiment_06586,2026-06-18T00:17:57Z,0.04035061630747805,,
experiment_06587,2026-06-18T00:17:59Z,0.03603993648319914,,
experiment_06588,2026-06-18T00:18:01Z,0.03515547631367788,,
experiment_06589,2026-06-18T00:18:03Z,0.034043094473016566,,
experiment_06590,2026-06-18T00:18:04Z,0.027398974188116654,,
experiment_06591,2026-06-18T00:18:06Z,0.024155763879335268,,
experiment_06592,2026-06-18T00:18:08Z,0.023393388184063113,,
experiment_06593,2026-06-18T00:18:10Z,0.022909122844296803,,
experiment_06594,2026-06-18T00:18:12Z,0.02132833840529358,,
experiment_06595,2026-06-18T00:18:14Z,0.015298232450291493,,
experiment_06596,2026-06-18T00:18:15Z,0.013734390276827213,,
experiment_06597,2026-06-18T00:18:17Z,15.379936929663012,,
experiment_06598,2026-06-18T00:18:19Z,0.00912146839124972,,
experiment_06599,2026-06-18T00:18:21Z,0.007114815214110948,,
experiment_06600,2026-06-18T00:18:23Z,13.369575984279827,,
experiment_06601,2026-06-18T00:18:24Z,15.887382716552432,,
experiment_06602,2026-06-18T00:19:36Z,1.0299285839791068,,
experiment_06603,2026-06-18T00:19:39Z,0.6630014440310319,,
experiment_06604,2026-06-18T00:19:41Z,0.6418538861723952,,
experiment_06605,2026-06-18T00:19:43Z,0.6418538861723952,,
experiment_06606,2026-06-18T00:19:44Z,0.6325225587435099,,
experiment_06607,2026-06-18T00:19:46Z,0.6044071104940638,,
experiment_06608,2026-06-18T00:19:48Z,0.5507942283159863,,
experiment_06609,2026-06-18T00:19:49Z,0.5434035982110998,,
experiment_06610,2026-06-18T00:19:51Z,0.5108256237659923,,
experiment_06611,2026-06-18T00:19:53Z,0.4956808950473839,,
experiment_06612,2026-06-18T00:19:55Z,0.4555464280412167,,
experiment_06613,2026-06-18T00:19:56Z,0.39291162986517136,,
experiment_06614,2026-06-18T00:19:58Z,0.3533108602596666,,
experiment_06615,2026-06-18T00:20:00Z,0.23061457636798544,,
experiment_06616,2026-06-18T00:20:02Z,0.12203804482247627,,
experiment_06617,2026-06-18T00:20:03Z,0.10690213014598982,,
experiment_06618,2026-06-18T00:20:05Z,0.105360515657825,,
experiment_06619,2026-06-18T00:20:07Z,0.1048188086459021,,
experiment_06620,2026-06-18T00:20:09Z,0.10470165682289156,,
experiment_06621,2026-06-18T00:20:10Z,0.08187533396930569,,
experiment_06622,2026-06-18T00:20:12Z,0.0778083170531012,,
experiment_06623,2026-06-18T00:20:14Z,0.07357649486824336,,
experiment_06624,2026-06-18T00:20:16Z,0.0591663829083231,,
experiment_06625,2026-06-18T00:20:17Z,0.051847860406866175,,
experiment_06626,2026-06-18T00:20:19Z,0.05095007552712971,,
experiment_06627,2026-06-18T00:20:21Z,0.046646136257921356,,
experiment_06628,2026-06-18T00:20:23Z,0.04265817505451608,,
experiment_06629,2026-06-18T00:20:24Z,0.0410731561440798,,
experiment_06630,2026-06-18T00:20:26Z,0.04035061630747805,,
experiment_06631,2026-06-18T00:20:28Z,0.03603993648319914,,
experiment_06632,2026-06-18T00:20:30Z,0.03515547631367788,,
experiment_06633,2026-06-18T00:20:32Z,0.034043094473016566,,
experiment_06634,2026-06-18T00:20:33Z,0.03234887383581153,,
experiment_06635,2026-06-18T00:20:35Z,0.027398974188116654,,
experiment_06636,2026-06-18T00:20:37Z,0.027157345911726694,,
experiment_06637,2026-06-18T00:20:39Z,0.024155763879335268,,
experiment_06638,2026-06-18T00:20:40Z,0.023393388184063113,,
experiment_06639,2026-06-18T00:20:42Z,0.022954473289873434,,
experiment_06640,2026-06-18T00:20:44Z,0.02132833840529358,,
experiment_06641,2026-06-18T00:20:46Z,0.018722049395861973,,
experiment_06642,2026-06-18T00:20:47Z,0.015298232450291493,,
experiment_06643,2026-06-18T00:20:49Z,0.013734390276827213,,
experiment_06644,2026-06-18T00:20:51Z,0.013189323351079807,,
experiment_06645,2026-06-18T00:20:53Z,0.010211723355187274,,
experiment_06646,2026-06-18T00:20:54Z,0.00912146839124972,,
experiment_06647,2026-06-18T00:20:56Z,0.007114815214110948,,
experiment_06648,2026-06-18T00:20:58Z,0.006589104344218555,,
experiment_06649,2026-06-18T00:21:00Z,0.0058511842674384695,,
experiment_06650,2026-06-18T00:21:02Z,0.0022028866712027195,,
experiment_06651,2026-06-18T00:28:27Z,,failed,False
experiment_06652,2026-06-18T00:29:00Z,-0.7079217311179384,passed,True
experiment_06653,2026-06-18T00:29:00Z,-3.281902214299677,passed,True
experiment_06654,2026-06-18T00:29:04Z,-2.188640833644829,passed,True
experiment_06655,2026-06-18T00:30:23Z,,failed,False
experiment_06656,2026-06-18T00:32:16Z,,failed,False
experiment_06657,2026-06-18T00:34:26Z,,blocked_no_submit_ready_candidate,False
experiment_06658,2026-06-18T00:37:48Z,0.10470165682289156,,
experiment_06659,2026-06-18T00:37:52Z,0.08187533396930569,,
experiment_06660,2026-06-18T00:37:54Z,0.05111515552929902,,
experiment_06661,2026-06-18T00:37:56Z,0.04265817505451608,,
experiment_06662,2026-06-18T00:37:57Z,0.018722049395861973,,
experiment_06663,2026-06-18T00:37:59Z,0.007114815214110948,,
experiment_06664,2026-06-18T00:38:01Z,0.0058511842674384695,,
experiment_06665,2026-06-18T00:43:23Z,,failed,False
experiment_06666,2026-06-18T00:46:38Z,,blocked_no_submit_ready_candidate,False
experiment_06667,2026-06-18T00:49:36Z,0.12203804482247627,,
experiment_06668,2026-06-18T00:49:39Z,0.1211539813243192,,
experiment_06669,2026-06-18T00:49:41Z,0.1048188086459021,,
experiment_06670,2026-06-18T00:49:43Z,0.10470165682289156,,
experiment_06671,2026-06-18T00:49:45Z,0.08187533396930569,,
experiment_06672,2026-06-18T00:49:47Z,0.0778083170531012,,
experiment_06673,2026-06-18T00:49:49Z,0.05111515552929902,,
experiment_06674,2026-06-18T00:49:51Z,0.04265817505451608,,
experiment_06675,2026-06-18T00:49:53Z,0.04035061630747805,,
experiment_06676,2026-06-18T00:49:55Z,0.03603993648319914,,
experiment_06677,2026-06-18T00:49:57Z,14.761899080327659,,
experiment_06678,2026-06-18T00:50:00Z,0.034043094473016566,,
experiment_06679,2026-06-18T00:50:02Z,0.03234887383581153,,
experiment_06680,2026-06-18T00:50:04Z,0.027398974188116654,,
experiment_06681,2026-06-18T00:50:06Z,0.027157345911726694,,
experiment_06682,2026-06-18T00:50:08Z,0.018722049395861973,,
experiment_06683,2026-06-18T00:50:10Z,0.015298232450291493,,
experiment_06684,2026-06-18T00:50:12Z,0.013734390276827213,,
experiment_06685,2026-06-18T00:50:14Z,0.013189323351079807,,
experiment_06686,2026-06-18T00:50:16Z,0.01117746361348182,,
experiment_06687,2026-06-18T00:50:18Z,0.010211723355187274,,
experiment_06688,2026-06-18T00:50:20Z,0.008944299651201248,,
experiment_06689,2026-06-18T00:50:23Z,0.007114815214110948,,
experiment_06690,2026-06-18T00:50:25Z,0.006589104344218555,,
experiment_06691,2026-06-18T00:50:27Z,0.002667207077266198,,
experiment_06692,2026-06-18T00:53:16Z,,blocked_no_submit_ready_candidate,False
experiment_06693,2026-06-18T01:56:17Z,1.0299285839791068,,
experiment_06694,2026-06-18T01:56:21Z,0.6418538861723952,,
experiment_06695,2026-06-18T01:56:25Z,0.6418538861723952,,
experiment_06696,2026-06-18T01:56:29Z,0.6325225587435099,,
experiment_06697,2026-06-18T01:56:32Z,0.6044071104940638,,
experiment_06698,2026-06-18T01:56:36Z,0.5507942283159863,,
experiment_06699,2026-06-18T01:56:40Z,0.5434035982110998,,
experiment_06700,2026-06-18T01:56:45Z,0.5108256237659923,,
experiment_06701,2026-06-18T01:56:49Z,0.4956808950473839,,
experiment_06702,2026-06-18T01:56:55Z,0.4555464280412167,,
experiment_06703,2026-06-18T01:57:01Z,0.39291162986517136,,
experiment_06704,2026-06-18T01:57:07Z,0.3533108602596666,,
experiment_06705,2026-06-18T01:57:15Z,0.23061457636798544,,
experiment_06706,2026-06-18T01:57:22Z,0.11971231183534492,,
experiment_06707,2026-06-18T05:32:44Z,2.6571027821535402,passed,True
experiment_06708,2026-06-18T05:32:44Z,0.6044071104940638,passed,True
experiment_06709,2026-06-18T05:32:44Z,0.5789555142963163,passed,True
experiment_06710,2026-06-18T05:32:44Z,0.5789555142963163,passed,True
experiment_06711,2026-06-18T05:32:44Z,0.5789555142963163,passed,True
experiment_06712,2026-06-18T05:39:58Z,10.929403692471466,,
experiment_06713,2026-06-18T05:40:03Z,10.929403692471466,,
experiment_06714,2026-06-18T05:40:06Z,10.765955477712776,,
experiment_06715,2026-06-18T05:40:09Z,10.146119956434184,,
experiment_06716,2026-06-18T05:40:12Z,10.058994455134526,,
experiment_06717,2026-06-18T05:40:16Z,10.054834305030653,,
experiment_06718,2026-06-18T05:40:21Z,9.89495122151384,,
experiment_06719,2026-06-18T05:40:26Z,9.729253205924792,,
experiment_06720,2026-06-18T05:40:33Z,9.633252393688068,,
experiment_06721,2026-06-18T05:40:41Z,9.578172838610792,,
experiment_06722,2026-06-18T05:40:49Z,9.323847612769777,,
experiment_06723,2026-06-18T05:41:01Z,9.019179866515024,,
experiment_06724,2026-06-18T05:41:09Z,8.811205187562887,,
experiment_06725,2026-06-18T05:41:18Z,8.781094735202615,,
experiment_06726,2026-06-18T05:41:30Z,8.76701762131178,,
experiment_06727,2026-06-18T05:41:51Z,8.76701762131178,,
experiment_06728,2026-06-18T05:41:59Z,8.752423403865592,,
experiment_06729,2026-06-18T05:42:07Z,8.464425125877582,,
experiment_06730,2026-06-18T05:42:16Z,8.341410211461863,,
experiment_06731,2026-06-18T05:42:26Z,8.196436811235028,,
experiment_06732,2026-06-18T05:42:35Z,8.132412674500905,,
experiment_06733,2026-06-18T05:42:43Z,8.132412674500905,,
experiment_06734,2026-06-18T05:42:55Z,8.12769985281777,,
experiment_06735,2026-06-18T05:43:05Z,8.087640287778981,,
experiment_06736,2026-06-18T05:43:15Z,7.742835955430749,,
experiment_06737,2026-06-18T05:43:28Z,7.319864929808972,,
experiment_06738,2026-06-18T05:43:38Z,7.080867896690783,,
experiment_06739,2026-06-18T05:43:47Z,6.992096427415888,,
experiment_06740,2026-06-18T05:43:54Z,6.855408798609929,,
experiment_06741,2026-06-18T05:44:01Z,6.813444599510895,,
experiment_06742,2026-06-18T05:44:07Z,6.813444599510895,,
experiment_06743,2026-06-18T05:44:15Z,6.813444599510895,,
experiment_06744,2026-06-18T05:44:21Z,6.813444599510895,,
experiment_06745,2026-06-18T05:44:27Z,6.802394763324312,,
experiment_06746,2026-06-18T05:44:43Z,6.802394763324312,,
experiment_06747,2026-06-18T05:44:50Z,6.802394763324312,,
experiment_06748,2026-06-18T05:44:57Z,6.802394763324312,,
experiment_06749,2026-06-18T05:45:04Z,6.472346294500902,,
experiment_06750,2026-06-18T05:45:12Z,6.324233506483372,,
experiment_06751,2026-06-18T05:45:20Z,6.22892332667905,,
experiment_06752,2026-06-18T05:45:27Z,6.22892332667905,,
experiment_06753,2026-06-18T05:45:35Z,6.22892332667905,,
experiment_06754,2026-06-18T05:45:43Z,6.160785291724682,,
experiment_06755,2026-06-18T05:45:50Z,6.0867747269123065,,
experiment_06756,2026-06-18T05:45:57Z,6.06547511192036,,
experiment_06757,2026-06-18T05:46:29Z,1.0299285839791068,,
experiment_06758,2026-06-18T05:46:39Z,0.6418538861723952,,
experiment_06759,2026-06-18T05:46:44Z,0.6418538861723952,,
experiment_06760,2026-06-18T05:46:48Z,0.6325225587435099,,
experiment_06761,2026-06-18T05:46:56Z,0.6044071104940638,,
experiment_06762,2026-06-18T05:47:04Z,0.5507942283159863,,
experiment_06763,2026-06-18T05:47:12Z,0.5434035982110998,,
experiment_06764,2026-06-18T05:47:20Z,0.5108256237659923,,
experiment_06765,2026-06-18T05:47:31Z,0.4956808950473839,,
experiment_06766,2026-06-18T05:47:43Z,0.4555464280412167,,
experiment_06767,2026-06-18T05:47:56Z,0.39291162986517136,,
experiment_06768,2026-06-18T05:48:16Z,0.3533108602596666,,
experiment_06769,2026-06-18T05:48:29Z,0.23061457636798544,,
experiment_06770,2026-06-18T05:48:42Z,0.16918960908871128,,
experiment_06771,2026-06-18T05:50:57Z,0.11971231183534492,,
experiment_06772,2026-06-18T05:51:52Z,1.0299285839791068,,
experiment_06773,2026-06-18T05:51:55Z,0.6418538861723952,,
experiment_06774,2026-06-18T05:51:58Z,0.6418538861723952,,
experiment_06775,2026-06-18T05:52:02Z,0.6325225587435099,,
experiment_06776,2026-06-18T05:52:07Z,0.6044071104940638,,
experiment_06777,2026-06-18T05:52:11Z,0.5507942283159863,,
experiment_06778,2026-06-18T05:52:16Z,0.5434035982110998,,
experiment_06779,2026-06-18T05:52:22Z,0.5108256237659923,,
experiment_06780,2026-06-18T05:52:29Z,0.4956808950473839,,
experiment_06781,2026-06-18T05:52:36Z,0.4555464280412167,,
experiment_06782,2026-06-18T05:52:44Z,0.39291162986517136,,
experiment_06783,2026-06-18T05:52:53Z,0.3533108602596666,,
experiment_06784,2026-06-18T05:53:02Z,15.786863540721816,,
experiment_06785,2026-06-18T05:53:12Z,0.105360515657825,,
experiment_06786,2026-06-18T05:53:24Z,6.058284118517282,,
experiment_06787,2026-06-18T05:55:59Z,0.10470165682289156,,
experiment_06788,2026-06-18T05:56:04Z,0.08187533396930569,,
experiment_06789,2026-06-18T05:56:07Z,0.0778083170531012,,
experiment_06790,2026-06-18T05:56:12Z,0.07357649486824336,,
experiment_06791,2026-06-18T05:56:18Z,0.0591663829083231,,
experiment_06792,2026-06-18T05:56:24Z,0.051847860406866175,,
experiment_06793,2026-06-18T05:56:30Z,0.05095007552712971,,
experiment_06794,2026-06-18T05:56:37Z,0.046646136257921356,,
experiment_06795,2026-06-18T05:56:47Z,0.04265817505451608,,
experiment_06796,2026-06-18T05:56:55Z,0.0410731561440798,,
experiment_06797,2026-06-18T05:57:07Z,0.04035061630747805,,
experiment_06798,2026-06-18T05:57:19Z,0.03603993648319914,,
experiment_06799,2026-06-18T05:57:29Z,0.03515547631367788,,
experiment_06800,2026-06-18T05:57:36Z,0.034043094473016566,,
experiment_06801,2026-06-18T05:57:42Z,0.03234887383581153,,
experiment_06802,2026-06-18T05:57:48Z,0.027398974188116654,,
experiment_06803,2026-06-18T05:57:54Z,0.027157345911726694,,
experiment_06804,2026-06-18T05:58:01Z,0.024155763879335268,,
experiment_06805,2026-06-18T05:58:10Z,0.023393388184063113,,
experiment_06806,2026-06-18T05:58:21Z,0.022954473289873434,,
experiment_06807,2026-06-18T05:58:31Z,0.02132833840529358,,
experiment_06808,2026-06-18T05:58:43Z,0.018722049395861973,,
experiment_06809,2026-06-18T05:58:53Z,0.015298232450291493,,
experiment_06810,2026-06-18T05:59:07Z,0.013734390276827213,,
experiment_06811,2026-06-18T05:59:19Z,0.013189323351079807,,
experiment_06812,2026-06-18T05:59:34Z,0.010211723355187274,,
experiment_06813,2026-06-18T05:59:48Z,0.00912146839124972,,
experiment_06814,2026-06-18T06:00:01Z,0.007114815214110948,,
experiment_06815,2026-06-18T06:00:14Z,0.006589104344218555,,
experiment_06816,2026-06-18T06:00:26Z,0.0058511842674384695,,
experiment_06817,2026-06-18T06:00:38Z,0.0022028866712027195,,
experiment_06818,2026-06-18T06:01:13Z,0.6044071104940638,,
experiment_06819,2026-06-18T06:01:24Z,0.1211539813243192,,
experiment_06820,2026-06-18T06:01:35Z,0.10690213014598982,,
experiment_06821,2026-06-18T06:01:41Z,0.0778083170531012,,
experiment_06822,2026-06-18T06:01:47Z,0.07357649486824336,,
experiment_06823,2026-06-18T06:01:52Z,0.0591663829083231,,
experiment_06824,2026-06-18T06:01:58Z,0.0410731561440798,,
experiment_06825,2026-06-18T06:02:04Z,0.04035061630747805,,
experiment_06826,2026-06-18T06:02:10Z,0.03603993648319914,,
experiment_06827,2026-06-18T06:02:18Z,0.03565653212030284,,
experiment_06828,2026-06-18T06:02:27Z,0.034043094473016566,,
experiment_06829,2026-06-18T06:02:36Z,0.03234887383581153,,
experiment_06830,2026-06-18T06:02:46Z,0.027398974188116654,,
experiment_06831,2026-06-18T06:02:58Z,0.027157345911726694,,
experiment_06832,2026-06-18T06:03:12Z,13.908455633203337,,
experiment_06833,2026-06-18T06:03:24Z,0.015298232450291493,,
experiment_06834,2026-06-18T06:03:38Z,0.013734390276827213,,
experiment_06835,2026-06-18T06:03:53Z,15.379936929663012,,
experiment_06836,2026-06-18T06:04:11Z,13.43220763358893,,
experiment_06837,2026-06-18T06:04:27Z,0.007114815214110948,,
experiment_06838,2026-06-18T06:04:39Z,0.006589104344218555,,
experiment_06839,2026-06-18T06:04:51Z,0.006295854018546265,,
experiment_06840,2026-06-18T06:05:01Z,0.002667207077266198,,
experiment_06841,2026-06-18T06:05:18Z,0.1211539813243192,,
experiment_06842,2026-06-18T06:05:30Z,0.10470165682289156,,
experiment_06843,2026-06-18T06:05:39Z,0.08187533396930569,,
experiment_06844,2026-06-18T06:05:50Z,0.0778083170531012,,
experiment_06845,2026-06-18T06:05:58Z,0.05111515552929902,,
experiment_06846,2026-06-18T06:06:07Z,0.04265817505451608,,
experiment_06847,2026-06-18T06:06:15Z,0.04035061630747805,,
experiment_06848,2026-06-18T06:06:22Z,0.03603993648319914,,
experiment_06849,2026-06-18T06:06:29Z,0.03515547631367788,,
experiment_06850,2026-06-18T06:06:39Z,0.034043094473016566,,
experiment_06851,2026-06-18T06:06:49Z,0.03234887383581153,,
experiment_06852,2026-06-18T06:06:58Z,0.027398974188116654,,
experiment_06853,2026-06-18T06:07:06Z,0.027157345911726694,,
experiment_06854,2026-06-18T06:07:18Z,0.018722049395861973,,
experiment_06855,2026-06-18T06:07:29Z,0.015298232450291493,,
experiment_06856,2026-06-18T06:07:40Z,0.013734390276827213,,
experiment_06857,2026-06-18T06:07:53Z,0.013189323351079807,,
experiment_06858,2026-06-18T06:08:04Z,0.01117746361348182,,
experiment_06859,2026-06-18T06:08:17Z,0.010211723355187274,,
experiment_06860,2026-06-18T06:08:30Z,0.00912146839124972,,
experiment_06861,2026-06-18T06:08:41Z,0.008944299651201248,,
experiment_06862,2026-06-18T06:08:51Z,0.007114815214110948,,
experiment_06863,2026-06-18T06:08:59Z,0.006589104344218555,,
experiment_06864,2026-06-18T06:09:05Z,0.006295854018546265,,
experiment_06865,2026-06-18T06:09:11Z,0.002667207077266198,,
experiment_06866,2026-06-18T06:14:26Z,-4.174787656941792,,
experiment_06867,2026-06-18T06:16:28Z,0.1211539813243192,,
experiment_06868,2026-06-18T06:16:33Z,0.10470165682289156,,
experiment_06869,2026-06-18T06:16:40Z,0.05111515552929902,,
experiment_06870,2026-06-18T06:16:43Z,14.30887360381121,,
experiment_06871,2026-06-18T06:16:46Z,0.034043094473016566,,
experiment_06872,2026-06-18T06:16:49Z,0.03234887383581153,,
experiment_06873,2026-06-18T06:16:52Z,0.018722049395861973,,
experiment_06874,2026-06-18T06:19:43Z,0.024155763879335268,,
experiment_06875,2026-06-18T06:22:29Z,1.0299285839791068,,
experiment_06876,2026-06-18T06:22:34Z,0.6418538861723952,,
experiment_06877,2026-06-18T06:22:36Z,0.6418538861723952,,
experiment_06878,2026-06-18T06:22:39Z,0.6325225587435099,,
experiment_06879,2026-06-18T06:22:43Z,0.6044071104940638,,
experiment_06880,2026-06-18T06:22:46Z,0.5507942283159863,,
experiment_06881,2026-06-18T06:22:50Z,0.5434035982110998,,
experiment_06882,2026-06-18T06:22:54Z,0.5108256237659923,,
experiment_06883,2026-06-18T06:23:01Z,0.4956808950473839,,
experiment_06884,2026-06-18T06:23:07Z,0.4555464280412167,,
experiment_06885,2026-06-18T06:23:15Z,0.39291162986517136,,
experiment_06886,2026-06-18T06:23:23Z,0.3533108602596666,,
experiment_06887,2026-06-18T06:23:31Z,0.23061457636798544,,
experiment_06888,2026-06-18T06:23:38Z,0.1211539813243192,,
experiment_06889,2026-06-18T06:23:47Z,0.11971231183534492,,
experiment_06890,2026-06-18T06:23:55Z,0.10690213014598982,,
experiment_06891,2026-06-18T06:24:02Z,0.105360515657825,,
experiment_06892,2026-06-18T06:24:10Z,0.10470165682289156,,
experiment_06893,2026-06-18T06:24:16Z,0.08187533396930569,,
experiment_06894,2026-06-18T06:24:22Z,0.0778083170531012,,
experiment_06895,2026-06-18T06:24:30Z,0.0778083170531012,,
experiment_06896,2026-06-18T06:24:38Z,0.07357649486824336,,
experiment_06897,2026-06-18T06:24:47Z,0.0591663829083231,,
experiment_06898,2026-06-18T06:24:55Z,0.051847860406866175,,
experiment_06899,2026-06-18T06:24:59Z,0.05111515552929902,,
experiment_06900,2026-06-18T06:25:08Z,0.05095007552712971,,
experiment_06901,2026-06-18T06:25:16Z,0.046646136257921356,,
experiment_06902,2026-06-18T06:25:23Z,0.04265817505451608,,
experiment_06903,2026-06-18T06:25:32Z,0.0410731561440798,,
experiment_06904,2026-06-18T06:25:42Z,0.04035061630747805,,
experiment_06905,2026-06-18T06:25:52Z,0.03603993648319914,,
experiment_06906,2026-06-18T06:25:59Z,0.03565653212030284,,
experiment_06907,2026-06-18T06:26:09Z,0.03515547631367788,,
experiment_06908,2026-06-18T06:26:20Z,0.034043094473016566,,
experiment_06909,2026-06-18T06:26:29Z,0.03234887383581153,,
experiment_06910,2026-06-18T06:26:37Z,0.027398974188116654,,
experiment_06911,2026-06-18T06:26:44Z,0.027157345911726694,,
experiment_06912,2026-06-18T06:26:52Z,0.027157345911726694,,
experiment_06913,2026-06-18T06:26:59Z,0.024155763879335268,,
experiment_06914,2026-06-18T06:27:07Z,0.023393388184063113,,
experiment_06915,2026-06-18T06:27:15Z,0.022954473289873434,,
experiment_06916,2026-06-18T06:27:25Z,0.02132833840529358,,
experiment_06917,2026-06-18T06:27:32Z,0.018722049395861973,,
experiment_06918,2026-06-18T06:27:41Z,0.015298232450291493,,
experiment_06919,2026-06-18T06:27:50Z,0.013734390276827213,,
experiment_06920,2026-06-18T06:27:58Z,0.013189323351079807,,
experiment_06921,2026-06-18T06:28:07Z,0.013189323351079807,,
experiment_06922,2026-06-18T06:28:15Z,0.012949821256189153,,
experiment_06923,2026-06-18T06:28:21Z,0.01117746361348182,,
experiment_06924,2026-06-18T06:28:31Z,0.010211723355187274,,
experiment_06925,2026-06-18T06:28:40Z,0.00912146839124972,,
experiment_06926,2026-06-18T06:28:49Z,0.008944299651201248,,
experiment_06927,2026-06-18T06:28:58Z,0.007114815214110948,,
experiment_06928,2026-06-18T06:29:07Z,0.006589104344218555,,
experiment_06929,2026-06-18T06:29:17Z,0.006295854018546265,,
experiment_06930,2026-06-18T06:29:29Z,0.0058511842674384695,,
experiment_06931,2026-06-18T06:29:36Z,0.002667207077266198,,
experiment_06932,2026-06-18T06:29:43Z,0.0022028866712027195,,
experiment_06933,2026-06-18T06:41:00Z,10.20081050202459,,
experiment_06934,2026-06-18T06:41:04Z,10.388379794275615,,
experiment_06935,2026-06-18T06:41:11Z,11.193738965442488,,
experiment_06936,2026-06-18T06:41:18Z,11.233912374742173,,
experiment_06937,2026-06-18T06:41:28Z,11.846959016128078,,
experiment_06938,2026-06-18T06:41:38Z,11.081296036841385,,
experiment_06939,2026-06-18T06:41:43Z,11.001149389668242,,
experiment_06940,2026-06-18T06:41:57Z,10.491635263364433,,
experiment_06941,2026-06-18T06:42:19Z,10.65204578785962,,
experiment_06942,2026-06-18T06:42:28Z,10.957956364441785,,
experiment_06943,2026-06-18T06:42:46Z,10.470164069042124,,
experiment_06944,2026-06-18T06:43:06Z,10.827448790714502,,
experiment_06945,2026-06-18T06:43:28Z,10.05560760059696,,
experiment_06946,2026-06-18T06:43:44Z,10.69758805131066,,
experiment_06947,2026-06-18T06:43:53Z,10.415352635876781,,
experiment_06948,2026-06-18T06:44:00Z,10.941801207914436,,
experiment_06949,2026-06-18T06:44:07Z,25.0,,
experiment_06950,2026-06-18T06:44:14Z,11.732052962726128,,
experiment_06951,2026-06-18T06:44:33Z,11.30183399468016,,
experiment_06952,2026-06-18T06:44:52Z,10.733784571243307,,
experiment_06953,2026-06-18T06:45:12Z,10.40707705863749,,
experiment_06954,2026-06-18T06:45:57Z,8.99949587624899,,
experiment_06955,2026-06-18T06:46:11Z,5.075173815233825,,
experiment_06956,2026-06-18T06:46:21Z,0.01104983618658295,,
experiment_06957,2026-06-18T06:47:54Z,0.024155763879335268,,
experiment_06958,2026-06-18T06:48:04Z,1.0299285839791068,,
experiment_06959,2026-06-18T06:48:09Z,0.6418538861723952,,
experiment_06960,2026-06-18T06:48:11Z,0.6418538861723952,,
experiment_06961,2026-06-18T06:48:14Z,0.6325225587435099,,
experiment_06962,2026-06-18T06:48:17Z,0.6044071104940638,,
experiment_06963,2026-06-18T06:48:20Z,0.5507942283159863,,
experiment_06964,2026-06-18T06:48:24Z,0.5434035982110998,,
experiment_06965,2026-06-18T06:48:29Z,0.5108256237659923,,
experiment_06966,2026-06-18T06:48:33Z,0.4956808950473839,,
experiment_06967,2026-06-18T06:48:40Z,0.4555464280412167,,
experiment_06968,2026-06-18T06:48:44Z,0.39291162986517136,,
experiment_06969,2026-06-18T06:48:50Z,0.3533108602596666,,
experiment_06970,2026-06-18T06:48:56Z,0.23061457636798544,,
experiment_06971,2026-06-18T06:49:02Z,0.1211539813243192,,
experiment_06972,2026-06-18T06:49:08Z,0.11971231183534492,,
experiment_06973,2026-06-18T06:49:15Z,0.10690213014598982,,
experiment_06974,2026-06-18T06:49:22Z,0.105360515657825,,
experiment_06975,2026-06-18T06:49:31Z,0.10470165682289156,,
experiment_06976,2026-06-18T06:49:39Z,0.08187533396930569,,
experiment_06977,2026-06-18T06:49:45Z,0.0778083170531012,,
experiment_06978,2026-06-18T06:49:51Z,0.0778083170531012,,
experiment_06979,2026-06-18T06:49:59Z,0.07357649486824336,,
experiment_06980,2026-06-18T06:50:06Z,0.0591663829083231,,
experiment_06981,2026-06-18T06:50:14Z,0.051847860406866175,,
experiment_06982,2026-06-18T06:50:21Z,0.05111515552929902,,
experiment_06983,2026-06-18T06:50:27Z,0.05095007552712971,,
experiment_06984,2026-06-18T06:50:36Z,0.046646136257921356,,
experiment_06985,2026-06-18T06:50:46Z,0.04265817505451608,,
experiment_06986,2026-06-18T06:50:53Z,0.0410731561440798,,
experiment_06987,2026-06-18T06:51:00Z,0.04035061630747805,,
experiment_06988,2026-06-18T06:51:07Z,0.03603993648319914,,
experiment_06989,2026-06-18T06:51:16Z,0.03565653212030284,,
experiment_06990,2026-06-18T06:51:23Z,0.03515547631367788,,
experiment_06991,2026-06-18T06:51:31Z,0.034043094473016566,,
experiment_06992,2026-06-18T06:51:36Z,0.03234887383581153,,
experiment_06993,2026-06-18T06:51:40Z,0.027398974188116654,,
experiment_06994,2026-06-18T06:51:47Z,0.027157345911726694,,
experiment_06995,2026-06-18T06:51:56Z,0.027157345911726694,,
experiment_06996,2026-06-18T06:59:39Z,0.0,passed,
experiment_06997,2026-06-18T07:00:37Z,0.17366208342558664,,
experiment_06998,2026-06-18T07:07:03Z,0.6044071104940638,,
experiment_06999,2026-06-18T07:07:07Z,0.5108256237659923,,
experiment_07000,2026-06-18T07:07:10Z,0.4259906767781292,,
experiment_07001,2026-06-18T07:09:50Z,0.105360515657825,,
experiment_07002,2026-06-18T07:09:54Z,0.04265817505451608,,
experiment_07003,2026-06-18T07:09:59Z,0.012949821256189153,,
experiment_07004,2026-06-18T07:10:04Z,0.0022028866712027195,,
experiment_07005,2026-06-18T07:11:52Z,0.17575636075681267,,
experiment_07006,2026-06-18T07:31:48Z,1.0299285839791068,,
experiment_07007,2026-06-18T07:31:52Z,0.6418538861723952,,
experiment_07008,2026-06-18T07:31:54Z,0.6418538861723952,,
experiment_07009,2026-06-18T07:31:57Z,0.6325225587435099,,
experiment_07010,2026-06-18T07:31:59Z,0.6044071104940638,,
experiment_07011,2026-06-18T07:32:02Z,0.5507942283159863,,
experiment_07012,2026-06-18T07:32:04Z,0.5434035982110998,,
experiment_07013,2026-06-18T07:32:07Z,0.4555464280412167,,
experiment_07014,2026-06-18T07:32:11Z,0.39291162986517136,,
experiment_07015,2026-06-18T07:32:15Z,14.802798602780372,,
experiment_07016,2026-06-18T07:32:19Z,0.1211539813243192,,
experiment_07017,2026-06-18T07:32:24Z,0.11971231183534492,,
experiment_07018,2026-06-18T07:32:29Z,0.105360515657825,,
experiment_07019,2026-06-18T07:36:39Z,1.0299285839791068,,
experiment_07020,2026-06-18T07:36:45Z,0.6418538861723952,,
experiment_07021,2026-06-18T07:36:50Z,0.6418538861723952,,
experiment_07022,2026-06-18T07:36:53Z,0.6325225587435099,,
experiment_07023,2026-06-18T07:36:56Z,0.6044071104940638,,
experiment_07024,2026-06-18T07:37:01Z,0.5507942283159863,,
experiment_07025,2026-06-18T07:37:07Z,0.5434035982110998,,
experiment_07026,2026-06-18T07:37:13Z,0.5108256237659923,,
experiment_07027,2026-06-18T07:37:21Z,0.4956808950473839,,
experiment_07028,2026-06-18T07:37:27Z,0.4555464280412167,,
experiment_07029,2026-06-18T07:37:32Z,14.246211956629562,,
experiment_07030,2026-06-18T07:37:34Z,0.39291162986517136,,
experiment_07031,2026-06-18T07:37:41Z,14.204186593043548,,
experiment_07032,2026-06-18T07:37:42Z,0.23061457636798544,,
experiment_07033,2026-06-18T07:37:48Z,13.62092597886522,,
experiment_07034,2026-06-18T07:37:48Z,0.10690213014598982,,
experiment_07035,2026-06-18T07:37:55Z,0.105360515657825,,
experiment_07036,2026-06-18T07:37:55Z,0.5789555142963163,,
experiment_07037,2026-06-18T07:39:40Z,0.6044071104940638,,
experiment_07038,2026-06-18T07:39:45Z,0.1211539813243192,,
experiment_07039,2026-06-18T07:39:47Z,0.10690213014598982,,
experiment_07040,2026-06-18T07:43:42Z,,failed,False
experiment_07041,2026-06-18T07:51:11Z,1.0299285839791068,,
experiment_07042,2026-06-18T07:51:11Z,13.369575984279827,,
experiment_07043,2026-06-18T07:51:15Z,18.315388272332072,,
experiment_07044,2026-06-18T07:51:15Z,0.08187533396930569,,
experiment_07045,2026-06-18T07:51:18Z,0.6418538861723952,,
experiment_07046,2026-06-18T07:51:18Z,0.05111515552929902,,
experiment_07047,2026-06-18T07:51:20Z,0.6325225587435099,,
experiment_07048,2026-06-18T07:51:20Z,0.04265817505451608,,
experiment_07049,2026-06-18T07:51:23Z,0.6044071104940638,,
experiment_07050,2026-06-18T07:51:24Z,13.904698260461867,,
experiment_07051,2026-06-18T07:51:28Z,0.5507942283159863,,
experiment_07052,2026-06-18T07:51:28Z,0.00912146839124972,,
experiment_07053,2026-06-18T07:51:33Z,0.5434035982110998,,
experiment_07054,2026-06-18T07:51:33Z,0.006589104344218555,,
experiment_07055,2026-06-18T07:51:38Z,0.5108256237659923,,
experiment_07056,2026-06-18T07:51:43Z,0.4956808950473839,,
experiment_07057,2026-06-18T07:51:48Z,0.4555464280412167,,
experiment_07058,2026-06-18T07:51:56Z,0.39291162986517136,,
experiment_07059,2026-06-18T07:52:04Z,0.23061457636798544,,
experiment_07060,2026-06-18T07:52:12Z,0.11971231183534492,,
experiment_07061,2026-06-18T07:52:20Z,0.10690213014598982,,
experiment_07062,2026-06-18T07:52:28Z,0.105360515657825,,
experiment_07063,2026-06-18T07:56:14Z,0.08187533396930569,,
experiment_07064,2026-06-18T07:56:18Z,0.05111515552929902,,
experiment_07065,2026-06-18T07:56:20Z,0.04265817505451608,,
experiment_07066,2026-06-18T07:56:22Z,0.034043094473016566,,
experiment_07067,2026-06-18T07:56:23Z,0.018722049395861973,,
experiment_07068,2026-06-18T07:56:25Z,0.01117746361348182,,
experiment_07069,2026-06-18T07:56:28Z,0.010211723355187274,,
experiment_07070,2026-06-18T07:56:30Z,0.00912146839124972,,
experiment_07071,2026-06-18T07:56:34Z,0.007114815214110948,,
experiment_07072,2026-06-18T07:56:37Z,0.006589104344218555,,
experiment_07073,2026-06-18T07:56:40Z,0.006295854018546265,,
experiment_07074,2026-06-18T07:56:44Z,0.002667207077266198,,
experiment_07075,2026-06-18T08:03:05Z,0.027157345911726694,,
experiment_07076,2026-06-18T08:06:20Z,-1.3243868991548062,,
experiment_07077,2026-06-18T08:08:11Z,-4.174787656941792,,
experiment_07078,2026-06-18T08:10:04Z,-2.7420181447862237,,
experiment_07079,2026-06-18T08:12:08Z,0.024155763879335268,,
experiment_07080,2026-06-18T08:15:25Z,,failed,False
experiment_07081,2026-06-18T09:28:17Z,,failed,False
experiment_07082,2026-06-18T09:35:06Z,5.96919130278185,passed,True
experiment_07083,2026-06-18T09:35:06Z,5.323541988372449,passed,True
experiment_07084,2026-06-18T09:35:06Z,4.1325585075740285,passed,True
experiment_07085,2026-06-18T09:35:06Z,2.112964233718479,passed,True
experiment_07086,2026-06-18T09:35:06Z,1.4851048411841532,passed,True
experiment_07087,2026-06-18T09:35:06Z,0.6044071104940638,passed,True
experiment_07088,2026-06-18T09:35:06Z,0.5886931990479134,passed,True
experiment_07089,2026-06-18T09:35:06Z,0.5789555142963163,passed,True
experiment_07090,2026-06-18T09:35:06Z,0.5789555142963163,passed,True
experiment_07091,2026-06-18T09:35:06Z,0.5789555142963163,passed,True
experiment_07092,2026-06-18T09:42:43Z,-0.7079217311179384,passed,True
experiment_07093,2026-06-18T09:42:44Z,-3.281902214299677,passed,True
experiment_07094,2026-06-18T09:42:47Z,-2.188640833644829,passed,True
experiment_07095,2026-06-18T09:45:19Z,,failed,False
experiment_07096,2026-06-18T09:55:41Z,0.09946079353063553,passed,
experiment_07097,2026-06-18T09:57:29Z,-1.3243868991548062,,
experiment_07098,2026-06-18T09:59:19Z,0.15706388555477346,,
experiment_07099,2026-06-18T10:01:06Z,-0.46514423464694765,failed,
experiment_07100,2026-06-18T10:09:19Z,0.08187533396930569,,
experiment_07101,2026-06-18T10:09:23Z,0.0778083170531012,,
experiment_07102,2026-06-18T10:09:27Z,0.05111515552929902,,
experiment_07103,2026-06-18T10:09:30Z,0.04265817505451608,,
experiment_07104,2026-06-18T10:09:34Z,0.03603993648319914,,
experiment_07105,2026-06-18T10:09:37Z,0.03515547631367788,,
experiment_07106,2026-06-18T10:09:39Z,0.027398974188116654,,
experiment_07107,2026-06-18T10:09:42Z,0.027157345911726694,,
experiment_07108,2026-06-18T10:09:44Z,0.018722049395861973,,
experiment_07109,2026-06-18T10:09:46Z,0.015298232450291493,,
experiment_07110,2026-06-18T10:09:48Z,0.01117746361348182,,
experiment_07111,2026-06-18T10:09:49Z,0.00912146839124972,,
experiment_07112,2026-06-18T10:09:51Z,0.007114815214110948,,
experiment_07113,2026-06-18T10:09:53Z,0.006589104344218555,,
experiment_07114,2026-06-18T10:09:55Z,0.006295854018546265,,
experiment_07115,2026-06-18T10:09:56Z,0.002667207077266198,,
experiment_07116,2026-06-18T10:11:53Z,0.6044071104940638,passed,True
experiment_07117,2026-06-18T10:11:53Z,0.5789555142963163,passed,True
experiment_07118,2026-06-18T10:11:53Z,0.5789555142963163,passed,True
experiment_07119,2026-06-18T10:11:53Z,0.5789555142963163,passed,True
experiment_07120,2026-06-18T10:19:38Z,,failed,False
experiment_07121,2026-06-18T10:22:47Z,,failed,False
experiment_07122,2026-06-18T10:25:52Z,,failed,False
experiment_07123,2026-06-18T10:37:11Z,0.12951627953716027,,
experiment_07124,2026-06-18T10:44:30Z,,,
experiment_07125,2026-06-18T10:59:23Z,,,
experiment_07126,2026-06-18T11:32:04Z,,,
experiment_07127,2026-06-18T11:40:28Z,,,
experiment_07128,2026-06-18T11:46:25Z,0.007114815214110948,,
experiment_07129,2026-06-18T11:46:29Z,0.05111515552929902,,
experiment_07130,2026-06-18T11:49:26Z,,failed,False
experiment_07131,2026-06-18T11:49:33Z,,,
experiment_07132,2026-06-18T12:07:20.870432+00:00,,,
experiment_07133,2026-06-18T12:13:15Z,,,
experiment_07134,2026-06-18T12:26:02Z,,failed,False
experiment_07135,2026-06-18T12:29:52Z,,failed,False
experiment_07136,2026-06-18T12:34:00Z,,no_submit_candidate,
experiment_07137,2026-06-18T12:34:19Z,,failed,False
experiment_07138,,,,
experiment_07139,2026-06-18T12:46:59Z,0.08187533396930569,,
experiment_07140,2026-06-18T12:47:03Z,0.0778083170531012,,
experiment_07141,2026-06-18T12:47:10Z,0.05111515552929902,,
experiment_07142,2026-06-18T12:47:14Z,0.04265817505451608,,
experiment_07143,2026-06-18T12:47:16Z,0.03603993648319914,,
experiment_07144,2026-06-18T12:47:18Z,0.027398974188116654,,
experiment_07145,2026-06-18T12:47:20Z,0.027157345911726694,,
experiment_07146,2026-06-18T12:47:22Z,0.018722049395861973,,
experiment_07147,2026-06-18T12:47:24Z,0.015298232450291493,,
experiment_07148,2026-06-18T12:47:26Z,0.01117746361348182,,
experiment_07149,2026-06-18T12:47:28Z,0.00912146839124972,,
experiment_07150,2026-06-18T12:47:30Z,14.017728786429949,,
experiment_07151,2026-06-18T12:47:32Z,0.006589104344218555,,
experiment_07152,2026-06-18T12:47:35Z,0.006295854018546265,,
experiment_07153,2026-06-18T12:47:37Z,0.002667207077266198,,
experiment_07154,2026-06-18T12:56:48Z,-4.683441481134537,failed,False
experiment_07155,2026-06-18T13:03:16Z,1.0299285839791068,,
experiment_07156,2026-06-18T13:03:22Z,0.6418538861723952,,
experiment_07157,2026-06-18T13:03:25Z,0.6418538861723952,,
experiment_07158,2026-06-18T13:03:29Z,0.6325225587435099,,
experiment_07159,2026-06-18T13:03:32Z,0.6044071104940638,,
experiment_07160,2026-06-18T13:03:34Z,15.972621389705195,,
experiment_07161,2026-06-18T13:03:37Z,0.5434035982110998,,
experiment_07162,2026-06-18T13:03:40Z,0.5108256237659923,,
experiment_07163,2026-06-18T13:03:44Z,0.4555464280412167,,
experiment_07164,2026-06-18T13:03:47Z,0.39291162986517136,,
experiment_07165,2026-06-18T13:03:51Z,0.23061457636798544,,
experiment_07166,2026-06-18T13:03:56Z,18.29191591614693,,
experiment_07167,2026-06-18T13:10:03Z,,,
experiment_07168,2026-06-18T13:13:54Z,,,
experiment_07169,2026-06-18T13:29:16Z,,,
experiment_07170,2026-06-18T13:32:59Z,,failed,False
experiment_07171,2026-06-18T13:38:14Z,,,
experiment_07172,2026-06-18T13:49:33Z,0.5789555142963163,,
experiment_07173,2026-06-18T13:49:42Z,0.1211539813243192,,
experiment_07174,2026-06-18T13:49:47Z,0.10690213014598982,,
experiment_07175,2026-06-18T13:49:52Z,0.08187533396930569,,
experiment_07176,2026-06-18T13:49:57Z,0.05111515552929902,,
experiment_07177,2026-06-18T14:02:10Z,0.6044071104940638,,
experiment_07178,2026-06-18T14:02:16Z,0.1211539813243192,,
experiment_07179,2026-06-18T14:02:21Z,0.10690213014598982,,
experiment_07180,2026-06-18T14:02:27Z,0.08187533396930569,,
experiment_07181,2026-06-18T14:02:33Z,0.0778083170531012,,
experiment_07182,2026-06-18T14:02:40Z,0.07357649486824336,,
experiment_07183,2026-06-18T14:02:47Z,0.0591663829083231,,
experiment_07184,2026-06-18T14:02:52Z,0.05111515552929902,,
experiment_07185,2026-06-18T14:04:07Z,0.0022028866712027195,,
experiment_07186,2026-06-18T14:04:18Z,14.914024237890597,,
experiment_07187,2026-06-18T14:04:24Z,15.280495383584492,,
experiment_07188,2026-06-18T14:04:32Z,0.6418538861723952,,
experiment_07189,2026-06-18T14:04:36Z,0.6418538861723952,,
experiment_07190,2026-06-18T14:04:42Z,0.6325225587435099,,
experiment_07191,2026-06-18T14:04:49Z,0.6044071104940638,,
experiment_07192,2026-06-18T14:04:55Z,0.5507942283159863,,
experiment_07193,2026-06-18T14:05:00Z,0.5434035982110998,,
experiment_07194,2026-06-18T14:05:05Z,0.5108256237659923,,
experiment_07195,2026-06-18T14:05:10Z,0.4956808950473839,,
experiment_07196,2026-06-18T14:05:14Z,0.4555464280412167,,
experiment_07197,2026-06-18T14:05:20Z,0.39291162986517136,,
experiment_07198,2026-06-18T14:05:25Z,0.23061457636798544,,
experiment_07199,2026-06-18T14:05:31Z,0.10690213014598982,,
experiment_07200,2026-06-18T14:05:36Z,0.105360515657825,,
experiment_07201,2026-06-18T14:05:41Z,0.08187533396930569,,
experiment_07202,2026-06-18T14:05:46Z,0.0591663829083231,,
experiment_07203,2026-06-18T14:05:51Z,0.05111515552929902,,
experiment_07204,2026-06-18T14:05:57Z,13.857211110084641,,
experiment_07205,2026-06-18T14:09:32Z,0.0022028866712027195,,
experiment_07206,2026-06-18T14:09:41Z,12.139926489830705,,
experiment_07207,2026-06-18T14:09:46Z,0.6418538861723952,,
experiment_07208,2026-06-18T14:09:50Z,0.6418538861723952,,
experiment_07209,2026-06-18T14:09:55Z,0.6325225587435099,,
experiment_07210,2026-06-18T14:10:01Z,0.6044071104940638,,
experiment_07211,2026-06-18T14:10:06Z,0.5507942283159863,,
experiment_07212,2026-06-18T14:10:12Z,0.5469306284081057,,
experiment_07213,2026-06-18T14:10:18Z,0.5434035982110998,,
experiment_07214,2026-06-18T14:10:26Z,0.5108256237659923,,
experiment_07215,2026-06-18T14:10:32Z,0.4956808950473839,,
experiment_07216,2026-06-18T14:10:38Z,0.4555464280412167,,
experiment_07217,2026-06-18T14:10:47Z,0.39291162986517136,,
experiment_07218,2026-06-18T14:10:57Z,0.10690213014598982,,
experiment_07219,2026-06-18T14:11:02Z,0.105360515657825,,
experiment_07220,2026-06-18T14:11:08Z,0.08187533396930569,,
experiment_07221,2026-06-18T14:11:16Z,0.0778083170531012,,
experiment_07222,2026-06-18T14:11:22Z,0.05111515552929902,,
experiment_07223,2026-06-18T14:11:27Z,0.05095007552712971,,
experiment_07224,2026-06-18T14:24:19Z,-2.2775873101490074,,
experiment_07225,2026-06-18T14:35:11Z,,passed,True
experiment_07226,2026-06-18T14:43:41Z,0.5469306284081057,,
experiment_07227,2026-06-18T14:43:45Z,0.08187533396930569,,
experiment_07228,2026-06-18T14:43:47Z,0.05111515552929902,,
experiment_07229,2026-06-18T14:43:49Z,0.04265817505451608,,
experiment_07230,2026-06-18T14:43:51Z,0.018722049395861973,,
experiment_07231,2026-06-18T14:43:54Z,0.01117746361348182,,
experiment_07232,2026-06-18T14:48:15Z,0.5789555142963163,,
experiment_07233,2026-06-18T14:48:23Z,0.08187533396930569,,
experiment_07234,2026-06-18T14:48:29Z,0.0778083170531012,,
experiment_07235,2026-06-18T14:48:36Z,0.05111515552929902,,
experiment_07236,2026-06-18T14:52:43Z,,failed,False
experiment_07237,2026-06-18T14:56:28Z,14.714554821157748,,
experiment_07238,2026-06-18T14:56:33Z,0.6044071104940638,,
experiment_07239,2026-06-18T14:56:37Z,0.1211539813243192,,
experiment_07240,2026-06-18T14:56:39Z,0.10690213014598982,,
experiment_07241,2026-06-18T14:56:41Z,0.08187533396930569,,
experiment_07242,2026-06-18T14:56:43Z,0.0778083170531012,,
experiment_07243,2026-06-18T14:56:46Z,0.07357649486824336,,
experiment_07244,2026-06-18T14:56:48Z,0.0591663829083231,,
experiment_07245,2026-06-18T14:56:50Z,0.05111515552929902,,
experiment_07246,2026-06-18T15:01:23Z,13.904698260461867,,
experiment_07247,2026-06-18T15:06:03Z,0.6044071104940638,,
experiment_07248,2026-06-18T15:06:05Z,20.087345114263947,,
experiment_07249,2026-06-18T15:06:08Z,0.5322277214777262,,
experiment_07250,2026-06-18T15:06:10Z,0.1211539813243192,,
experiment_07251,2026-06-18T15:06:12Z,0.10690213014598982,,
experiment_07252,2026-06-18T15:06:14Z,0.08187533396930569,,
experiment_07253,2026-06-18T15:06:16Z,0.0778083170531012,,
experiment_07254,2026-06-18T15:06:18Z,0.07357649486824336,,
experiment_07255,2026-06-18T15:06:21Z,0.0591663829083231,,
experiment_07256,2026-06-18T15:06:23Z,0.05111515552929902,,
experiment_07257,2026-06-19T04:53:21Z,0.00012316029327763545,passed,
experiment_07258,2026-06-19T05:05:33Z,16.095641457647034,passed,True
experiment_07259,2026-06-19T05:05:33Z,-3.281902214299677,passed,True
experiment_07260,2026-06-19T05:05:37Z,-2.188640833644829,passed,True
experiment_07261,2026-06-20T00:44:45Z,0.026097892915439704,passed,False
experiment_07262,2026-06-20T00:48:49Z,,public-kaggle-complete,True
experiment_07263,2026-06-20T01:09:35Z,0.4323395263208738,kaggle-complete-public-regression,True
experiment_07264,2026-06-20T01:34:42Z,,public-kaggle-complete,True
experiment_07265,2026-06-20T01:22:33Z,,failed-public-examples,False
experiment_07266,2026-06-20T01:43:09Z,,passed,False
experiment_07267,2026-06-20T02:08:39Z,,no-eligible-candidate,False
experiment_07268,2026-06-21T08:10:02Z,,public-kaggle-complete,True
experiment_07269,2026-06-21T08:15:52Z,,passed-scoped-public-examples-changed-tasks,
experiment_07270,2026-06-21T08:24:36Z,,public-kaggle-complete,True
experiment_07271,2026-06-21T08:32:40Z,,,
experiment_07272,2026-06-22T12:01:26Z,,public-kaggle-complete,True
experiment_07273,2026-06-22T12:05:49Z,,public-kaggle-complete,True
experiment_07274,2026-06-22T12:12:04Z,,public-kaggle-complete,True
experiment_07275,2026-06-22T12:15:28Z,,public-kaggle-complete,True
experiment_07276,2026-06-22T12:10:30Z,,,
experiment_07277,2026-06-23T00:13:12Z,,public-kaggle-complete,True
experiment_07278,2026-06-23T00:16:00Z,,passed,
experiment_07279,2026-06-23T00:24:20Z,,,
experiment_07280,2026-06-23T00:19:16Z,,public-kaggle-complete,True
experiment_07281,2026-06-24T11:26:15Z,,public-kaggle-complete,True
experiment_07282,2026-06-24T11:41:48Z,,,
experiment_07283,2026-06-28T23:12:30Z,,public-kaggle-complete,True
experiment_07284,2026-06-28T23:17:37Z,,public-kaggle-complete,True
experiment_07285,2026-06-28T23:32:57Z,,,False
experiment_07286,2026-06-28T23:32:57Z,3.0978157213054196,,False
experiment_07287,2026-06-28T23:32:57Z,10.42171570981886,,False
experiment_07288,2026-06-28T23:32:57Z,9.416703923250376,,False
experiment_07289,2026-06-28T23:32:57Z,9.109193189971226,,False
experiment_07290,2026-06-28T23:48:41Z,,,False
experiment_07291,2026-06-28T23:48:41Z,,,False
experiment_07292,2026-06-28T23:48:41Z,,,False
experiment_07293,2026-06-28T23:48:41Z,-3.3211631538673796,,False
experiment_07294,2026-06-28T23:48:24Z,-3.3211631538673796,,
experiment_07295,2026-06-28T23:57:38Z,7.90948949267376,,False
experiment_07296,2026-06-28T23:57:38Z,3.216327125145188,,False
experiment_07297,2026-06-28T23:57:38Z,3.0119634684825733,,False
experiment_07298,2026-06-28T23:57:38Z,2.9838437018887376,,False
experiment_07299,2026-06-29T00:12:10Z,,,False
experiment_07300,2026-06-29T00:12:10Z,0.001957905667062221,,False
experiment_07301,2026-06-29T00:12:10Z,0.0014754705738369012,,False
experiment_07302,2026-06-29T00:28:00Z,0.43706162418773786,,False
experiment_07303,2026-06-29T00:28:00Z,9.416703923250376,,False
experiment_07304,2026-06-29T00:28:00Z,9.109193189971226,,False
experiment_07305,2026-06-29T00:28:00Z,8.720460512725655,,False
experiment_07306,2026-06-29T00:40:44Z,,,False
experiment_07307,2026-06-29T00:50:38Z,0.43706162418773786,,False
experiment_07308,2026-06-29T00:58:22Z,,,False
experiment_07309,2026-06-29T00:58:22Z,,,
experiment_07310,2026-06-29T01:06:11Z,,,False
experiment_07311,2026-06-29T01:14:52Z,,,False
experiment_07312,2026-06-29T01:31:10Z,,,
experiment_07313,2026-06-29T01:35:31Z,12.754644143269589,failed,False
experiment_07314,2026-06-29T01:35:39Z,0.0,failed,False
experiment_07315,2026-06-29T01:35:39Z,-17.083192509062396,failed,False
experiment_07316,2026-06-29T01:35:42Z,-17.582419597585456,failed,False
experiment_07317,2026-06-29T01:35:42Z,-20.06552606686931,failed,False
experiment_07318,2026-06-29T01:35:43Z,0.0,failed,False
experiment_07319,2026-06-29T01:35:46Z,0.0,failed,False
experiment_07320,2026-06-29T01:41:49Z,,passed_changed_task_validation_but_confidence_hard_reject,False
experiment_07321,2026-06-29T01:51:13Z,,passed,True
experiment_07322,2026-06-29T01:55:35Z,,failed,False
experiment_07323,2026-06-29T01:54:25Z,,,False
experiment_07324,2026-06-29T02:01:41Z,-2.883265961394393,failed,False
experiment_07325,2026-06-29T02:11:30Z,,passed,False
experiment_07326,,,,
experiment_07327,,,,
experiment_07328,2026-06-29T02:23:05Z,-1.979205632478454,failed,False
experiment_07329,2026-06-29T02:26:42Z,,,False
experiment_07330,2026-06-29T02:33:59Z,,passed,True
experiment_07331,,,,
experiment_07332,2026-06-29T02:43:31Z,,,False
experiment_07333,,0.43706162418773786,,True
experiment_07334,,,,
experiment_07335,2026-06-29T03:20:43Z,,failed,False
experiment_07336,,,,
experiment_07337,,,,
experiment_07338,,,,
experiment_07339,,,,
experiment_07340,,,,
experiment_07341,2026-06-29T04:14:24Z,,failed,False
experiment_07342,,,,
experiment_07343,2026-06-29T04:31:47Z,,passed,True
experiment_07344,,,,
experiment_07345,2026-06-29T04:34:30Z,,,
experiment_07346,2026-06-29T04:35:15Z,,passed,True
experiment_07347,,-4.783567385889887,,False
experiment_07348,,,,
experiment_07349,2026-06-29T04:52:16Z,14.2633424889841,failed,False
experiment_07350,2026-06-29T04:54:10Z,-6.7696916234309334,failed,False
experiment_07351,2026-06-29T04:56:05Z,-5.442961093406099,failed,False
experiment_07352,2026-06-29T04:58:00Z,-4.0581050532761775,failed,False
experiment_07353,2026-06-29T05:04:45Z,,,False
experiment_07354,2026-06-29T22:57:41Z,,,
experiment_07355,2026-06-29T23:05:16Z,,validate_candidate ok; 400 root taskNNN.onnx; no duplicate artifact sha in submission_log,
experiment_07356,2026-06-29T23:11:16Z,,passed,True
experiment_07357,2026-06-29T23:50:03Z,,passed,True
experiment_07358,2026-06-30T00:05:02Z,,passed,True
experiment_07359,2026-06-30T00:13:40Z,14.2633424889841,task_public_passed_pending_full_bundle,pending_gate
experiment_07360,2026-06-30T00:15:18Z,11.79702300100143,task_public_passed_pending_full_bundle,pending_gate
experiment_07361,2026-06-30T00:15:18Z,11.680781196024679,task_public_passed_pending_full_bundle,pending_gate
experiment_07362,2026-06-30T00:15:19Z,11.12934616833863,task_public_passed_pending_full_bundle,pending_gate
experiment_07363,2026-06-30T00:26:41Z,,passed,True
experiment_07364,2026-06-30T00:41:12Z,,,
experiment_07365,2026-06-30T00:52:41Z,,,
experiment_07366,2026-06-30T00:58:40Z,,,False
experiment_07367,2026-06-30T00:59:27Z,9.416703923250376,,
experiment_07368,2026-06-30T00:59:31Z,9.109193189971226,,
experiment_07369,2026-06-30T00:59:35Z,8.720460512725655,,
experiment_07370,2026-06-30T00:59:39Z,8.501063809486354,,
experiment_07371,2026-06-30T00:59:42Z,8.009030685069732,,
experiment_07372,2026-06-30T00:59:45Z,7.948031990637283,,
experiment_07373,2026-06-30T00:59:47Z,7.765993079407675,,
experiment_07374,2026-06-30T00:59:50Z,7.73543335249969,,
experiment_07375,2026-06-30T00:59:53Z,7.712443834274989,,
experiment_07376,2026-06-30T00:59:55Z,7.684324067681153,,
experiment_07377,2026-06-30T00:59:58Z,7.619724213782671,,
experiment_07378,2026-06-30T01:00:02Z,7.264030142899529,,
experiment_07379,2026-06-30T01:00:05Z,7.142827401161622,,
experiment_07380,2026-06-30T01:00:07Z,6.813444599510895,,
experiment_07381,2026-06-30T01:00:09Z,6.813444599510895,,
experiment_07382,2026-06-30T01:00:12Z,6.813444599510895,,
experiment_07383,2026-06-30T01:00:15Z,6.802394763324312,,
experiment_07384,2026-06-30T01:00:18Z,6.802394763324312,,
experiment_07385,2026-06-30T01:00:21Z,6.618738983517218,,
experiment_07386,2026-06-30T01:00:24Z,6.13122648948314,,
experiment_07387,2026-06-30T01:00:26Z,6.102558594613569,,
experiment_07388,2026-06-30T01:00:29Z,6.093569770045136,,
experiment_07389,2026-06-30T01:00:32Z,6.013715156042803,,
experiment_07390,2026-06-30T01:00:34Z,5.910796644040527,,
experiment_07391,2026-06-30T01:00:37Z,5.420534999272284,,
experiment_07392,2026-06-30T01:00:39Z,5.075173815233825,,
experiment_07393,2026-06-30T01:00:42Z,5.003946305945458,,
experiment_07394,2026-06-30T01:00:44Z,4.983606621708336,,
experiment_07395,2026-06-30T01:00:47Z,4.941642422609306,,
experiment_07396,2026-06-30T01:00:50Z,3.828641396489097,,
experiment_07397,2026-06-30T01:00:53Z,3.828641396489097,,
experiment_07398,2026-06-30T01:05:31Z,16.095641457647034,passed,True
experiment_07399,2026-06-30T01:05:32Z,-3.281902214299677,passed,True
experiment_07400,2026-06-30T01:05:35Z,-2.188640833644829,passed,True
experiment_07401,2026-06-30T01:07:47Z,,,
experiment_07402,2026-06-30T02:12:31Z,-6.7696916234309334,failed,False
experiment_07403,2026-06-30T02:15:11Z,-5.442961093406099,failed,False
experiment_07404,2026-06-30T02:17:47Z,-4.7588275164360265,failed,False
experiment_07405,2026-06-30T02:19:48Z,-3.1883886785694937,failed,False
experiment_07406,2026-06-30T02:22:57Z,14.2633424889841,failed,False
experiment_07407,2026-06-30T02:25:13Z,11.79702300100143,failed,False
experiment_07408,2026-06-30T02:26:27Z,16.095641457647034,passed,True
experiment_07409,2026-06-30T02:26:28Z,-3.281902214299677,passed,True
experiment_07410,2026-06-30T02:26:32Z,-2.188640833644829,passed,True
experiment_07411,2026-06-30T02:33:37Z,14.2633424889841,failed,False
experiment_07412,2026-06-30T02:35:33Z,-6.7696916234309334,failed,False
experiment_07413,2026-06-30T02:37:26Z,-5.442961093406099,failed,False
experiment_07414,2026-06-30T02:39:34Z,-4.0581050532761775,failed,False
experiment_07415,2026-06-30T02:41:37Z,-4.7588275164360265,failed,False
experiment_07416,2026-06-30T02:43:35Z,-3.1883886785694937,failed,False
experiment_07417,2026-06-30T02:45:40Z,-4.250571102728882,failed,False
experiment_07418,2026-06-30T02:47:35Z,-2.3303761433090564,failed,False
experiment_07419,2026-06-30T02:49:33Z,11.680781196024679,failed,False
experiment_07420,2026-06-30T02:51:33Z,11.12934616833863,failed,False
experiment_07421,2026-06-30T02:53:31Z,11.79702300100143,failed,False
experiment_07422,2026-06-30T02:55:36Z,-2.883265961394393,failed,False
experiment_07423,2026-06-30T02:57:36Z,-6.713329330152986,failed,False
experiment_07424,2026-06-30T03:05:41Z,9.416703923250376,,
experiment_07425,2026-06-30T03:05:48Z,9.109193189971226,,
experiment_07426,2026-06-30T03:05:53Z,8.720460512725655,,
experiment_07427,2026-06-30T03:05:57Z,8.501063809486354,,
experiment_07428,2026-06-30T03:06:01Z,8.009030685069732,,
experiment_07429,2026-06-30T03:06:05Z,7.948031990637283,,
experiment_07430,2026-06-30T03:06:08Z,7.765993079407675,,
experiment_07431,2026-06-30T03:06:11Z,7.73543335249969,,
experiment_07432,2026-06-30T03:06:14Z,7.712443834274989,,
experiment_07433,2026-06-30T03:06:16Z,7.684324067681153,,
experiment_07434,2026-06-30T03:06:19Z,7.619724213782671,,
experiment_07435,2026-06-30T03:06:22Z,7.264030142899529,,
experiment_07436,2026-06-30T03:06:25Z,7.142827401161622,,
experiment_07437,2026-06-30T03:06:27Z,6.813444599510895,,
experiment_07438,2026-06-30T03:06:30Z,6.813444599510895,,
experiment_07439,2026-06-30T03:06:33Z,6.813444599510895,,
experiment_07440,2026-06-30T03:06:36Z,6.802394763324312,,
experiment_07441,2026-06-30T03:06:38Z,6.618738983517218,,
experiment_07442,2026-06-30T03:06:41Z,6.13122648948314,,
experiment_07443,2026-06-30T03:06:43Z,6.102558594613569,,
experiment_07444,2026-06-30T03:06:47Z,6.093569770045136,,
experiment_07445,2026-06-30T03:06:50Z,6.013715156042803,,
experiment_07446,2026-06-30T03:06:53Z,5.910796644040527,,
experiment_07447,2026-06-30T03:06:56Z,5.420534999272284,,
experiment_07448,2026-06-30T03:06:59Z,5.075173815233825,,
experiment_07449,2026-06-30T03:07:01Z,5.003946305945458,,
experiment_07450,2026-06-30T03:07:04Z,4.983606621708336,,
experiment_07451,2026-06-30T03:07:07Z,4.941642422609306,,
experiment_07452,2026-06-30T03:07:10Z,3.828641396489097,,
experiment_07453,2026-06-30T03:07:13Z,3.6888794541139376,,
experiment_07454,2026-06-30T03:07:15Z,3.091042453358316,,
experiment_07455,2026-06-30T03:07:18Z,2.9539628606776986,,
experiment_07456,2026-06-30T03:12:11Z,2.9539628606776986,,
experiment_07457,2026-06-30T03:14:16Z,2.9539628606776986,,
experiment_07458,2026-06-30T03:16:24Z,0.8062796142717765,,
experiment_07459,2026-06-30T03:16:28Z,0.01104983618658295,,
experiment_07460,2026-06-30T03:16:32Z,0.01104983618658295,,
experiment_07461,2026-06-30T03:16:36Z,0.01104983618658295,,
experiment_07462,2026-06-30T03:16:40Z,0.01104983618658295,,
experiment_07463,2026-06-30T03:16:44Z,0.01104983618658295,,
experiment_07464,2026-06-30T03:16:47Z,0.01104983618658295,,
experiment_07465,2026-06-30T03:16:51Z,0.01104983618658295,,
experiment_07466,2026-06-30T03:16:54Z,0.01104983618658295,,
experiment_07467,2026-06-30T03:16:58Z,0.01104983618658295,,
experiment_07468,2026-06-30T03:17:02Z,0.01104983618658295,,
experiment_07469,2026-06-30T03:17:06Z,0.01104983618658295,,
experiment_07470,2026-06-30T03:20:31Z,0.43706162418773786,passed,True
experiment_07471,2026-06-30T03:31:27Z,9.416703923250376,,
experiment_07472,2026-06-30T03:31:31Z,9.109193189971226,,
experiment_07473,2026-06-30T03:31:34Z,8.720460512725655,,
experiment_07474,2026-06-30T03:31:36Z,8.501063809486354,,
experiment_07475,2026-06-30T03:31:38Z,8.009030685069732,,
experiment_07476,2026-06-30T03:31:41Z,7.948031990637283,,
experiment_07477,2026-06-30T03:31:43Z,7.765993079407675,,
experiment_07478,2026-06-30T03:31:46Z,7.73543335249969,,
experiment_07479,2026-06-30T03:31:48Z,7.712443834274989,,
experiment_07480,2026-06-30T03:31:51Z,7.684324067681153,,
experiment_07481,2026-06-30T03:31:53Z,7.619724213782671,,
experiment_07482,2026-06-30T03:31:55Z,7.264030142899529,,
experiment_07483,2026-06-30T03:31:58Z,7.142827401161622,,
experiment_07484,2026-06-30T03:32:00Z,6.813444599510895,,
experiment_07485,2026-06-30T03:32:02Z,6.813444599510895,,
experiment_07486,2026-06-30T03:32:05Z,6.813444599510895,,
experiment_07487,2026-06-30T03:32:07Z,6.802394763324312,,
experiment_07488,2026-06-30T03:32:09Z,6.802394763324312,,
experiment_07489,2026-06-30T03:32:11Z,6.618738983517218,,
experiment_07490,2026-06-30T03:32:13Z,6.13122648948314,,
experiment_07491,2026-06-30T03:32:16Z,6.102558594613569,,
experiment_07492,2026-06-30T03:32:18Z,6.093569770045136,,
experiment_07493,2026-06-30T03:32:20Z,6.013715156042803,,
experiment_07494,2026-06-30T03:32:23Z,5.910796644040527,,
experiment_07495,2026-06-30T03:32:25Z,5.420534999272284,,
experiment_07496,2026-06-30T03:32:27Z,5.075173815233825,,
experiment_07497,2026-06-30T03:32:29Z,5.003946305945458,,
experiment_07498,2026-06-30T03:32:32Z,4.983606621708336,,
experiment_07499,2026-06-30T03:32:34Z,4.941642422609306,,
experiment_07500,2026-06-30T03:32:36Z,3.828641396489097,,
experiment_07501,2026-06-30T03:32:39Z,3.6888794541139376,,
experiment_07502,2026-06-30T03:32:41Z,3.091042453358316,,
experiment_07503,2026-06-30T03:32:44Z,2.9539628606776986,,
experiment_07504,2026-06-30T03:34:59Z,2.9539628606776986,,
experiment_07505,2026-06-30T03:37:36Z,0.01104983618658295,,
experiment_07506,2026-06-30T03:37:42Z,0.01104983618658295,,
experiment_07507,2026-06-30T03:37:46Z,0.01104983618658295,,
experiment_07508,2026-06-30T03:37:51Z,0.01104983618658295,,
experiment_07509,2026-06-30T04:15:06Z,0.0,,
experiment_07510,2026-06-30T04:42:09Z,0.0,,
experiment_07511,2026-06-30T04:53:21Z,16.095641457647034,passed,True
experiment_07512,2026-06-30T04:53:23Z,-3.281902214299677,passed,True
experiment_07513,2026-06-30T04:53:29Z,-2.188640833644829,passed,True
experiment_07514,2026-06-30T23:17:52Z,1.7100000000000364,passed,True
experiment_07515,2026-06-30T23:20:43Z,-0.07999999999992724,passed,True
experiment_07516,2026-06-30T23:23:37Z,0.020000000000436557,passed,True
experiment_07517,2026-06-30T23:25:54Z,0.0,passed,True
experiment_07518,2026-06-30T23:28:13Z,-0.6300000000001091,passed,True
experiment_07519,2026-06-30T23:30:32Z,-0.9000000000005457,passed,True
experiment_07520,2026-06-30T23:34:51Z,0.3099999999994907,passed,True
experiment_07521,2026-06-30T23:37:58Z,-0.1000000000003638,passed,True
experiment_07522,2026-06-30T23:40:48Z,0.06999999999970896,passed,True
experiment_07523,2026-06-30T23:47:13Z,-1.800000000000182,passed,True
experiment_07524,2026-06-30T23:49:23Z,-1.800000000000182,passed,True
experiment_07525,2026-06-30T23:51:32Z,-1.4899999999997817,passed,True
experiment_07526,2026-06-30T23:53:44Z,-1.730000000000473,passed,True
experiment_07527,2026-06-30T23:55:59Z,-2.1900000000005093,passed,True
experiment_07528,2026-06-30T23:57:41Z,-1.800000000000182,passed,True
experiment_07529,2026-06-30T23:59:51Z,-1.800000000000182,passed,True
experiment_07530,2026-07-01T00:02:03Z,-2.0600000000004,passed,True
experiment_07531,2026-07-01T00:04:14Z,-5.9099999999998545,passed,True
experiment_07532,2026-07-01T00:06:58Z,-6.319999999999709,passed,True
experiment_07533,2026-07-01T00:09:10Z,-5.720000000000255,passed,True
experiment_07534,2026-07-01T03:15:38Z,0.13000000000010914,passed,True
experiment_07535,2026-07-01T03:17:59Z,0.13000000000010914,passed,True
experiment_07536,2026-07-01T03:22:37Z,8.720460512725655,,
experiment_07537,2026-07-01T03:22:42Z,8.501063809486354,,
experiment_07538,2026-07-01T03:22:47Z,8.009030685069732,,
experiment_07539,2026-07-01T03:22:51Z,7.948031990637283,,
experiment_07540,2026-07-01T03:22:55Z,7.765993079407675,,
experiment_07541,2026-07-01T03:22:59Z,7.712443834274989,,
experiment_07542,2026-07-01T03:23:02Z,7.684324067681153,,
experiment_07543,2026-07-01T03:23:05Z,7.619724213782671,,
experiment_07544,2026-07-01T03:23:07Z,7.569927655242651,,
experiment_07545,2026-07-01T03:23:09Z,7.264030142899529,,
experiment_07546,2026-07-01T03:23:12Z,7.142827401161622,,
experiment_07547,2026-07-01T03:23:14Z,6.813444599510895,,
experiment_07548,2026-07-01T03:23:16Z,6.813444599510895,,
experiment_07549,2026-07-01T03:23:18Z,6.813444599510895,,
experiment_07550,2026-07-01T03:23:20Z,6.802394763324312,,
experiment_07551,2026-07-01T03:23:22Z,6.802394763324312,,
experiment_07552,2026-07-01T03:23:24Z,6.618738983517218,,
experiment_07553,2026-07-01T03:23:27Z,6.13122648948314,,
experiment_07554,2026-07-01T03:23:29Z,6.013715156042803,,
experiment_07555,2026-07-01T03:23:31Z,5.420534999272284,,
experiment_07556,2026-07-01T03:23:33Z,4.983606621708336,,
experiment_07557,2026-07-01T03:23:35Z,4.941642422609306,,
experiment_07558,2026-07-01T03:23:37Z,6.102558594613569,,
experiment_07559,2026-07-01T03:23:39Z,3.828641396489097,,
experiment_07560,2026-07-01T03:23:42Z,3.6888794541139376,,
experiment_07561,2026-07-01T03:23:44Z,3.091042453358316,,
experiment_07562,2026-07-01T03:23:46Z,2.302585092994047,,
experiment_07563,2026-07-01T03:23:48Z,2.302585092994047,,
experiment_07564,2026-07-01T03:23:50Z,0.8062796142717765,,
experiment_07565,2026-07-01T03:23:52Z,0.01104983618658295,,
experiment_07566,2026-07-01T03:23:54Z,0.01104983618658295,,
experiment_07567,2026-07-01T03:23:56Z,0.01104983618658295,,
experiment_07568,2026-07-01T03:23:58Z,0.01104983618658295,,
experiment_07569,2026-07-01T03:24:00Z,0.01104983618658295,,
experiment_07570,2026-07-01T03:24:02Z,0.01104983618658295,,
experiment_07571,2026-07-01T03:24:04Z,0.01104983618658295,,
experiment_07572,2026-07-01T03:24:06Z,0.01104983618658295,,
experiment_07573,2026-07-01T03:24:08Z,0.01104983618658295,,
experiment_07574,2026-07-01T03:24:10Z,18.197605236675688,,
experiment_07575,2026-07-01T03:24:13Z,0.01104983618658295,,
experiment_07576,2026-07-01T03:24:15Z,0.01104983618658295,,
experiment_07577,2026-07-01T03:24:17Z,0.01104983618658295,,
experiment_07578,2026-07-01T03:24:19Z,0.01104983618658295,,
experiment_07579,2026-07-01T03:24:21Z,0.01104983618658295,,
experiment_07580,2026-07-01T03:24:23Z,0.01104983618658295,,
experiment_07581,2026-07-01T03:34:20Z,0.43706162418773786,passed_changed_task_public_examples,
experiment_07582,2026-07-01T03:53:51Z,9.416703923250376,,
experiment_07583,2026-07-01T03:53:57Z,9.109193189971226,,
experiment_07584,2026-07-01T03:54:02Z,8.720460512725655,,
experiment_07585,2026-07-01T03:54:07Z,8.501063809486354,,
experiment_07586,2026-07-01T03:54:15Z,8.009030685069732,,
experiment_07587,2026-07-01T03:54:21Z,7.948031990637283,,
experiment_07588,2026-07-01T03:54:26Z,7.765993079407675,,
experiment_07589,2026-07-01T03:54:29Z,7.712443834274989,,
experiment_07590,2026-07-01T03:54:31Z,7.684324067681153,,
experiment_07591,2026-07-01T03:54:34Z,7.619724213782671,,
experiment_07592,2026-07-01T03:54:36Z,7.569927655242651,,
experiment_07593,2026-07-01T03:54:38Z,7.264030142899529,,
experiment_07594,2026-07-01T03:54:41Z,7.142827401161622,,
experiment_07595,2026-07-01T03:54:43Z,6.813444599510895,,
experiment_07596,2026-07-01T03:54:45Z,6.813444599510895,,
experiment_07597,2026-07-01T03:54:47Z,6.813444599510895,,
experiment_07598,2026-07-01T03:54:50Z,6.802394763324312,,
experiment_07599,2026-07-01T03:54:52Z,6.802394763324312,,
experiment_07600,2026-07-01T03:54:55Z,6.618738983517218,,
experiment_07601,2026-07-01T03:54:57Z,6.13122648948314,,
experiment_07602,2026-07-01T03:54:58Z,,,
experiment_07603,2026-07-01T03:54:59Z,6.102558594613569,,
experiment_07604,2026-07-01T03:55:01Z,6.093569770045136,,
experiment_07605,2026-07-01T03:55:04Z,6.013715156042803,,
experiment_07606,2026-07-01T03:55:06Z,5.420534999272284,,
experiment_07607,2026-07-01T03:55:08Z,5.075173815233825,,
experiment_07608,2026-07-01T03:55:10Z,5.003946305945458,,
experiment_07609,2026-07-01T03:55:13Z,4.983606621708336,,
experiment_07610,2026-07-01T03:55:15Z,4.941642422609306,,
experiment_07611,2026-07-01T03:55:17Z,3.828641396489097,,
experiment_07612,2026-07-01T03:55:19Z,3.6888794541139376,,
experiment_07613,2026-07-01T03:55:21Z,3.091042453358316,,
experiment_07614,2026-07-01T03:55:23Z,2.302585092994047,,
experiment_07615,2026-07-01T03:55:26Z,2.302585092994047,,
experiment_07616,2026-07-01T03:55:28Z,0.8062796142717765,,
experiment_07617,2026-07-01T03:55:30Z,0.01104983618658295,,
experiment_07618,2026-07-01T03:55:32Z,0.01104983618658295,,
experiment_07619,2026-07-01T03:55:34Z,0.01104983618658295,,
experiment_07620,2026-07-01T03:55:36Z,0.01104983618658295,,
experiment_07621,2026-07-01T03:55:38Z,0.01104983618658295,,
experiment_07622,2026-07-01T03:55:40Z,0.01104983618658295,,
experiment_07623,2026-07-01T03:55:42Z,0.01104983618658295,,
experiment_07624,2026-07-01T03:55:44Z,0.01104983618658295,,
experiment_07625,2026-07-01T03:55:46Z,0.01104983618658295,,
experiment_07626,2026-07-01T03:55:48Z,0.01104983618658295,,
experiment_07627,2026-07-01T03:55:50Z,0.01104983618658295,,
experiment_07628,2026-07-01T03:55:52Z,0.01104983618658295,,
experiment_07629,2026-07-01T03:55:54Z,0.01104983618658295,,
experiment_07630,2026-07-01T03:55:56Z,0.01104983618658295,,
experiment_07631,2026-07-01T03:55:58Z,0.01104983618658295,,
experiment_07632,2026-07-01T03:56:00Z,0.01104983618658295,,
experiment_07633,2026-07-01T04:07:53Z,,passed,True
experiment_07634,2026-07-01T04:07:58Z,0.0,hold-no-candidate,False
experiment_07635,2026-07-01T04:08:09Z,,,
experiment_07636,2026-07-02T03:10:25Z,3.6599999999998545,passed,True
experiment_07637,2026-07-02T03:38:24Z,16.095641457647034,passed,True
experiment_07638,2026-07-02T03:38:25Z,-3.281902214299677,passed,True
experiment_07639,2026-07-02T03:38:29Z,-2.188640833644829,passed,True
experiment_07640,2026-07-02T03:42:12Z,0.17000000000007276,passed,True
experiment_07641,2026-07-02T03:45:38Z,16.095641457647034,passed,True
experiment_07642,2026-07-02T03:45:39Z,-3.281902214299677,passed,True
experiment_07643,2026-07-02T03:45:43Z,-2.188640833644829,passed,True
experiment_07644,2026-07-08T09:32:00Z,946.8999999999996,passed,True
experiment_07645,2026-07-08T09:38:02Z,0.2167365154025731,passed,True
experiment_07646,2026-07-08T09:42:51Z,2.205985901663249,passed,True
experiment_07647,2026-07-08T09:55:38Z,0.2167365154025731,pending_external_validate_candidate,
experiment_07648,2026-07-08T09:55:38Z,0.21622310846963444,pending_external_validate_candidate,
experiment_07649,2026-07-08T09:55:38Z,0.21433997304745134,pending_external_validate_candidate,
experiment_07650,2026-07-08T09:55:38Z,0.43295962387220754,pending_external_validate_candidate,
experiment_07651,2026-07-08T09:55:38Z,0.6472995969196589,pending_external_validate_candidate,
experiment_07652,2026-07-08T09:55:38Z,1.039182913200623,pending_external_validate_candidate,
experiment_07653,2026-07-08T09:56:52Z,0.2167365154025731,passed,False
experiment_07654,2026-07-08T09:56:52Z,0.21622310846963444,passed,False
experiment_07655,2026-07-08T09:56:52Z,0.21433997304745134,passed,False
experiment_07656,2026-07-08T09:56:52Z,0.43295962387220754,passed,False
experiment_07657,2026-07-08T09:56:52Z,0.6472995969196589,passed,False
experiment_07658,2026-07-08T09:56:52Z,1.039182913200623,passed,False
experiment_07659,2026-07-08T10:04:54Z,4.380674369423868,passed,True
experiment_07660,2026-07-08T10:04:54Z,3.1151781452173317,passed,True
experiment_07661,2026-07-08T10:04:54Z,1.5114575040738991,passed,True
experiment_07662,2026-07-08T10:04:58Z,2.7530015889644766,passed,True
experiment_07663,2026-07-08T10:04:58Z,2.4423470353692025,passed,True
experiment_07664,2026-07-08T10:04:58Z,1.4816045409242165,passed,True
experiment_07665,2026-07-08T10:04:58Z,1.0024684281152076,passed,True
experiment_07666,2026-07-08T10:04:58Z,0.9106674743197907,passed,True
experiment_07667,2026-07-08T10:04:59Z,4.276666119016056,passed,True
experiment_07668,2026-07-08T10:04:59Z,2.824163508536298,passed,True
experiment_07669,2026-07-08T10:04:59Z,1.5742092205503582,passed,True
experiment_07670,2026-07-08T10:04:59Z,0.22314355131420882,passed,True
experiment_07671,2026-07-08T10:05:00Z,2.574932801445719,passed,True
experiment_07672,2026-07-08T10:05:00Z,2.3434070875143007,passed,True
experiment_07673,2026-07-08T10:05:00Z,1.8790966048892361,passed,True
experiment_07674,2026-07-08T10:05:00Z,1.832581463748312,passed,True
experiment_07675,2026-07-08T10:27:04Z,16.095641457647034,passed,True
experiment_07676,2026-07-08T10:27:08Z,-2.188640833644829,passed,True
experiment_07677,2026-07-08T10:28:05Z,-3.910101159865448,passed,True
experiment_07678,2026-07-08T10:28:07Z,10.160665356826202,passed,True
experiment_07679,2026-07-08T10:28:07Z,0.0,failed,False
experiment_07680,2026-07-08T10:28:09Z,10.52838650485866,passed,True
experiment_07681,2026-07-08T10:28:10Z,-6.3252441745075885,passed,True
experiment_07682,2026-07-08T10:28:11Z,14.2633424889841,passed,True
experiment_07683,2026-07-08T10:28:11Z,16.329742432856925,passed,True
experiment_07684,2026-07-08T10:28:12Z,14.739677516323775,passed,True
experiment_07685,2026-07-08T10:28:13Z,-6.7696916234309334,passed,True
experiment_07686,2026-07-08T10:28:13Z,-5.786397122889401,passed,True
experiment_07687,2026-07-08T10:28:14Z,-3.1117746647325912,passed,True
experiment_07688,2026-07-08T10:28:14Z,-4.5630183904351185,passed,True
experiment_07689,2026-07-08T10:28:15Z,12.844452522889046,passed,True
experiment_07690,2026-07-08T10:28:16Z,13.737473668035513,passed,True
experiment_07691,2026-07-08T10:28:16Z,-5.442961093406099,passed,True
experiment_07692,2026-07-08T10:28:17Z,11.411139132679223,passed,True
experiment_07693,2026-07-08T10:28:18Z,15.388805132473337,passed,True
experiment_07694,2026-07-08T10:28:18Z,12.561479225310505,passed,True
experiment_07695,2026-07-08T10:28:19Z,10.899542105567976,failed,False
experiment_07696,2026-07-08T10:28:20Z,12.02453003355199,passed,True
experiment_07697,2026-07-08T10:28:20Z,15.170535807812659,passed,True
experiment_07698,2026-07-08T10:28:21Z,15.035417348104062,failed,False
experiment_07699,2026-07-08T10:28:21Z,15.217550775840929,passed,True
experiment_07700,2026-07-08T10:28:22Z,12.528728649288984,passed,True
experiment_07701,2026-07-08T10:28:23Z,-6.599870499212837,passed,True
experiment_07702,2026-07-08T10:28:23Z,15.90081467738998,passed,True
experiment_07703,2026-07-08T10:28:24Z,12.183577714319734,passed,True
experiment_07704,2026-07-08T10:28:25Z,14.135382202117025,passed,True
experiment_07705,2026-07-08T10:28:25Z,12.856196452696704,failed,False
experiment_07706,2026-07-08T10:28:26Z,12.569628470809128,passed,True
experiment_07707,2026-07-08T10:28:26Z,12.530694236795393,passed,True
experiment_07708,2026-07-08T10:28:27Z,12.112862876652862,passed,True
experiment_07709,2026-07-08T10:28:28Z,-8.666910328789012,passed,True
experiment_07710,2026-07-08T10:28:29Z,-4.127915789102987,passed,True
experiment_07711,2026-07-08T10:28:29Z,-4.316186453736517,passed,True
experiment_07712,2026-07-08T10:28:30Z,13.2175818917782,passed,True
experiment_07713,2026-07-08T10:28:31Z,14.333699288670823,passed,True
experiment_07714,2026-07-08T10:28:32Z,12.554926202154824,passed,True
experiment_07715,2026-07-08T10:28:32Z,12.955323385242654,passed,True
experiment_07716,2026-07-08T10:28:33Z,13.333778506026793,passed,True
experiment_07717,2026-07-08T10:28:34Z,13.344837397609286,passed,True
experiment_07718,2026-07-08T10:28:34Z,-4.250571102728882,failed,False
experiment_07719,2026-07-08T10:28:35Z,-2.3303761433090564,passed,True
experiment_07720,2026-07-08T10:28:35Z,-6.092266028425746,passed,True
experiment_07721,2026-07-08T10:28:36Z,-3.422718866706415,passed,True
experiment_07722,2026-07-08T10:28:37Z,-1.979205632478454,passed,True
experiment_07723,2026-07-08T10:28:37Z,12.92299444123897,passed,True
experiment_07724,2026-07-08T10:28:38Z,14.914024237890597,passed,True
experiment_07725,2026-07-08T10:28:39Z,9.276562463633967,passed,True
experiment_07726,2026-07-08T10:28:39Z,15.940947742237599,passed,True
experiment_07727,2026-07-08T10:28:40Z,11.680781196024679,passed,True
experiment_07728,2026-07-08T10:28:41Z,11.12934616833863,passed,True
experiment_07729,2026-07-08T10:28:41Z,11.79702300100143,passed,True
experiment_07730,2026-07-08T10:28:42Z,12.84407919530027,passed,True
experiment_07731,2026-07-08T10:28:42Z,-2.9352587392243663,failed,False
experiment_07732,2026-07-08T10:28:43Z,-2.8029607006454196,passed,True
experiment_07733,2026-07-08T10:28:43Z,-2.5643421138948383,passed,True
experiment_07734,2026-07-08T10:28:44Z,14.058322717694951,passed,True
experiment_07735,2026-07-08T10:28:44Z,17.755058453662993,passed,True
experiment_07736,2026-07-08T10:28:45Z,-4.471449769356958,passed,True
experiment_07737,2026-07-08T10:28:45Z,-2.675174621815275,passed,True
experiment_07738,2026-07-08T10:28:46Z,13.573776868869064,passed,True
experiment_07739,2026-07-08T10:28:47Z,12.790951785868298,passed,True
experiment_07740,2026-07-08T10:28:47Z,13.357758263559715,passed,True
experiment_07741,2026-07-08T10:28:48Z,11.601034203441667,passed,True
experiment_07742,2026-07-08T10:28:49Z,14.852703895706078,passed,True
experiment_07743,2026-07-08T10:28:50Z,0.0,failed,False
experiment_07744,2026-07-08T10:28:52Z,15.131259183793707,passed,True
experiment_07745,2026-07-08T10:28:53Z,0.0,failed,False
experiment_07746,2026-07-08T10:28:54Z,12.101588000113624,passed,True
experiment_07747,2026-07-08T10:28:55Z,0.0,failed,False
experiment_07748,2026-07-08T10:28:55Z,-4.239259724864688,failed,False
experiment_07749,2026-07-08T10:28:56Z,-4.480209947493288,passed,True
experiment_07750,2026-07-08T10:28:56Z,-4.519366322970553,passed,True
experiment_07751,2026-07-08T10:28:57Z,-6.787437302306708,passed,True
experiment_07752,2026-07-08T10:32:00Z,0.058384985727954586,passed,False
experiment_07753,2026-07-08T10:32:00Z,0.033901551675683095,passed,False
experiment_07754,2026-07-08T22:52:05Z,16.36999999999989,passed,True
experiment_07755,2026-07-08T22:55:51Z,0.08917087189023931,passed,True
experiment_07756,2026-07-08T22:55:51Z,0.0767209471074537,passed,True
experiment_07757,2026-07-08T23:02:14Z,0.11000000000058208,passed,True
experiment_07758,2026-07-08T23:05:47Z,47.61936224272024,passed,True
experiment_07759,2026-07-08T23:05:47Z,62.83691301856117,passed,True
experiment_07760,2026-07-08T23:05:47Z,77.75093725645176,passed,True
experiment_07761,2026-07-08T23:06:28Z,3.145109674628589,passed,True
experiment_07762,2026-07-08T23:06:28Z,1.7469089030627032,passed,True
experiment_07763,2026-07-08T23:06:28Z,0.08917087189023931,passed,True
experiment_07764,2026-07-08T23:06:28Z,0.0767209471074537,passed,True
experiment_07765,2026-07-09T00:26:25Z,0.0767209471074537,passed,True
experiment_07766,2026-07-09T00:29:49Z,0.08917087189023931,passed,True
experiment_07767,2026-07-09T00:29:49Z,0.0767209471074537,passed,True
experiment_07768,2026-07-09T00:33:56Z,2.6580460650729094,passed,True
experiment_07769,2026-07-09T00:46:13Z,0.0767209471074537,passed,False
experiment_07770,2026-07-09T01:11:37Z,0.08917087189023931,passed,False
experiment_07771,2026-07-09T01:11:37Z,0.0767209471074537,passed,False
experiment_07772,2026-07-09T01:11:37Z,0.07122447382965902,passed,False
experiment_07773,2026-07-09T01:15:24Z,2.025374320409558,passed,False
experiment_07774,2026-07-09T01:15:27Z,3.6131676323782393,passed,False
experiment_07775,2026-07-09T01:15:27Z,0.08917087189023931,passed,False
experiment_07776,2026-07-09T01:15:27Z,0.0767209471074537,passed,False
experiment_07777,2026-07-09T01:28:23Z,0.08917087189023931,passed,False
experiment_07778,2026-07-09T01:28:23Z,0.0767209471074537,passed,False
experiment_07779,2026-07-09T01:40:18Z,0.08917087189023931,passed,False
experiment_07780,2026-07-09T01:40:18Z,0.0767209471074537,passed,False
experiment_07781,2026-07-09T03:14:18Z,2.896264526863316,passed,False
experiment_07782,2026-07-09T03:20:53Z,0.08917087189023931,passed,False
experiment_07783,2026-07-09T03:20:53Z,0.0767209471074537,passed,False
experiment_07784,2026-07-09T03:20:54Z,0.07122447382965902,passed,False
experiment_07785,2026-07-09T03:20:54Z,0.0707389190738219,passed,False
experiment_07786,2026-07-09T03:20:54Z,0.058053937514099374,passed,False
experiment_07787,2026-07-09T04:12:00Z,16.095641457647034,passed,True
experiment_07788,2026-07-09T04:12:00Z,-3.4633450364149425,passed,True
experiment_07789,2026-07-09T04:12:01Z,14.927529455109099,passed,True
experiment_07790,2026-07-09T04:12:04Z,-2.188640833644829,passed,True
experiment_07791,2026-07-09T04:33:12Z,0.0767209471074537,passed,False
experiment_07792,2026-07-09T04:35:43Z,0,completed-no-candidate,False
experiment_07793,2026-07-09T04:35:43Z,0.0767209471074537,passed-local-validation-held-by-gate,False
experiment_07794,2026-07-09T04:52:17Z,0.5566557463069444,passed,False
experiment_07795,2026-07-09T04:52:17Z,0.0011252462663247087,passed,False
experiment_07796,2026-07-09T04:55:38Z,0.5566557463069444,passed,False
experiment_07797,2026-07-09T04:56:52Z,0.5566557463069444,passed,False
experiment_07798,2026-07-09T04:56:52Z,0.0011252462663247087,passed,False
experiment_07799,2026-07-09T05:01:10Z,0.5566557463069444,passed,False
experiment_07800,2026-07-09T05:01:10Z,0.05634871280671838,passed,False
experiment_07801,2026-07-09T05:01:10Z,0.0011252462663247087,passed,False
experiment_07802,2026-07-09T05:11:30Z,0.1341949061804968,pending,False
experiment_07803,2026-07-09T05:30:27Z,0.5799999999999272,passed,True
experiment_07804,2026-07-09T05:49:54Z,0.05634871280671838,passed,False
experiment_07805,2026-07-09T05:51:36Z,,passed,
experiment_07806,2026-07-09T05:59:53Z,0.05634871280671838,passed,False
experiment_07807,2026-07-09T06:01:28Z,0.05634871280671838,passed,False
experiment_07808,2026-07-09T06:02:51Z,-3.4372699320945834,failed,False
experiment_07809,2026-07-09T06:03:09Z,0.05634871280671838,passed,False
experiment_07810,2026-07-09T06:08:59Z,0.05634871280671838,passed,False
experiment_07811,2026-07-09T06:11:45Z,,,
experiment_07812,2026-07-09T06:13:24Z,,,
experiment_07813,2026-07-09T06:24:39Z,,,
experiment_07814,2026-07-09T06:35:52Z,,,
experiment_07815,2026-07-09T06:42:38Z,,,
experiment_07816,2026-07-09T06:32:46Z,-3.7756504175911694,passed,True
experiment_07817,2026-07-09T06:32:46Z,-3.4372699320945834,failed,False
experiment_07818,2026-07-09T06:32:47Z,-6.067034225237959,passed,True
experiment_07819,2026-07-09T06:32:48Z,-5.122441551762423,passed,True
experiment_07820,2026-07-09T06:32:49Z,-7.33072498857724,passed,True
experiment_07821,2026-07-09T06:32:50Z,-6.498104217323247,passed,True
experiment_07822,2026-07-09T06:32:51Z,-2.694279505842621,passed,True
experiment_07823,2026-07-09T06:32:52Z,-3.9559436676069346,passed,True
experiment_07824,2026-07-09T06:32:53Z,-6.767891442926786,passed,True
experiment_07825,2026-07-09T06:32:54Z,-5.777739060146285,passed,True
experiment_07826,2026-07-09T06:32:54Z,-3.103116601989475,passed,True
experiment_07827,2026-07-09T06:32:55Z,-4.558401529696551,passed,True
experiment_07828,2026-07-09T06:32:55Z,-4.620800597298993,passed,True
experiment_07829,2026-07-09T06:32:56Z,-3.8566842020608156,passed,True
experiment_07830,2026-07-09T06:32:56Z,-5.442961093406099,passed,True
experiment_07831,2026-07-09T06:32:57Z,-4.346343763649374,passed,True
experiment_07832,2026-07-09T06:32:58Z,-5.516910144859281,passed,True
experiment_07833,2026-07-09T06:32:58Z,-5.859018956655866,failed,False
experiment_07834,2026-07-09T06:32:59Z,-6.299646744813163,passed,True
experiment_07835,2026-07-09T06:33:01Z,-4.75983290023116,passed,True
experiment_07836,2026-07-09T06:33:02Z,-6.599870499212837,passed,True
experiment_07837,2026-07-09T06:33:02Z,-5.196212946700308,passed,True
experiment_07838,2026-07-09T06:33:03Z,-2.445084638901461,passed,True
experiment_07839,2026-07-09T06:33:03Z,-4.635575415054937,failed,False
experiment_07840,2026-07-09T06:33:04Z,-4.922132754512209,passed,True
experiment_07841,2026-07-09T06:33:05Z,-4.961074674123518,passed,True
experiment_07842,2026-07-09T06:33:05Z,-6.45486536631158,passed,True
experiment_07843,2026-07-09T06:33:06Z,-8.664089452447367,passed,True
experiment_07844,2026-07-09T06:33:07Z,-4.127937287005151,passed,True
experiment_07845,2026-07-09T06:33:07Z,-4.99718004705999,passed,True
experiment_07846,2026-07-09T06:33:08Z,-5.091575830803235,passed,True
experiment_07847,2026-07-09T06:33:08Z,-3.1107224548177292,passed,True
experiment_07848,2026-07-09T06:33:09Z,-4.531926486025856,passed,True
experiment_07849,2026-07-09T06:33:10Z,-4.502463151563944,passed,True
experiment_07850,2026-07-09T06:33:10Z,-4.124025188147179,passed,True
experiment_07851,2026-07-09T06:33:11Z,-4.80187218332237,passed,True
experiment_07852,2026-07-09T06:33:11Z,-4.294713913583379,failed,False
experiment_07853,2026-07-09T06:33:12Z,-2.3744892780476228,passed,True
experiment_07854,2026-07-09T06:33:12Z,-6.078932497556279,passed,True
experiment_07855,2026-07-09T06:33:13Z,-3.508414012467391,passed,True
experiment_07856,2026-07-09T06:33:14Z,-2.0649436854261367,passed,True
experiment_07857,2026-07-09T06:33:14Z,-5.283539426181022,passed,True
experiment_07858,2026-07-09T06:33:15Z,-2.725235859051125,passed,True
experiment_07859,2026-07-09T06:33:15Z,-7.970243266481694,passed,True
experiment_07860,2026-07-09T06:33:16Z,-2.4283688721200303,passed,True
experiment_07861,2026-07-09T06:33:17Z,-6.755364920060574,passed,True
experiment_07862,2026-07-09T06:33:17Z,-7.306798305129243,passed,True
experiment_07863,2026-07-09T06:33:18Z,-18.436144473467873,failed,False
experiment_07864,2026-07-09T06:33:18Z,-6.283803015224311,passed,True
experiment_07865,2026-07-09T06:33:19Z,-2.935375473013094,failed,False
experiment_07866,2026-07-09T06:33:19Z,-2.8029607006454196,passed,True
experiment_07867,2026-07-09T06:33:20Z,-2.5643855006662175,passed,True
experiment_07868,2026-07-09T06:33:20Z,-4.486655750848833,passed,True
experiment_07869,2026-07-09T06:33:21Z,-1.9466241797889694,passed,True
experiment_07870,2026-07-09T06:33:21Z,-4.468185427621034,passed,True
experiment_07871,2026-07-09T06:33:22Z,-2.6719484285169255,passed,True
experiment_07872,2026-07-09T06:33:22Z,-2.4138672364533935,passed,True
experiment_07873,2026-07-09T06:33:23Z,-3.121101490369586,passed,True
experiment_07874,2026-07-09T06:33:24Z,-2.597292048804997,passed,True
experiment_07875,2026-07-09T06:33:24Z,-4.311019072796217,passed,True
experiment_07876,2026-07-09T06:33:25Z,-4.725660995100842,passed,True
experiment_07877,2026-07-09T06:33:26Z,-5.42288906719971,passed,True
experiment_07878,2026-07-09T06:33:27Z,-6.500353280604248,passed,True
experiment_07879,2026-07-09T06:33:28Z,-6.1100921260301675,passed,True
experiment_07880,2026-07-09T06:33:28Z,-4.86216205775426,passed,True
experiment_07881,2026-07-09T06:33:29Z,-4.303436083991588,passed,True
experiment_07882,2026-07-09T06:33:29Z,-4.418478240015691,failed,False
experiment_07883,2026-07-09T06:33:30Z,-4.659428462644291,passed,True
experiment_07884,2026-07-09T06:33:31Z,-4.703056695279807,passed,True
experiment_07885,2026-07-09T06:33:31Z,-6.787437302306708,passed,True
experiment_07886,2026-07-09T07:11:57Z,0.007376218902344078,passed,False
experiment_07887,2026-07-09T07:11:57Z,0.0013123361463502903,passed,False
experiment_07888,2026-07-09T07:11:58Z,0.0010473032900009116,passed,False
experiment_07889,2026-07-09T07:22:24Z,-4.0200420530217205,passed,True
experiment_07890,2026-07-09T07:22:27Z,-2.1407166546400056,passed,True
experiment_07891,2026-07-09T07:22:30Z,-1.7775869068935517,passed,True
experiment_07892,2026-07-09T07:22:37Z,-2.188763978771517,passed,True
experiment_07893,2026-07-09T08:12:45Z,0.5313154351072775,passed,False
experiment_07894,2026-07-09T08:12:45Z,0.34020090166958994,passed,False
experiment_07895,2026-07-09T08:12:45Z,0.32780159207013426,passed,False
experiment_07896,2026-07-09T08:19:47Z,0.0,gate-tests-passed,False
experiment_07897,2026-07-09T08:36:03Z,0.019999999999527063,passed,False
experiment_07898,2026-07-09T08:36:47Z,0.019999999999527063,passed,True
experiment_07899,2026-07-09T08:41:11Z,0.009999999999308784,passed,True
experiment_07900,2026-07-09T08:49:25Z,-3.4372699320945834,failed,False
experiment_07901,2026-07-09T08:52:31Z,-10.837590303933839,passed-public-examples-but-local-regression,False
experiment_07902,2026-07-09T08:52:31Z,-1.733720075681756,passed-public-examples-but-local-regression,False
experiment_07903,2026-07-09T08:56:13Z,0.05634871280671838,passed,False
experiment_07904,2026-07-09T08:57:34Z,-1.9466241797889694,passed,True
experiment_07905,2026-07-09T08:57:35Z,-2.4283688721200303,passed,True
experiment_07906,2026-07-09T08:57:41Z,-6.500353280604248,passed,True
experiment_07907,2026-07-09T08:57:43Z,-2.725235859051125,passed,True
experiment_07908,2026-07-09T08:57:44Z,-3.9559436676069346,passed,True
experiment_07909,2026-07-09T08:57:45Z,-3.1107224548177292,passed,True
experiment_07910,2026-07-09T08:57:47Z,-2.694279505842621,passed,True
experiment_07911,2026-07-09T08:57:48Z,-2.445084638901461,passed,True
experiment_07912,2026-07-09T08:57:49Z,-4.486655750848833,passed,True
experiment_07913,2026-07-09T08:57:50Z,-3.8566842020608156,passed,True
experiment_07914,2026-07-09T08:57:51Z,-2.4138672364533935,passed,True
experiment_07915,2026-07-09T08:57:53Z,-2.597292048804997,passed,True
experiment_07916,2026-07-09T08:57:54Z,-4.80187218332237,passed,True
experiment_07917,2026-07-09T08:57:55Z,-4.124025188147179,passed,True
experiment_07918,2026-07-09T08:57:56Z,-5.091575830803235,passed,True
experiment_07919,2026-07-09T08:57:58Z,-4.502463151563944,passed,True
experiment_07920,2026-07-09T08:57:59Z,-5.283539426181022,passed,True
experiment_07921,2026-07-09T08:58:00Z,-4.635575415054937,failed,False
experiment_07922,2026-07-09T09:19:42Z,0.05634871280671838,passed,False
experiment_07923,2026-07-09T09:21:23Z,0.0013123361463502903,passed,False
experiment_07924,2026-07-09T09:37:17Z,0.11999999999989086,passed,True
experiment_07925,2026-07-09T10:01:14Z,,,
experiment_07926,2026-07-09T10:06:37Z,0.020000000000436557,passed,False
experiment_07927,2026-07-09T10:08:05Z,0.020000000000436557,passed,True
experiment_07928,2026-07-09T10:08:17Z,-2.1407166546400056,passed,True
experiment_07929,2026-07-09T10:08:18Z,-4.0200420530217205,passed,True
experiment_07930,2026-07-09T10:08:18Z,-1.7775869068935517,passed,True
experiment_07931,2026-07-09T10:08:21Z,-2.188763978771517,passed,True
experiment_07932,2026-07-09T10:14:27Z,,,
experiment_07933,2026-07-09T10:31:02Z,,,
experiment_07934,2026-07-09T10:33:55Z,,,
experiment_07935,2026-07-09T10:53:58Z,,,
experiment_07936,2026-07-09T10:55:53Z,,,
experiment_07937,2026-07-09T10:51:21Z,,failed,False
experiment_07938,2026-07-09T10:55:06Z,-2.1407166546400056,passed,True
experiment_07939,2026-07-09T10:55:07Z,-4.0200420530217205,passed,True
experiment_07940,2026-07-09T10:55:08Z,-1.7775869068935517,passed,True
experiment_07941,2026-07-09T10:55:12Z,-2.188763978771517,passed,True
experiment_07942,2026-07-09T11:08:37Z,0.34020090166958994,passed,True
experiment_07943,2026-07-09T11:14:05Z,,failed,False
experiment_07944,2026-07-09T11:19:53Z,,,
experiment_07945,2026-07-09T11:23:12Z,,,
experiment_07946,2026-07-09T11:44:14Z,0.009540106427536443,passed,
experiment_07947,2026-07-09T11:44:14Z,0.0024107289059571713,passed,
experiment_07948,2026-07-09T11:44:15Z,0.011950835333493615,passed,
experiment_07949,2026-07-09T12:07:11Z,,failed,False
experiment_07950,2026-07-09T12:08:23Z,,failed,False
experiment_07951,2026-07-09T12:12:18Z,0.05634871280671838,passed,
experiment_07952,2026-07-09T12:34:15Z,,,
experiment_07953,2026-07-09T12:44:30Z,,passed,False
experiment_07954,2026-07-09T12:56:57Z,0.09000000000014552,passed,True
experiment_07955,2026-07-09T13:08:50Z,0.05634871280671838,passed,False
experiment_07956,2026-07-09T13:08:50Z,0.016954880251063287,passed,False
experiment_07957,2026-07-09T13:08:51Z,0.013477715375731947,passed,False
experiment_07958,2026-07-09T13:08:51Z,0.011734641438938098,passed,False
experiment_07959,2026-07-09T13:08:51Z,0.007376218902344078,passed,False
experiment_07960,2026-07-09T13:08:51Z,0.005949273890209383,passed,False
experiment_07961,2026-07-09T13:08:51Z,0.0022830703125560348,passed,False
experiment_07962,2026-07-09T13:08:51Z,0.001635323340732242,passed,False
experiment_07963,2026-07-09T13:08:51Z,0.0011252462663247087,passed,False
experiment_07964,2026-07-09T13:25:15Z,1.7706592971879687,passed,False
experiment_07965,2026-07-09T13:31:29Z,,passed,False
experiment_07966,2026-07-09T13:48:14Z,,passed,False
experiment_07967,2026-07-09T13:41:41Z,0.05634871280671838,passed,False
experiment_07968,2026-07-09T13:41:41Z,0.04546237407675591,passed,False
experiment_07969,2026-07-09T13:41:41Z,0.016954880251063287,passed,False
experiment_07970,2026-07-09T13:41:42Z,0.013477715375731947,passed,False
experiment_07971,2026-07-09T13:41:42Z,0.011734641438938098,passed,False
experiment_07972,2026-07-09T13:41:42Z,0.007376218902344078,passed,False
experiment_07973,2026-07-09T13:41:42Z,0.005949273890209383,passed,False
experiment_07974,2026-07-09T13:41:42Z,0.0022830703125560348,passed,False
experiment_07975,2026-07-09T13:41:42Z,0.001635323340732242,passed,False
experiment_07976,2026-07-09T13:41:42Z,0.0011252462663247087,passed,False
experiment_07977,2026-07-09T13:41:42Z,0.0011223345734769907,passed,False
experiment_07978,2026-07-09T13:46:01Z,1.7706592971879687,passed,False
experiment_07979,2026-07-09T13:46:01Z,0.05634871280671838,passed,False
experiment_07980,2026-07-09T14:00:29Z,0.05634871280671838,passed,False
experiment_07981,2026-07-09T14:00:29Z,0.013477715375731947,passed,False
experiment_07982,2026-07-09T14:00:29Z,0.011734641438938098,passed,False
experiment_07983,2026-07-09T14:00:29Z,0.007376218902344078,passed,False
experiment_07984,2026-07-09T14:00:29Z,0.005949273890209383,passed,False
experiment_07985,2026-07-09T14:00:29Z,0.0022830703125560348,passed,False
experiment_07986,2026-07-09T14:00:29Z,0.001635323340732242,passed,False
experiment_07987,2026-07-09T14:00:29Z,0.0011252462663247087,passed,False
experiment_07988,2026-07-09T14:00:29Z,0.0011223345734769907,passed,False
experiment_07989,2026-07-09T14:09:36Z,,passed,False
experiment_07990,2026-07-09T14:29:01Z,0.05634871280671838,passed,False
experiment_07991,2026-07-09T14:29:01Z,0.04546237407675591,passed,False
experiment_07992,2026-07-09T14:29:01Z,0.016954880251063287,passed,False
experiment_07993,2026-07-09T14:29:01Z,0.013477715375731947,passed,False
experiment_07994,2026-07-09T14:29:01Z,0.011734641438938098,passed,False
experiment_07995,2026-07-09T14:29:01Z,0.007376218902344078,passed,False
experiment_07996,2026-07-09T14:29:01Z,0.005949273890209383,passed,False
experiment_07997,2026-07-09T14:29:01Z,0.0022830703125560348,passed,False
experiment_07998,2026-07-09T14:29:02Z,0.001635323340732242,passed,False
experiment_07999,2026-07-09T14:29:02Z,0.0011252462663247087,passed,False
experiment_08000,2026-07-09T14:29:02Z,0.0011223345734769907,passed,False
experiment_08001,2026-07-09T14:32:28Z,0.013477715375731947,passed,False
experiment_08002,2026-07-09T14:32:28Z,0.011734641438938098,passed,False
experiment_08003,2026-07-09T14:32:29Z,0.007376218902344078,passed,False
experiment_08004,2026-07-09T14:32:29Z,0.005949273890209383,passed,False
experiment_08005,2026-07-09T14:32:29Z,0.0022830703125560348,passed,False
experiment_08006,2026-07-09T14:32:29Z,0.001635323340732242,passed,False
experiment_08007,2026-07-09T14:38:20Z,0.0,passed,False
experiment_08008,2026-07-09T14:51:57Z,0.013477715375731947,passed,False
experiment_08009,2026-07-09T14:51:57Z,0.011734641438938098,passed,False
experiment_08010,2026-07-09T14:51:57Z,0.007376218902344078,passed,False
experiment_08011,2026-07-09T14:51:57Z,0.005949273890209383,passed,False
experiment_08012,2026-07-09T14:51:57Z,0.0022830703125560348,passed,False
experiment_08013,2026-07-09T14:51:58Z,0.001635323340732242,passed,False
experiment_08014,2026-07-09T14:51:58Z,0.0011223345734769907,passed,False
experiment_08015,2026-07-09T14:55:27Z,0.13000000000010914,passed,True
experiment_08016,2026-07-09T15:00:15Z,0.0,passed,False
experiment_08017,2026-07-09T15:02:10Z,0.0,passed,False
experiment_08018,2026-07-09T15:31:00Z,0.0,passed,False
experiment_08019,2026-07-09T15:23:52Z,0.0022830703125560348,passed,False
experiment_08020,2026-07-09T15:24:16Z,0.05634871280671838,passed,False
experiment_08021,2026-07-09T15:24:17Z,0.0011252462663247087,passed,False
experiment_08022,2026-07-09T15:25:21Z,0.0011252462663247087,passed,False
experiment_08023,2026-07-09T15:25:40Z,0.013477715375731947,passed,False
experiment_08024,2026-07-09T15:25:40Z,0.011734641438938098,passed,False
experiment_08025,2026-07-09T15:25:40Z,0.007376218902344078,passed,False
experiment_08026,2026-07-09T15:25:40Z,0.005949273890209383,passed,False
experiment_08027,2026-07-09T15:25:41Z,0.0022830703125560348,passed,False
experiment_08028,2026-07-09T15:25:41Z,0.001635323340732242,passed,False
experiment_08029,2026-07-09T15:28:49Z,0.04245624326051178,passed,False
experiment_08030,2026-07-09T15:29:03Z,0.0011223345734769907,passed,False
experiment_08031,2026-07-09T15:33:07Z,0.5313154351072775,passed,False
experiment_08032,2026-07-09T15:34:15Z,0.5313154351072775,passed,False
experiment_08033,2026-07-09T15:34:15Z,0.05634871280671838,passed,False
experiment_08034,2026-07-09T15:34:15Z,0.04546237407675591,passed,False
experiment_08035,2026-07-09T15:34:15Z,0.016954880251063287,passed,False
experiment_08036,2026-07-09T15:34:15Z,0.013477715375731947,passed,False
experiment_08037,2026-07-09T15:34:15Z,0.011734641438938098,passed,False
experiment_08038,2026-07-09T15:34:15Z,0.007376218902344078,passed,False
experiment_08039,2026-07-09T15:34:15Z,0.005949273890209383,passed,False
experiment_08040,2026-07-09T15:34:16Z,0.005949273890209383,passed,False
experiment_08041,2026-07-09T15:34:16Z,0.0022830703125560348,passed,False
experiment_08042,2026-07-09T15:34:16Z,0.0019193863858042448,passed,False
experiment_08043,2026-07-09T15:34:16Z,0.001635323340732242,passed,False
experiment_08044,2026-07-09T15:34:16Z,0.0013123361463502903,passed,False
experiment_08045,2026-07-09T15:34:16Z,0.0011252462663247087,passed,False
experiment_08046,2026-07-09T15:34:16Z,0.0011223345734769907,passed,False
experiment_08047,2026-07-09T15:34:17Z,0.0011223345734769907,passed,False
experiment_08048,2026-07-09T15:34:17Z,0.0010473032900009116,passed,False
experiment_08049,2026-07-09T15:34:42Z,0.0,passed,False
experiment_08050,2026-07-09T15:43:20Z,0.0,passed,False
experiment_08051,2026-07-09T15:55:24Z,,failed,False
experiment_08052,2026-07-09T15:56:12Z,,failed,False
experiment_08053,2026-07-09T15:59:23Z,0.010000000000218279,passed,True
experiment_08054,2026-07-09T16:20:55Z,0.11999999999989086,passed,False
experiment_08055,2026-07-09T16:21:20Z,0.11999999999989086,passed,True
experiment_08056,2026-07-09T16:28:57Z,0.028978527884779837,pending,False
experiment_08057,2026-07-09T16:28:57Z,0.028978527884779837,passed,False
experiment_08058,2026-07-09T16:30:13Z,0.02897852788464661,,False
experiment_08059,2026-07-09T16:50:00Z,,,
experiment_08060,2026-07-09T16:52:33Z,-2.1407166546400056,passed,True
experiment_08061,2026-07-09T16:52:34Z,-4.0200420530217205,passed,True
experiment_08062,2026-07-09T16:52:36Z,-1.7775869068935517,passed,True
experiment_08063,2026-07-09T16:52:41Z,-2.188763978771517,passed,True
experiment_08064,2026-07-09T16:55:01Z,0.13078961476825413,passed,False
experiment_08065,2026-07-09T16:56:53Z,0.1307896147682186,,False
experiment_08066,2026-07-09T17:01:32Z,0.10181108688347429,passed,False
experiment_08067,2026-07-09T17:02:46Z,0.10181108688357199,,False
experiment_08068,2026-07-09T17:04:00Z,,,
experiment_08069,2026-07-09T17:07:31Z,-3.9559436676069346,passed,True
experiment_08070,2026-07-09T17:07:31Z,-3.508414012467391,passed,True
experiment_08071,2026-07-09T17:07:32Z,-6.500353280604248,passed,True
experiment_08072,2026-07-09T17:15:00Z,,,
experiment_08073,2026-07-09T17:28:17Z,0.0,passed,False
experiment_08074,2026-07-09T17:29:22Z,0.0,passed,False
experiment_08075,2026-07-09T17:36:38Z,-2.1407166546400056,passed,True
experiment_08076,2026-07-09T17:36:38Z,-4.0200420530217205,passed,True
experiment_08077,2026-07-09T17:36:39Z,-1.7775869068935517,passed,True
experiment_08078,2026-07-09T17:36:43Z,-2.188763978771517,passed,True
experiment_08079,2026-07-09T17:40:05Z,0.001635323340732242,passed,False
experiment_08080,2026-07-09T17:50:00Z,,passed,False
experiment_08081,2026-07-09T17:57:44Z,-0.7300000000004729,passed,False
experiment_08082,2026-07-09T17:57:52Z,-0.7300000000004729,passed,True
experiment_08083,2026-07-09T18:10:00Z,,,
experiment_08084,2026-07-09T18:23:00Z,0.29026324423587013,passed,True
experiment_08085,2026-07-08T10:28:50Z,0.0,failed,False
experiment_08086,2026-07-08T23:06:28Z,0.0767209471074537,passed,True
experiment_08087,2026-07-09T03:20:54Z,0.0707389190738219,passed,False
experiment_08088,2026-07-09T03:20:54Z,0.0707389190738219,passed,False
experiment_08089,2026-07-09T03:20:54Z,0.058053937514099374,passed,False
experiment_08090,2026-07-09T04:35:43Z,0,completed-no-candidate,False
experiment_08091,2026-07-09T08:36:03Z,0.019999999999527063,passed,False
experiment_08092,2026-07-09T13:08:51Z,0.013477715375731947,passed,False
experiment_08093,2026-07-09T13:08:51Z,0.007376218902344078,passed,False
experiment_08094,2026-07-09T13:08:51Z,0.005949273890209383,passed,False
experiment_08095,2026-07-09T13:08:51Z,0.001635323340732242,passed,False
experiment_08096,2026-07-09T13:41:42Z,0.0011223345734769907,passed,False
experiment_08097,2026-07-09T13:48:14Z,,passed,False
experiment_08098,2026-07-09T15:34:15Z,0.013477715375731947,passed,False
experiment_08099,2026-07-09T15:34:15Z,0.007376218902344078,passed,False
experiment_08100,2026-07-09T15:34:16Z,0.0022830703125560348,passed,False
experiment_08101,2026-07-09T15:34:16Z,0.001635323340732242,passed,False
experiment_08102,2026-07-09T15:34:16Z,0.0011252462663247087,passed,False
experiment_08103,2026-07-09T15:34:16Z,0.0011252462663247087,passed,False
experiment_08104,2026-07-09T16:56:53Z,0.1307896147682186,,False
experiment_08105,2026-07-09T18:45:00Z,,,
experiment_08106,2026-07-09T18:46:00Z,,,
experiment_08107,2026-07-09T19:00:00Z,,,
experiment_08108,2026-07-09T18:55:40Z,0.04546237407675591,passed,False
experiment_08109,2026-07-09T18:55:40Z,0.016954880251063287,passed,False
experiment_08110,2026-07-09T18:55:41Z,0.011734641438938098,passed,False
experiment_08111,2026-07-09T18:55:41Z,0.007376218902344078,passed,False
experiment_08112,2026-07-09T18:55:41Z,0.005949273890209383,passed,False
experiment_08113,2026-07-09T18:55:41Z,0.0022830703125560348,passed,False
experiment_08114,2026-07-09T18:55:42Z,0.0022830703125560348,passed,False
experiment_08115,2026-07-09T18:55:42Z,0.001635323340732242,passed,False
experiment_08116,2026-07-09T18:55:42Z,0.0013123361463502903,passed,False
experiment_08117,2026-07-09T18:55:42Z,0.0011252462663247087,passed,False
experiment_08118,2026-07-09T18:55:42Z,0.0011252462663247087,passed,False
experiment_08119,2026-07-09T18:55:43Z,0.0011223345734769907,passed,False
experiment_08120,2026-07-09T18:55:43Z,0.0010473032900009116,passed,False
experiment_08121,2026-07-09T19:06:30Z,,,False
experiment_08122,2026-07-09T19:28:00Z,,,
experiment_08123,2026-07-09T19:28:00Z,0.13219067687884234,passed,
experiment_08124,2026-07-09T19:41:47Z,0.13219067687884234,,
experiment_08125,2026-07-09T20:06:39Z,0.2755964707182663,passed,
experiment_08126,2026-07-09T20:09:27Z,,,
experiment_08127,2026-07-09T20:15:41Z,0.12149984348419451,passed,
experiment_08128,2026-07-09T20:23:57Z,0.12149984348419451,,
experiment_08129,2026-07-09T20:31:39Z,,,
experiment_08130,2026-07-09T20:37:59Z,0.12111235257536634,passed,True
experiment_08131,2026-07-09T20:38:45Z,0.12111235257536634,passed,True
experiment_08132,2026-07-09T20:40:09Z,,,
experiment_08133,2026-07-09T20:53:48Z,0.12025448454358312,passed,
experiment_08134,2026-07-09T20:59:23Z,,,
experiment_08135,2026-07-09T21:00:17Z,0.12111235257536634,passed,True
experiment_08136,2026-07-09T21:01:34Z,0.12111235257536634,,
experiment_08137,2026-07-09T21:03:16Z,0.12111235257536634,,
experiment_08138,2026-07-09T21:37:51Z,,,
experiment_08139,2026-07-09T22:00:21Z,0.050876293663534966,passed,True
experiment_08140,2026-07-09T22:25:43Z,,,
experiment_08141,2026-07-09T22:25:43Z,,,
experiment_08142,2026-07-09T22:58:44Z,0.12093283719328163,passed,True
experiment_08143,2026-07-09T22:42:00Z,,,
experiment_08144,2026-07-09T22:47:00Z,-0.0215476,,
experiment_08145,2026-07-09T22:52:00Z,,,
experiment_08146,2026-07-09T23:07:23Z,0.12093283719328163,,
experiment_08147,2026-07-09T23:09:52Z,,,
