record_id,timestamp_utc,status,public_score
submission_00001,2026-04-27T22:19:53Z,GATE_REJECTED,
submission_00002,2026-04-28T00:11:41Z,SubmissionStatus.ERROR,
submission_00003,2026-04-28T00:17:45Z,SubmissionStatus.ERROR,
submission_00004,2026-04-28T01:07:08Z,SubmissionStatus.ERROR,
submission_00005,2026-04-28T01:14:00Z,SubmissionStatus.ERROR,
submission_00006,2026-04-28T01:39:20Z,SubmissionStatus.COMPLETE,6291.27
submission_00007,2026-04-28T01:46:16Z,SubmissionStatus.COMPLETE,6291.03
submission_00008,2026-04-28T01:56:53Z,SubmissionStatus.COMPLETE,6304.42
submission_00009,2026-04-28T02:02:31Z,SubmissionStatus.COMPLETE,6304.42
submission_00010,2026-04-28T02:08:08Z,SubmissionStatus.COMPLETE,6304.76
submission_00011,2026-04-28T02:23:33Z,SubmissionStatus.COMPLETE,6292.43
submission_00012,2026-04-28T02:42:49Z,SubmissionStatus.COMPLETE,6304.76
submission_00013,2026-04-28T02:53:12Z,SubmissionStatus.COMPLETE,6304.95
submission_00014,2026-04-28T03:09:27Z,SubmissionStatus.COMPLETE,6239.07
submission_00015,2026-04-28T03:21:03Z,SubmissionStatus.COMPLETE,6277.87
submission_00016,2026-04-28T03:28:33Z,SubmissionStatus.COMPLETE,6259.21
submission_00017,2026-04-28T03:34:07Z,SubmissionStatus.COMPLETE,6258.43
submission_00018,2026-04-28T03:40:46Z,SubmissionStatus.COMPLETE,6258.28
submission_00019,2026-04-28T03:46:25Z,SubmissionStatus.COMPLETE,6257.27
submission_00020,2026-04-28T03:52:00Z,SubmissionStatus.COMPLETE,6257.27
submission_00021,2026-04-28T03:57:37Z,SubmissionStatus.COMPLETE,6274.29
submission_00022,2026-04-28T04:08:34Z,SubmissionStatus.COMPLETE,6263.41
submission_00023,2026-04-28T04:14:41Z,SubmissionStatus.COMPLETE,6260.75
submission_00024,2026-04-28T04:21:18Z,SubmissionStatus.COMPLETE,6289.08
submission_00025,2026-04-28T04:27:53Z,SubmissionStatus.COMPLETE,6304.95
submission_00026,2026-04-28T04:33:58Z,SubmissionStatus.COMPLETE,6270.0
submission_00027,2026-04-28T04:40:33Z,SubmissionStatus.COMPLETE,6304.94
submission_00028,2026-04-28T04:47:09Z,SubmissionStatus.COMPLETE,6304.94
submission_00029,2026-04-28T04:53:44Z,SubmissionStatus.COMPLETE,6304.93
submission_00030,2026-04-28T05:00:22Z,SubmissionStatus.COMPLETE,6304.92
submission_00031,2026-04-28T05:07:00Z,SubmissionStatus.COMPLETE,6289.05
submission_00032,2026-04-28T05:13:36Z,SubmissionStatus.COMPLETE,6304.88
submission_00033,2026-04-28T05:19:08Z,SubmissionStatus.COMPLETE,6257.28
submission_00034,2026-04-28T05:25:43Z,SubmissionStatus.COMPLETE,6273.13
submission_00035,2026-04-28T05:32:16Z,SubmissionStatus.COMPLETE,6304.78
submission_00036,2026-04-28T05:38:49Z,SubmissionStatus.COMPLETE,6304.7
submission_00037,2026-04-28T05:45:23Z,SubmissionStatus.COMPLETE,6273.42
submission_00038,2026-04-28T14:28:12Z,SubmissionStatus.COMPLETE,6304.95
submission_00039,2026-04-28T14:34:47Z,SubmissionStatus.COMPLETE,6304.95
submission_00040,2026-04-28T14:55:28Z,SubmissionStatus.COMPLETE,6304.94
submission_00041,2026-04-28T15:01:58Z,SubmissionStatus.COMPLETE,6304.94
submission_00042,2026-04-28T15:23:26Z,SubmissionStatus.COMPLETE,6310.51
submission_00043,2026-04-28T15:38:23Z,SubmissionStatus.COMPLETE,6313.65
submission_00044,2026-04-28T15:44:52Z,SubmissionStatus.COMPLETE,6317.55
submission_00045,2026-04-28T15:50:08Z,SubmissionStatus.COMPLETE,6321.06
submission_00046,2026-04-28T15:56:16Z,SubmissionStatus.COMPLETE,6321.06
submission_00047,2026-04-28T16:02:32Z,SubmissionStatus.COMPLETE,6321.06
submission_00048,2026-04-28T16:15:29Z,SubmissionStatus.COMPLETE,6321.05
submission_00049,2026-04-28T16:32:44Z,SubmissionStatus.COMPLETE,6321.06
submission_00050,2026-04-28T16:38:32Z,SubmissionStatus.COMPLETE,6321.83
submission_00051,2026-04-28T16:47:28Z,SubmissionStatus.COMPLETE,6320.3
submission_00052,2026-04-28T16:53:34Z,SubmissionStatus.COMPLETE,6321.83
submission_00053,2026-04-28T16:59:35Z,SubmissionStatus.COMPLETE,6319.92
submission_00054,2026-04-28T17:08:48Z,SubmissionStatus.COMPLETE,6312.89
submission_00055,2026-04-28T17:23:49Z,SubmissionStatus.COMPLETE,6321.83
submission_00056,2026-04-28T17:29:15Z,SubmissionStatus.COMPLETE,6174.68
submission_00057,2026-04-28T17:34:36Z,SubmissionStatus.COMPLETE,6280.34
submission_00058,2026-04-28T17:51:58Z,SubmissionStatus.COMPLETE,6335.19
submission_00059,2026-04-28T18:08:16Z,SubmissionStatus.COMPLETE,6322.34
submission_00060,2026-04-28T18:10:56Z,SubmissionStatus.COMPLETE,6349.95
submission_00061,2026-04-28T18:27:51Z,SubmissionStatus.COMPLETE,6354.84
submission_00062,2026-04-28T18:33:46Z,SubmissionStatus.COMPLETE,6359.27
submission_00063,2026-04-28T18:40:18Z,SubmissionStatus.COMPLETE,6345.51
submission_00064,2026-04-28T18:46:13Z,SubmissionStatus.COMPLETE,6359.27
submission_00065,2026-04-28T18:52:02Z,SubmissionStatus.COMPLETE,6359.27
submission_00066,2026-04-28T19:08:28Z,SubmissionStatus.COMPLETE,6359.27
submission_00067,2026-04-28T19:19:59Z,SubmissionStatus.COMPLETE,6359.63
submission_00068,2026-04-28T19:42:20Z,SubmissionStatus.COMPLETE,6347.3
submission_00069,2026-04-28T19:52:37Z,SubmissionStatus.COMPLETE,6363.27
submission_00070,2026-04-28T20:02:15Z,SubmissionStatus.COMPLETE,6366.45
submission_00071,2026-04-28T20:12:11Z,SubmissionStatus.COMPLETE,6382.21
submission_00072,2026-04-28T20:24:32Z,SubmissionStatus.COMPLETE,6384.69
submission_00073,2026-04-28T20:33:28Z,SubmissionStatus.COMPLETE,6387.04
submission_00074,2026-04-28T20:42:48Z,SubmissionStatus.COMPLETE,6389.48
submission_00075,2026-04-28T20:52:12Z,SubmissionStatus.COMPLETE,6391.6
submission_00076,2026-04-28T21:00:04Z,SubmissionStatus.COMPLETE,6392.95
submission_00077,2026-04-28T21:09:34Z,SubmissionStatus.ERROR,
submission_00078,2026-04-28T21:09:52Z,SubmissionStatus.ERROR,
submission_00079,2026-04-28T21:24:32Z,SubmissionStatus.ERROR,
submission_00080,2026-04-28T21:42:49Z,SubmissionStatus.ERROR,
submission_00081,2026-04-28T22:04:01Z,SubmissionStatus.ERROR,
submission_00082,2026-04-28T22:23:51Z,SubmissionStatus.ERROR,
submission_00083,2026-04-28T22:33:20Z,SubmissionStatus.ERROR,
submission_00084,2026-04-28T22:34:10Z,SubmissionStatus.ERROR,
submission_00085,2026-04-28T22:37:33Z,SubmissionStatus.ERROR,
submission_00086,2026-04-28T22:39:29Z,SubmissionStatus.ERROR,
submission_00087,2026-04-28T22:41:29Z,SubmissionStatus.ERROR,
submission_00088,2026-04-28T22:42:41Z,SubmissionStatus.ERROR,
submission_00089,2026-04-28T22:45:10Z,SubmissionStatus.ERROR,
submission_00090,2026-04-28T22:47:05Z,SubmissionStatus.ERROR,
submission_00091,2026-04-28T22:48:57Z,SubmissionStatus.ERROR,
submission_00092,2026-04-28T22:50:53Z,SubmissionStatus.ERROR,
submission_00093,2026-04-29T00:03:24Z,SubmissionStatus.ERROR,
submission_00094,2026-04-29T00:15:18Z,SubmissionStatus.ERROR,
submission_00095,2026-04-29T00:22:45Z,SubmissionStatus.ERROR,
submission_00096,2026-04-29T00:37:06Z,SubmissionStatus.PENDING,
submission_00097,2026-04-29T00:41:02Z,SubmissionStatus.ERROR,
submission_00098,2026-04-29T01:31:34Z,SubmissionStatus.COMPLETE,4868.45
submission_00099,2026-04-29T01:35:59Z,SubmissionStatus.COMPLETE,4872.02
submission_00100,2026-04-29T01:40:10Z,SubmissionStatus.COMPLETE,4869.91
submission_00101,2026-04-29T01:44:55Z,SubmissionStatus.COMPLETE,4869.44
submission_00102,2026-04-29T01:49:27Z,SubmissionStatus.COMPLETE,4869.07
submission_00103,2026-04-29T01:51:32Z,SubmissionStatus.COMPLETE,4869.0
submission_00104,2026-04-29T01:55:20Z,SubmissionStatus.COMPLETE,4878.39
submission_00105,2026-04-29T01:57:31Z,SubmissionStatus.COMPLETE,4877.19
submission_00106,2026-04-29T02:00:17Z,SubmissionStatus.COMPLETE,4875.85
submission_00107,2026-04-29T02:02:29Z,SubmissionStatus.COMPLETE,4874.61
submission_00108,2026-04-29T02:05:30Z,SubmissionStatus.COMPLETE,4874.42
submission_00109,2026-04-29T02:07:12Z,SubmissionStatus.COMPLETE,4874.39
submission_00110,2026-04-29T02:10:55Z,SubmissionStatus.COMPLETE,4868.45
submission_00111,2026-04-29T02:15:58Z,SubmissionStatus.COMPLETE,4873.73
submission_00112,2026-04-29T02:21:46Z,SubmissionStatus.COMPLETE,4873.62
submission_00113,2026-04-29T02:26:17Z,SubmissionStatus.COMPLETE,4881.6
submission_00114,2026-04-29T02:32:43Z,SubmissionStatus.COMPLETE,4891.54
submission_00115,2026-04-29T02:38:06Z,SubmissionStatus.COMPLETE,4900.29
submission_00116,2026-04-29T02:43:13Z,SubmissionStatus.COMPLETE,4907.7
submission_00117,2026-04-29T02:48:27Z,SubmissionStatus.COMPLETE,4913.87
submission_00118,2026-04-29T03:03:30Z,SubmissionStatus.COMPLETE,4919.84
submission_00119,2026-04-29T03:11:25Z,SubmissionStatus.COMPLETE,4925.79
submission_00120,2026-04-29T03:15:21Z,SubmissionStatus.COMPLETE,4931.07
submission_00121,2026-04-29T03:19:49Z,SubmissionStatus.COMPLETE,4936.25
submission_00122,2026-04-29T03:23:40Z,SubmissionStatus.COMPLETE,4941.11
submission_00123,2026-04-29T03:28:04Z,SubmissionStatus.COMPLETE,4945.25
submission_00124,2026-04-29T03:31:57Z,SubmissionStatus.COMPLETE,4949.26
submission_00125,2026-04-29T03:36:15Z,SubmissionStatus.COMPLETE,4953.23
submission_00126,2026-04-29T03:40:37Z,SubmissionStatus.COMPLETE,4957.1
submission_00127,2026-04-29T03:44:56Z,SubmissionStatus.COMPLETE,4960.93
submission_00128,2026-04-29T03:48:43Z,SubmissionStatus.COMPLETE,4964.35
submission_00129,2026-04-29T03:53:31Z,SubmissionStatus.COMPLETE,4967.76
submission_00130,2026-04-29T03:57:49Z,SubmissionStatus.COMPLETE,4970.77
submission_00131,2026-04-29T04:02:12Z,SubmissionStatus.COMPLETE,4973.76
submission_00132,2026-04-29T04:06:29Z,SubmissionStatus.COMPLETE,4976.72
submission_00133,2026-04-29T04:10:15Z,SubmissionStatus.COMPLETE,4979.56
submission_00134,2026-04-29T04:14:33Z,SubmissionStatus.COMPLETE,4982.3
submission_00135,2026-04-29T04:18:50Z,SubmissionStatus.COMPLETE,4984.93
submission_00136,2026-04-29T04:22:37Z,SubmissionStatus.COMPLETE,4987.57
submission_00137,2026-04-29T04:26:55Z,SubmissionStatus.COMPLETE,4990.14
submission_00138,2026-04-29T04:31:13Z,SubmissionStatus.COMPLETE,4992.58
submission_00139,2026-04-29T04:35:30Z,SubmissionStatus.COMPLETE,4994.99
submission_00140,2026-04-29T04:39:15Z,SubmissionStatus.ERROR,
submission_00141,2026-04-29T13:04:03Z,SubmissionStatus.COMPLETE,4997.34
submission_00142,2026-04-29T13:06:21Z,SubmissionStatus.COMPLETE,4997.34
submission_00143,2026-04-29T13:14:41Z,SubmissionStatus.COMPLETE,4978.49
submission_00144,2026-04-29T13:15:04Z,SubmissionStatus.COMPLETE,4978.49
submission_00145,2026-04-29T13:20:10Z,SubmissionStatus.COMPLETE,4998.68
submission_00146,2026-04-29T13:20:43Z,SubmissionStatus.COMPLETE,4998.68
submission_00147,2026-04-29T13:43:31Z,SubmissionStatus.COMPLETE,4998.68
submission_00148,2026-04-29T13:52:59Z,SubmissionStatus.COMPLETE,4987.93
submission_00149,2026-04-29T13:57:15Z,SubmissionStatus.COMPLETE,5001.1
submission_00150,2026-04-29T14:01:32Z,SubmissionStatus.COMPLETE,5002.84
submission_00151,2026-04-29T14:05:49Z,SubmissionStatus.COMPLETE,5004.51
submission_00152,2026-04-29T14:09:46Z,SubmissionStatus.COMPLETE,5006.11
submission_00153,2026-04-29T14:13:44Z,SubmissionStatus.COMPLETE,5019.11
submission_00154,2026-04-29T14:25:02Z,SubmissionStatus.COMPLETE,5021.32
submission_00155,2026-04-29T14:29:59Z,SubmissionStatus.COMPLETE,5022.79
submission_00156,2026-04-29T14:34:45Z,SubmissionStatus.COMPLETE,5023.79
submission_00157,2026-04-29T14:48:51Z,SubmissionStatus.COMPLETE,5027.02
submission_00158,2026-04-29T14:54:45Z,SubmissionStatus.COMPLETE,5028.14
submission_00159,2026-04-29T15:02:59Z,SubmissionStatus.COMPLETE,5028.94
submission_00160,2026-04-29T15:08:10Z,SubmissionStatus.COMPLETE,5031.25
submission_00161,2026-04-29T15:22:03Z,SubmissionStatus.COMPLETE,5034.76
submission_00162,2026-04-29T15:27:37Z,SubmissionStatus.COMPLETE,5037.59
submission_00163,2026-04-29T15:31:46Z,SubmissionStatus.COMPLETE,5026.68
submission_00164,2026-04-29T15:36:58Z,SubmissionStatus.COMPLETE,5039.94
submission_00165,2026-04-29T15:41:48Z,SubmissionStatus.COMPLETE,5029.37
submission_00166,2026-04-29T15:46:31Z,SubmissionStatus.COMPLETE,5030.93
submission_00167,2026-04-29T15:51:03Z,SubmissionStatus.COMPLETE,5042.17
submission_00168,2026-04-29T15:55:35Z,SubmissionStatus.COMPLETE,5044.36
submission_00169,2026-04-29T16:01:24Z,SubmissionStatus.COMPLETE,5046.41
submission_00170,2026-04-29T16:05:17Z,SubmissionStatus.COMPLETE,5048.36
submission_00171,2026-04-29T16:09:30Z,SubmissionStatus.COMPLETE,5050.1
submission_00172,2026-04-29T16:13:02Z,SubmissionStatus.COMPLETE,5051.82
submission_00173,2026-04-29T16:17:16Z,SubmissionStatus.COMPLETE,5053.33
submission_00174,2026-04-29T16:21:28Z,SubmissionStatus.COMPLETE,5054.84
submission_00175,2026-04-29T16:27:27Z,SubmissionStatus.COMPLETE,5056.22
submission_00176,2026-04-29T16:32:01Z,SubmissionStatus.COMPLETE,5043.23
submission_00177,2026-04-29T16:35:34Z,SubmissionStatus.COMPLETE,5057.6
submission_00178,2026-04-29T16:39:47Z,SubmissionStatus.COMPLETE,5058.87
submission_00179,2026-04-29T16:44:00Z,SubmissionStatus.COMPLETE,5046.42
submission_00180,2026-04-29T16:47:54Z,SubmissionStatus.COMPLETE,5060.11
submission_00181,2026-04-29T16:52:50Z,SubmissionStatus.COMPLETE,5046.81
submission_00182,2026-04-29T16:56:49Z,SubmissionStatus.COMPLETE,5061.32
submission_00183,2026-04-29T17:01:09Z,SubmissionStatus.COMPLETE,5062.5
submission_00184,2026-04-29T17:05:24Z,SubmissionStatus.COMPLETE,5062.5
submission_00185,2026-04-29T17:09:37Z,SubmissionStatus.COMPLETE,5063.64
submission_00186,2026-04-29T17:13:09Z,SubmissionStatus.COMPLETE,5064.71
submission_00187,2026-04-29T17:17:24Z,SubmissionStatus.COMPLETE,5065.76
submission_00188,2026-04-29T17:21:57Z,SubmissionStatus.COMPLETE,5053.66
submission_00189,2026-04-29T17:27:14Z,SubmissionStatus.COMPLETE,5066.7
submission_00190,2026-04-29T17:31:27Z,SubmissionStatus.COMPLETE,5067.54
submission_00191,2026-04-29T17:35:39Z,SubmissionStatus.COMPLETE,5068.38
submission_00192,2026-04-29T17:39:11Z,SubmissionStatus.COMPLETE,5069.14
submission_00193,2026-04-29T17:43:24Z,SubmissionStatus.COMPLETE,5069.83
submission_00194,2026-04-29T17:47:40Z,SubmissionStatus.COMPLETE,5070.47
submission_00195,2026-04-29T17:51:54Z,SubmissionStatus.COMPLETE,5071.09
submission_00196,2026-04-29T17:56:08Z,SubmissionStatus.COMPLETE,5071.7
submission_00197,2026-04-29T20:47:23Z,SubmissionStatus.COMPLETE,5072.3
submission_00198,2026-04-29T20:53:49Z,SubmissionStatus.COMPLETE,5072.9
submission_00199,2026-04-29T20:57:49Z,SubmissionStatus.COMPLETE,5073.46
submission_00200,2026-04-29T21:02:28Z,SubmissionStatus.COMPLETE,5073.99
submission_00201,2026-04-30T00:40:54Z,SubmissionStatus.COMPLETE,5082.45
submission_00202,2026-04-30T00:41:25Z,SubmissionStatus.COMPLETE,5082.45
submission_00203,2026-04-30T01:23:46Z,SubmissionStatus.COMPLETE,5082.45
submission_00204,2026-04-30T01:27:21Z,SubmissionStatus.COMPLETE,5086.02
submission_00205,2026-04-30T01:31:33Z,SubmissionStatus.COMPLETE,5087.48
submission_00206,2026-04-30T01:36:03Z,SubmissionStatus.COMPLETE,5088.48
submission_00207,2026-04-30T01:40:15Z,SubmissionStatus.COMPLETE,5074.51
submission_00208,2026-04-30T01:44:30Z,SubmissionStatus.COMPLETE,5089.03
submission_00209,2026-04-30T01:48:44Z,SubmissionStatus.COMPLETE,5089.5
submission_00210,2026-04-30T01:52:56Z,SubmissionStatus.COMPLETE,5089.95
submission_00211,2026-04-30T01:56:53Z,SubmissionStatus.COMPLETE,5090.35
submission_00212,2026-04-30T02:01:07Z,SubmissionStatus.COMPLETE,5090.76
submission_00213,2026-04-30T02:09:30Z,SubmissionStatus.COMPLETE,5091.14
submission_00214,2026-04-30T02:13:48Z,SubmissionStatus.COMPLETE,5091.5
submission_00215,2026-04-30T02:18:05Z,SubmissionStatus.COMPLETE,5091.84
submission_00216,2026-04-30T02:22:22Z,SubmissionStatus.COMPLETE,5092.15
submission_00217,2026-04-30T02:26:36Z,SubmissionStatus.COMPLETE,5092.42
submission_00218,2026-04-30T02:31:39Z,SubmissionStatus.COMPLETE,5092.65
submission_00219,2026-04-30T02:35:29Z,SubmissionStatus.COMPLETE,5092.88
submission_00220,2026-04-30T02:39:43Z,SubmissionStatus.COMPLETE,5093.07
submission_00221,2026-04-30T02:43:37Z,SubmissionStatus.COMPLETE,5093.26
submission_00222,2026-04-30T02:47:48Z,SubmissionStatus.COMPLETE,5093.41
submission_00223,2026-04-30T13:35:24Z,SubmissionStatus.COMPLETE,5093.95
submission_00224,2026-04-30T16:45:02Z,,7114.21
submission_00225,2026-04-30T16:47:14Z,,7125.46
submission_00226,2026-04-30T16:49:14Z,,7136.66
submission_00227,2026-04-30T16:51:03Z,,7147.71
submission_00228,2026-04-30T16:52:42Z,,7158.74
submission_00229,2026-04-30T16:54:43Z,,7169.77
submission_00230,2026-04-30T16:56:54Z,,7180.74
submission_00231,2026-04-30T17:02:20Z,SubmissionStatus.ERROR,
submission_00232,2026-04-30T16:59:05Z,,
submission_00233,2026-04-30T17:33:41Z,,7191.45
submission_00234,2026-04-30T17:35:33Z,,7201.99
submission_00235,2026-04-30T17:37:46Z,,7212.35
submission_00236,2026-04-30T17:39:58Z,,7222.63
submission_00237,2026-04-30T17:42:11Z,,7232.83
submission_00238,2026-04-30T17:44:22Z,,7243.03
submission_00239,2026-04-30T17:46:32Z,,7252.66
submission_00240,2026-04-30T17:48:33Z,,7262.15
submission_00241,2026-04-30T17:50:13Z,,7270.89
submission_00242,2026-04-30T17:52:15Z,,7279.57
submission_00243,2026-04-30T17:54:16Z,,7288.14
submission_00244,2026-04-30T17:56:52Z,,7296.69
submission_00245,2026-04-30T17:59:15Z,,7305.24
submission_00246,2026-04-30T18:01:16Z,,7313.77
submission_00247,2026-04-30T18:03:17Z,,7322.22
submission_00248,2026-04-30T18:05:30Z,,7330.61
submission_00249,2026-04-30T18:07:41Z,,7339.01
submission_00250,2026-04-30T18:09:44Z,,7347.24
submission_00251,2026-04-30T18:19:27Z,,7355.46
submission_00252,2026-04-30T18:21:57Z,SubmissionStatus.COMPLETE,7355.46
submission_00253,2026-04-30T18:23:08Z,,231.01
submission_00254,2026-04-30T18:24:49Z,,231.01
submission_00255,2026-05-01T00:01:04Z,SubmissionStatus.COMPLETE,4960.1
submission_00256,2026-05-01T00:23:14Z,SubmissionStatus.COMPLETE,4951.64
submission_00257,2026-05-01T01:05:03Z,SubmissionStatus.COMPLETE,5088.52
submission_00258,2026-05-01T01:17:48Z,SubmissionStatus.COMPLETE,5077.77
submission_00259,2026-05-01T02:14:30Z,SubmissionStatus.COMPLETE,5090.04
submission_00260,2026-05-01T02:18:02Z,SubmissionStatus.COMPLETE,5091.55
submission_00261,2026-05-01T02:32:36Z,SubmissionStatus.COMPLETE,5102.04
submission_00262,2026-05-01T02:53:02Z,SubmissionStatus.COMPLETE,5109.85
submission_00263,2026-05-01T02:59:13Z,SubmissionStatus.COMPLETE,5113.01
submission_00264,2026-05-01T03:11:00Z,SubmissionStatus.COMPLETE,5114.42
submission_00265,2026-05-01T03:16:46Z,SubmissionStatus.COMPLETE,5115.68
submission_00266,2026-05-01T03:23:45Z,SubmissionStatus.COMPLETE,5116.76
submission_00267,2026-05-01T03:27:07Z,SubmissionStatus.COMPLETE,5117.61
submission_00268,2026-05-01T03:30:10Z,SubmissionStatus.COMPLETE,5118.46
submission_00269,2026-05-01T03:56:49Z,SubmissionStatus.COMPLETE,5119.29
submission_00270,2026-05-01T04:01:24Z,SubmissionStatus.COMPLETE,5119.97
submission_00271,2026-05-01T04:05:25Z,SubmissionStatus.COMPLETE,5120.47
submission_00272,2026-05-01T04:11:35Z,SubmissionStatus.COMPLETE,5124.08
submission_00273,2026-05-01T04:15:34Z,SubmissionStatus.COMPLETE,5126.3
submission_00274,2026-05-01T04:32:04Z,SubmissionStatus.COMPLETE,5116.13
submission_00275,2026-05-01T04:32:35Z,SubmissionStatus.COMPLETE,5126.3
submission_00276,2026-05-01T04:32:35Z,SubmissionStatus.COMPLETE,5129.89
submission_00277,2026-05-01T04:33:36Z,SubmissionStatus.COMPLETE,5126.3
submission_00278,2026-05-01T04:44:58Z,SubmissionStatus.COMPLETE,5129.89
submission_00279,2026-05-01T04:45:04Z,SubmissionStatus.COMPLETE,5129.89
submission_00280,2026-05-01T04:45:09Z,SubmissionStatus.COMPLETE,5118.33
submission_00281,2026-05-01T04:45:15Z,SubmissionStatus.COMPLETE,5131.23
submission_00282,2026-05-01T05:07:45Z,SubmissionStatus.COMPLETE,5119.35
submission_00283,2026-05-01T05:10:17Z,SubmissionStatus.COMPLETE,5131.51
submission_00284,2026-05-01T05:15:32Z,SubmissionStatus.COMPLETE,5131.77
submission_00285,2026-05-01T05:46:49Z,SubmissionStatus.COMPLETE,5138.42
submission_00286,2026-05-01T06:01:59Z,SubmissionStatus.COMPLETE,5140.82
submission_00287,2026-05-01T06:09:58Z,SubmissionStatus.COMPLETE,5143.14
submission_00288,2026-05-01T06:19:29Z,SubmissionStatus.COMPLETE,5144.5
submission_00289,2026-05-01T06:29:30Z,SubmissionStatus.COMPLETE,5145.21
submission_00290,2026-05-01T06:53:33Z,SubmissionStatus.COMPLETE,5146.21
submission_00291,2026-05-01T07:02:40Z,SubmissionStatus.COMPLETE,5147.1
submission_00292,2026-05-01T15:22:32Z,SubmissionStatus.COMPLETE,5147.76
submission_00293,2026-05-01T15:43:42Z,SubmissionStatus.COMPLETE,5149.8
submission_00294,2026-05-01T15:44:43Z,SubmissionStatus.COMPLETE,5149.8
submission_00295,2026-05-01T16:01:02Z,SubmissionStatus.COMPLETE,5135.08
submission_00296,2026-05-01T16:32:41Z,SubmissionStatus.COMPLETE,5150.52
submission_00297,2026-05-01T16:48:30Z,SubmissionStatus.COMPLETE,5151.73
submission_00298,2026-05-01T16:58:35Z,SubmissionStatus.COMPLETE,5152.92
submission_00299,2026-05-01T17:57:06Z,SubmissionStatus.COMPLETE,5022.65
submission_00300,2026-05-01T22:43:52Z,SubmissionStatus.COMPLETE,5140.68
submission_00301,2026-05-01T23:23:50Z,SubmissionStatus.COMPLETE,5153.51
submission_00302,2026-05-01T23:40:26Z,SubmissionStatus.COMPLETE,5141.49
submission_00303,2026-05-01T23:50:47Z,SubmissionStatus.COMPLETE,5141.18
submission_00304,2026-05-02T00:08:24Z,SubmissionStatus.COMPLETE,5141.21
submission_00305,2026-05-02T00:09:31Z,SubmissionStatus.COMPLETE,5141.21
submission_00306,2026-05-02T00:15:53Z,SubmissionStatus.COMPLETE,5141.0
submission_00307,2026-05-02T00:22:30Z,SubmissionStatus.COMPLETE,5140.9
submission_00308,2026-05-02T01:49:10Z,SubmissionStatus.COMPLETE,5154.09
submission_00309,2026-05-02T02:10:25Z,SubmissionStatus.COMPLETE,5155.03
submission_00310,2026-05-02T02:24:23Z,SubmissionStatus.COMPLETE,5156.15
submission_00311,2026-05-02T02:31:40Z,SubmissionStatus.COMPLETE,5157.96
submission_00312,2026-05-02T02:38:44Z,SubmissionStatus.COMPLETE,5159.87
submission_00313,2026-05-02T02:46:18Z,SubmissionStatus.COMPLETE,5162.53
submission_00314,2026-05-02T02:52:45Z,SubmissionStatus.COMPLETE,5165.27
submission_00315,2026-05-02T03:00:30Z,SubmissionStatus.COMPLETE,5167.36
submission_00316,2026-05-02T03:06:01Z,SubmissionStatus.COMPLETE,5168.84
submission_00317,2026-05-02T03:13:13Z,SubmissionStatus.COMPLETE,5170.48
submission_00318,2026-05-02T03:21:41Z,SubmissionStatus.COMPLETE,5172.82
submission_00319,2026-05-02T03:27:29Z,SubmissionStatus.COMPLETE,5173.51
submission_00320,2026-05-02T04:08:24Z,SubmissionStatus.COMPLETE,5173.97
submission_00321,2026-05-02T04:12:51Z,SubmissionStatus.COMPLETE,5173.97
submission_00322,2026-05-02T04:17:17Z,SubmissionStatus.COMPLETE,5174.43
submission_00323,2026-05-02T04:21:03Z,SubmissionStatus.COMPLETE,5174.84
submission_00324,2026-05-02T04:25:19Z,SubmissionStatus.COMPLETE,5175.25
submission_00325,2026-05-02T04:29:55Z,SubmissionStatus.COMPLETE,5175.62
submission_00326,2026-05-02T04:34:32Z,SubmissionStatus.COMPLETE,5175.97
submission_00327,2026-05-02T04:38:41Z,SubmissionStatus.COMPLETE,5176.31
submission_00328,2026-05-02T04:42:19Z,SubmissionStatus.COMPLETE,5176.64
submission_00329,2026-05-02T04:46:32Z,SubmissionStatus.COMPLETE,5176.96
submission_00330,2026-05-02T04:51:09Z,SubmissionStatus.COMPLETE,5177.27
submission_00331,2026-05-02T04:55:16Z,SubmissionStatus.COMPLETE,5177.58
submission_00332,2026-05-02T05:01:21Z,SubmissionStatus.COMPLETE,5177.88
submission_00333,2026-05-02T05:06:09Z,SubmissionStatus.COMPLETE,5178.19
submission_00334,2026-05-02T05:09:57Z,SubmissionStatus.COMPLETE,5178.56
submission_00335,2026-05-02T05:20:44Z,SubmissionStatus.COMPLETE,5178.96
submission_00336,2026-05-02T05:29:02Z,SubmissionStatus.COMPLETE,5179.76
submission_00337,2026-05-02T05:33:25Z,SubmissionStatus.COMPLETE,5180.06
submission_00338,2026-05-02T05:41:39Z,SubmissionStatus.COMPLETE,5180.33
submission_00339,2026-05-02T05:52:53Z,SubmissionStatus.COMPLETE,5180.62
submission_00340,2026-05-02T06:00:06Z,SubmissionStatus.COMPLETE,5180.89
submission_00341,2026-05-02T06:06:07Z,SubmissionStatus.COMPLETE,5181.45
submission_00342,2026-05-02T06:11:06Z,SubmissionStatus.COMPLETE,5181.92
submission_00343,2026-05-02T06:15:56Z,SubmissionStatus.COMPLETE,5182.34
submission_00344,2026-05-02T06:19:57Z,SubmissionStatus.COMPLETE,5182.71
submission_00345,2026-05-02T06:25:13Z,SubmissionStatus.COMPLETE,5183.08
submission_00346,2026-05-02T06:29:49Z,SubmissionStatus.COMPLETE,5183.45
submission_00347,2026-05-02T06:34:23Z,SubmissionStatus.COMPLETE,5183.8
submission_00348,2026-05-02T06:38:59Z,SubmissionStatus.COMPLETE,5184.15
submission_00349,2026-05-02T06:43:03Z,SubmissionStatus.COMPLETE,5184.48
submission_00350,2026-05-02T06:47:07Z,SubmissionStatus.COMPLETE,5184.8
submission_00351,2026-05-02T06:51:10Z,SubmissionStatus.COMPLETE,5185.11
submission_00352,2026-05-02T06:55:47Z,SubmissionStatus.COMPLETE,5185.39
submission_00353,2026-05-02T07:00:22Z,SubmissionStatus.COMPLETE,5185.66
submission_00354,2026-05-02T07:09:09Z,SubmissionStatus.COMPLETE,5186.17
submission_00355,2026-05-02T07:14:18Z,SubmissionStatus.COMPLETE,5186.51
submission_00356,2026-05-02T07:19:52Z,SubmissionStatus.COMPLETE,5187.07
submission_00357,2026-05-02T07:26:15Z,SubmissionStatus.COMPLETE,5187.59
submission_00358,2026-05-02T07:31:44Z,SubmissionStatus.COMPLETE,5187.92
submission_00359,2026-05-02T07:37:47Z,SubmissionStatus.COMPLETE,5188.18
submission_00360,2026-05-02T07:45:29Z,SubmissionStatus.COMPLETE,5188.66
submission_00361,2026-05-02T07:55:31Z,SubmissionStatus.COMPLETE,5188.95
submission_00362,2026-05-02T08:01:44Z,SubmissionStatus.COMPLETE,5189.24
submission_00363,2026-05-02T08:06:34Z,SubmissionStatus.COMPLETE,5189.89
submission_00364,2026-05-02T08:19:01Z,SubmissionStatus.COMPLETE,5189.89
submission_00365,2026-05-02T08:44:06Z,SubmissionStatus.COMPLETE,5190.38
submission_00366,2026-05-02T08:51:15Z,SubmissionStatus.COMPLETE,5190.77
submission_00367,2026-05-02T09:01:56Z,SubmissionStatus.COMPLETE,5191.55
submission_00368,2026-05-02T09:09:45Z,SubmissionStatus.COMPLETE,5192.14
submission_00369,2026-05-02T09:14:52Z,SubmissionStatus.COMPLETE,5192.72
submission_00370,2026-05-02T09:19:59Z,SubmissionStatus.COMPLETE,5193.28
submission_00371,2026-05-02T09:24:58Z,SubmissionStatus.COMPLETE,5193.82
submission_00372,2026-05-02T09:29:57Z,SubmissionStatus.COMPLETE,5194.35
submission_00373,2026-05-02T09:34:26Z,SubmissionStatus.COMPLETE,5194.87
submission_00374,2026-05-02T09:38:54Z,SubmissionStatus.COMPLETE,5195.39
submission_00375,2026-05-02T09:43:52Z,SubmissionStatus.COMPLETE,5195.89
submission_00376,2026-05-02T09:48:53Z,SubmissionStatus.COMPLETE,5196.39
submission_00377,2026-05-02T09:53:20Z,SubmissionStatus.COMPLETE,5196.87
submission_00378,2026-05-02T09:57:54Z,SubmissionStatus.COMPLETE,5196.87
submission_00379,2026-05-02T10:04:43Z,SubmissionStatus.COMPLETE,5197.33
submission_00380,2026-05-02T10:09:30Z,SubmissionStatus.COMPLETE,5197.79
submission_00381,2026-05-02T10:16:27Z,SubmissionStatus.COMPLETE,5198.24
submission_00382,2026-05-02T10:22:06Z,SubmissionStatus.COMPLETE,5198.7
submission_00383,2026-05-02T10:28:45Z,SubmissionStatus.COMPLETE,5199.14
submission_00384,2026-05-02T10:33:27Z,SubmissionStatus.COMPLETE,5199.58
submission_00385,2026-05-02T10:38:07Z,SubmissionStatus.COMPLETE,5200.02
submission_00386,2026-05-02T10:42:48Z,SubmissionStatus.COMPLETE,5200.45
submission_00387,2026-05-02T10:47:29Z,SubmissionStatus.COMPLETE,5200.89
submission_00388,2026-05-02T10:53:39Z,SubmissionStatus.COMPLETE,5201.31
submission_00389,2026-05-02T11:00:18Z,SubmissionStatus.COMPLETE,5201.73
submission_00390,2026-05-02T11:04:58Z,SubmissionStatus.COMPLETE,5202.14
submission_00391,2026-05-02T11:09:40Z,SubmissionStatus.COMPLETE,5202.54
submission_00392,2026-05-02T11:25:24Z,SubmissionStatus.COMPLETE,5202.94
submission_00393,2026-05-02T11:30:05Z,SubmissionStatus.COMPLETE,5203.35
submission_00394,2026-05-02T11:35:16Z,SubmissionStatus.COMPLETE,5203.75
submission_00395,2026-05-02T11:39:58Z,SubmissionStatus.COMPLETE,5204.14
submission_00396,2026-05-02T21:52:00Z,SubmissionStatus.COMPLETE,5204.54
submission_00397,2026-05-02T21:56:39Z,SubmissionStatus.COMPLETE,5204.93
submission_00398,2026-05-02T22:01:39Z,SubmissionStatus.COMPLETE,5205.31
submission_00399,2026-05-02T22:06:06Z,SubmissionStatus.COMPLETE,5205.69
submission_00400,2026-05-02T22:10:48Z,SubmissionStatus.COMPLETE,5206.06
submission_00401,2026-05-02T22:15:14Z,SubmissionStatus.COMPLETE,5206.44
submission_00402,2026-05-02T22:20:12Z,SubmissionStatus.COMPLETE,5206.82
submission_00403,2026-05-02T22:25:13Z,SubmissionStatus.COMPLETE,5207.2
submission_00404,2026-05-02T22:30:24Z,SubmissionStatus.COMPLETE,5207.57
submission_00405,2026-05-03T03:34:24Z,SubmissionStatus.COMPLETE,5207.57
submission_00406,2026-05-03T03:40:31Z,SubmissionStatus.COMPLETE,5208.17
submission_00407,2026-05-03T03:47:07Z,SubmissionStatus.COMPLETE,5208.69
submission_00408,2026-05-03T03:47:21Z,SubmissionStatus.COMPLETE,5208.69
submission_00409,2026-05-03T03:56:12Z,SubmissionStatus.COMPLETE,5209.18
submission_00410,2026-05-03T04:02:29Z,SubmissionStatus.COMPLETE,5209.65
submission_00411,2026-05-03T04:08:38Z,SubmissionStatus.COMPLETE,5210.09
submission_00412,2026-05-03T04:14:47Z,SubmissionStatus.COMPLETE,5210.52
submission_00413,2026-05-03T04:21:07Z,SubmissionStatus.COMPLETE,5210.92
submission_00414,2026-05-03T04:27:27Z,SubmissionStatus.COMPLETE,5211.29
submission_00415,2026-05-03T04:33:42Z,SubmissionStatus.COMPLETE,5211.66
submission_00416,2026-05-03T04:40:01Z,SubmissionStatus.COMPLETE,5212.03
submission_00417,2026-05-03T04:46:18Z,SubmissionStatus.COMPLETE,5212.39
submission_00418,2026-05-03T04:52:00Z,SubmissionStatus.COMPLETE,5212.76
submission_00419,2026-05-03T04:57:43Z,SubmissionStatus.COMPLETE,5213.12
submission_00420,2026-05-03T05:03:54Z,SubmissionStatus.COMPLETE,5213.48
submission_00421,2026-05-03T05:10:01Z,SubmissionStatus.COMPLETE,5213.84
submission_00422,2026-05-03T05:16:11Z,SubmissionStatus.COMPLETE,5214.19
submission_00423,2026-05-03T05:22:18Z,SubmissionStatus.COMPLETE,5214.54
submission_00424,2026-05-03T05:27:54Z,SubmissionStatus.COMPLETE,5214.9
submission_00425,2026-05-03T05:33:31Z,SubmissionStatus.COMPLETE,5215.25
submission_00426,2026-05-03T05:39:08Z,SubmissionStatus.COMPLETE,5215.6
submission_00427,2026-05-03T05:45:14Z,SubmissionStatus.COMPLETE,5215.95
submission_00428,2026-05-03T05:51:21Z,SubmissionStatus.COMPLETE,5216.3
submission_00429,2026-05-03T05:57:28Z,SubmissionStatus.COMPLETE,5216.64
submission_00430,2026-05-03T06:03:35Z,SubmissionStatus.COMPLETE,5216.98
submission_00431,2026-05-03T06:09:43Z,SubmissionStatus.COMPLETE,5217.32
submission_00432,2026-05-03T06:15:51Z,SubmissionStatus.COMPLETE,5217.66
submission_00433,2026-05-03T06:21:57Z,SubmissionStatus.COMPLETE,5218.0
submission_00434,2026-05-03T06:28:01Z,SubmissionStatus.COMPLETE,5218.34
submission_00435,2026-05-03T06:34:07Z,SubmissionStatus.COMPLETE,5218.68
submission_00436,2026-05-03T06:40:12Z,SubmissionStatus.COMPLETE,5219.01
submission_00437,2026-05-03T06:46:23Z,SubmissionStatus.COMPLETE,5219.34
submission_00438,2026-05-03T06:52:28Z,SubmissionStatus.COMPLETE,5219.68
submission_00439,2026-05-03T06:58:36Z,SubmissionStatus.COMPLETE,5220.01
submission_00440,2026-05-03T07:04:41Z,SubmissionStatus.COMPLETE,5220.33
submission_00441,2026-05-03T07:11:17Z,SubmissionStatus.COMPLETE,5220.66
submission_00442,2026-05-03T07:17:23Z,SubmissionStatus.COMPLETE,5220.98
submission_00443,2026-05-03T07:23:29Z,SubmissionStatus.COMPLETE,5221.3
submission_00444,2026-05-03T07:29:35Z,SubmissionStatus.COMPLETE,5221.62
submission_00445,2026-05-03T07:35:41Z,SubmissionStatus.COMPLETE,5221.94
submission_00446,2026-05-03T07:41:16Z,SubmissionStatus.COMPLETE,5222.26
submission_00447,2026-05-03T07:46:51Z,SubmissionStatus.COMPLETE,5222.57
submission_00448,2026-05-03T07:52:56Z,SubmissionStatus.COMPLETE,5222.88
submission_00449,2026-05-03T07:59:04Z,SubmissionStatus.COMPLETE,5223.19
submission_00450,2026-05-03T08:04:39Z,SubmissionStatus.COMPLETE,5223.48
submission_00451,2026-05-03T08:10:45Z,SubmissionStatus.COMPLETE,5223.78
submission_00452,2026-05-03T08:16:51Z,SubmissionStatus.COMPLETE,5224.07
submission_00453,2026-05-03T08:22:26Z,SubmissionStatus.COMPLETE,5224.36
submission_00454,2026-05-03T08:28:32Z,SubmissionStatus.COMPLETE,5224.65
submission_00455,2026-05-03T08:34:38Z,SubmissionStatus.COMPLETE,5224.94
submission_00456,2026-05-03T08:40:44Z,SubmissionStatus.COMPLETE,5225.22
submission_00457,2026-05-03T08:46:51Z,SubmissionStatus.COMPLETE,5225.51
submission_00458,2026-05-03T08:52:56Z,SubmissionStatus.COMPLETE,5225.79
submission_00459,2026-05-03T08:59:03Z,SubmissionStatus.COMPLETE,5226.08
submission_00460,2026-05-03T09:05:10Z,SubmissionStatus.COMPLETE,5226.36
submission_00461,2026-05-03T09:11:16Z,SubmissionStatus.COMPLETE,5226.64
submission_00462,2026-05-03T09:16:52Z,SubmissionStatus.COMPLETE,5226.92
submission_00463,2026-05-03T09:22:27Z,SubmissionStatus.COMPLETE,5227.2
submission_00464,2026-05-03T09:28:02Z,SubmissionStatus.COMPLETE,5227.48
submission_00465,2026-05-03T09:34:08Z,SubmissionStatus.COMPLETE,5227.76
submission_00466,2026-05-03T09:40:45Z,SubmissionStatus.COMPLETE,5228.03
submission_00467,2026-05-03T09:46:50Z,SubmissionStatus.COMPLETE,5228.3
submission_00468,2026-05-03T09:52:57Z,SubmissionStatus.COMPLETE,5228.57
submission_00469,2026-05-03T09:59:05Z,SubmissionStatus.COMPLETE,5228.84
submission_00470,2026-05-03T10:05:11Z,SubmissionStatus.COMPLETE,5229.11
submission_00471,2026-05-03T16:47:52Z,SubmissionStatus.COMPLETE,5235.59
submission_00472,2026-05-03T17:04:23Z,SubmissionStatus.COMPLETE,5252.51
submission_00473,2026-05-03T17:18:30Z,SubmissionStatus.COMPLETE,5254.0
submission_00474,2026-05-03T17:24:46Z,SubmissionStatus.COMPLETE,5255.09
submission_00475,2026-05-03T17:30:51Z,SubmissionStatus.COMPLETE,5255.94
submission_00476,2026-05-03T17:42:23Z,SubmissionStatus.COMPLETE,5256.49
submission_00477,2026-05-03T17:56:49Z,SubmissionStatus.COMPLETE,5256.97
submission_00478,2026-05-03T18:03:16Z,SubmissionStatus.COMPLETE,5257.45
submission_00479,2026-05-03T18:15:07Z,SubmissionStatus.COMPLETE,5257.86
submission_00480,2026-05-03T18:21:21Z,SubmissionStatus.COMPLETE,5258.27
submission_00481,2026-05-03T18:49:41Z,SubmissionStatus.COMPLETE,5258.57
submission_00482,2026-05-03T18:57:48Z,SubmissionStatus.COMPLETE,5258.86
submission_00483,2026-05-03T19:11:45Z,SubmissionStatus.COMPLETE,5258.86
submission_00484,2026-05-03T19:44:25Z,SubmissionStatus.COMPLETE,5259.36
submission_00485,2026-05-03T20:59:24Z,COMPLETE,5244.01
submission_00486,2026-05-05T00:59:23Z,SubmissionStatus.COMPLETE,5156.88
submission_00487,2026-05-05T01:01:57Z,SubmissionStatus.ERROR,
submission_00488,2026-05-05T01:07:41Z,SubmissionStatus.ERROR,
submission_00489,2026-05-05T01:12:13Z,SubmissionStatus.COMPLETE,5243.3
submission_00490,2026-05-05T01:16:47Z,SubmissionStatus.ERROR,
submission_00491,2026-05-05T01:19:42Z,SubmissionStatus.ERROR,
submission_00492,2026-05-05T01:22:49Z,SubmissionStatus.ERROR,
submission_00493,2026-05-05T01:26:29Z,SubmissionStatus.COMPLETE,5243.93
submission_00494,2026-05-05T01:29:05Z,SubmissionStatus.ERROR,
submission_00495,2026-05-05T01:35:20Z,SubmissionStatus.COMPLETE,5262.6
submission_00496,2026-05-05T01:37:31Z,SubmissionStatus.ERROR,
submission_00497,2026-05-05T01:40:28Z,SubmissionStatus.COMPLETE,5263.93
submission_00498,2026-05-05T01:42:49Z,SubmissionStatus.COMPLETE,5264.81
submission_00499,2026-05-05T01:45:40Z,SubmissionStatus.COMPLETE,5253.74
submission_00500,2026-05-05T01:47:42Z,SubmissionStatus.COMPLETE,5265.46
submission_00501,2026-05-05T01:50:05Z,SubmissionStatus.COMPLETE,5266.02
submission_00502,2026-05-05T01:52:40Z,SubmissionStatus.COMPLETE,5252.91
submission_00503,2026-05-05T06:21:11Z,SubmissionStatus.ERROR,
submission_00504,2026-05-05T06:32:13Z,SubmissionStatus.COMPLETE,5251.41
submission_00505,2026-05-05T06:35:41Z,SubmissionStatus.COMPLETE,5266.46
submission_00506,2026-05-05T06:43:36Z,SubmissionStatus.COMPLETE,5267.97
submission_00507,2026-05-05T06:48:01Z,SubmissionStatus.COMPLETE,5269.8
submission_00508,2026-05-05T06:51:33Z,SubmissionStatus.COMPLETE,5255.21
submission_00509,,SubmissionStatus.COMPLETE,5252.33
submission_00510,,SubmissionStatus.COMPLETE,5254.11
submission_00511,,SubmissionStatus.COMPLETE,5269.81
submission_00512,,SubmissionStatus.COMPLETE,5270.24
submission_00513,,SubmissionStatus.ERROR,
submission_00514,,SubmissionStatus.COMPLETE,5271.99
submission_00515,,SubmissionStatus.COMPLETE,5256.58
submission_00516,,SubmissionStatus.ERROR,
submission_00517,,SubmissionStatus.COMPLETE,5272.66
submission_00518,,SubmissionStatus.COMPLETE,5261.84
submission_00519,,SubmissionStatus.COMPLETE,5272.06
submission_00520,,SubmissionStatus.COMPLETE,5273.25
submission_00521,,,5273.84
submission_00522,,,5275.29
submission_00523,,,5272.11
submission_00524,,,5274.95
submission_00525,,,5275.95
submission_00526,,,5274.99
submission_00527,,,5276.62
submission_00528,,,5276.94
submission_00529,,,5278.51
submission_00530,,,5276.52
submission_00531,,,5279.54
submission_00532,,,5281.2
submission_00533,,,5267.55
submission_00534,,,5282.91
submission_00535,,,5283.43
submission_00536,,,5267.45
submission_00537,,,5284.52
submission_00538,,,5285.09
submission_00539,,,5282.31
submission_00540,,,5285.9
submission_00541,,,5272.91
submission_00542,,,5286.38
submission_00543,,,5273.85
submission_00544,,,5273.09
submission_00545,,,5286.8
submission_00546,,,5287.14
submission_00547,,,5287.63
submission_00548,,,5289.43
submission_00549,,,5303.1
submission_00550,,,5316.9
submission_00551,,,5317.69
submission_00552,,,5304.1
submission_00553,,,5318.38
submission_00554,,,5320.4
submission_00555,,,5456.64
submission_00556,,,5457.28
submission_00557,,,5457.85
submission_00558,,,5457.93
submission_00559,,,5458.11
submission_00560,,,5455.09
submission_00561,,,5458.95
submission_00562,,,5459.17
submission_00563,,,5459.32
submission_00564,,,5455.44
submission_00565,,,5456.05
submission_00566,,,5457.68
submission_00567,,,5459.12
submission_00568,,,5459.46
submission_00569,,,5459.67
submission_00570,,,5460.05
submission_00571,,,5460.66
submission_00572,,,5456.66
submission_00573,,,5462.23
submission_00574,,,5460.83
submission_00575,,,5462.4
submission_00576,,,5502.86
submission_00577,,,5520.16
submission_00578,2026-05-08T10:55:44Z,SubmissionStatus.COMPLETE,5537.91
submission_00579,2026-05-08T11:00:13Z,SubmissionStatus.COMPLETE,5539.24
submission_00580,2026-05-08T11:18:21Z,SubmissionStatus.COMPLETE,5535.5
submission_00581,2026-05-08T11:29:11Z,SubmissionStatus.COMPLETE,5539.68
submission_00582,2026-05-08T11:35:52Z,SubmissionStatus.COMPLETE,5540.01
submission_00583,2026-05-08T11:41:14Z,SubmissionStatus.COMPLETE,5540.01
submission_00584,2026-05-08T11:46:55Z,SubmissionStatus.COMPLETE,5540.41
submission_00585,2026-05-08T11:52:36Z,SubmissionStatus.COMPLETE,5540.41
submission_00586,2026-05-08T11:58:17Z,SubmissionStatus.COMPLETE,5539.04
submission_00587,2026-05-08T12:03:55Z,SubmissionStatus.COMPLETE,5541.03
submission_00588,2026-05-08T12:09:32Z,SubmissionStatus.COMPLETE,5541.33
submission_00589,2026-05-08T12:15:10Z,SubmissionStatus.COMPLETE,5539.06
submission_00590,2026-05-08T12:20:53Z,SubmissionStatus.COMPLETE,5541.95
submission_00591,2026-05-08T12:26:34Z,SubmissionStatus.COMPLETE,5542.14
submission_00592,2026-05-08T12:32:26Z,SubmissionStatus.COMPLETE,5542.57
submission_00593,2026-05-08T12:38:05Z,SubmissionStatus.COMPLETE,5543.15
submission_00594,2026-05-08T12:43:44Z,SubmissionStatus.COMPLETE,5543.3
submission_00595,2026-05-08T12:49:26Z,SubmissionStatus.COMPLETE,5543.85
submission_00596,2026-05-08T12:55:11Z,SubmissionStatus.COMPLETE,5544.38
submission_00597,2026-05-08T13:00:54Z,SubmissionStatus.COMPLETE,5544.71
submission_00598,2026-05-08T13:31:39Z,SubmissionStatus.COMPLETE,5545.05
submission_00599,2026-05-08T14:12:18Z,SubmissionStatus.COMPLETE,5545.5
submission_00600,2026-05-08T14:18:21Z,SubmissionStatus.COMPLETE,5545.72
submission_00601,2026-05-08T14:24:01Z,SubmissionStatus.COMPLETE,5545.93
submission_00602,2026-05-08T14:29:41Z,SubmissionStatus.COMPLETE,5546.14
submission_00603,2026-05-08T14:35:24Z,SubmissionStatus.COMPLETE,5546.34
submission_00604,2026-05-08T14:41:29Z,SubmissionStatus.COMPLETE,5546.51
submission_00605,2026-05-08T14:47:11Z,SubmissionStatus.COMPLETE,5546.04
submission_00606,2026-05-08T14:52:52Z,SubmissionStatus.COMPLETE,5546.9
submission_00607,2026-05-08T14:58:32Z,SubmissionStatus.COMPLETE,5547.27
submission_00608,2026-05-08T15:04:38Z,SubmissionStatus.COMPLETE,5547.61
submission_00609,2026-05-08T15:24:47Z,SUBMITTED,
submission_00610,2026-05-08T15:26:22Z,SubmissionStatus.COMPLETE,5571.69
submission_00611,2026-05-08T15:35:41Z,SubmissionStatus.COMPLETE,5573.69
submission_00612,2026-05-08T15:54:07Z,SubmissionStatus.COMPLETE,5576.21
submission_00613,2026-05-08T16:10:21Z,SubmissionStatus.COMPLETE,5578.36
submission_00614,2026-05-08T16:15:47Z,SubmissionStatus.COMPLETE,5580.19
submission_00615,2026-05-08T16:40:38Z,SubmissionStatus.COMPLETE,5569.06
submission_00616,2026-05-08T16:54:15Z,SubmissionStatus.COMPLETE,5582.86
submission_00617,2026-05-08T17:08:48Z,SubmissionStatus.COMPLETE,5585.16
submission_00618,2026-05-08T17:22:39Z,SubmissionStatus.COMPLETE,5587.09
submission_00619,2026-05-08T17:58:52Z,SubmissionStatus.PENDING,
submission_00620,2026-05-08T18:00:35Z,SubmissionStatus.COMPLETE,5587.87
submission_00621,2026-05-12T15:00:51Z,SubmissionStatus.COMPLETE,5593.03
submission_00622,2026-05-12T15:06:43Z,SubmissionStatus.COMPLETE,5595.25
submission_00623,2026-05-12T15:11:33Z,SubmissionStatus.COMPLETE,5594.7
submission_00624,2026-05-12T15:15:57Z,SubmissionStatus.COMPLETE,5608.54
submission_00625,2026-05-12T15:20:02Z,SubmissionStatus.COMPLETE,5740.3
submission_00626,2026-05-12T15:25:27Z,SubmissionStatus.COMPLETE,5741.83
submission_00627,2026-05-12T15:51:59Z,SubmissionStatus.COMPLETE,5742.39
submission_00628,2026-05-12T16:16:34Z,SubmissionStatus.COMPLETE,5743.71
submission_00629,2026-05-12T16:23:59Z,SubmissionStatus.COMPLETE,5744.58
submission_00630,2026-05-12T16:44:11Z,SubmissionStatus.COMPLETE,5744.11
submission_00631,2026-05-12T17:00:30Z,SubmissionStatus.COMPLETE,5743.57
submission_00632,2026-05-12T17:16:11Z,SubmissionStatus.COMPLETE,5745.2
submission_00633,2026-05-12T17:35:07Z,SubmissionStatus.COMPLETE,5745.64
submission_00634,2026-05-12T17:41:50Z,SubmissionStatus.COMPLETE,5745.73
submission_00635,2026-05-12T17:48:28Z,SubmissionStatus.COMPLETE,5745.32
submission_00636,2026-05-12T18:08:04Z,SubmissionStatus.COMPLETE,5745.73
submission_00637,2026-05-12T18:11:59Z,SubmissionStatus.COMPLETE,5741.56
submission_00638,2026-05-12T18:15:55Z,SubmissionStatus.COMPLETE,5742.9
submission_00639,2026-05-12T18:20:01Z,SubmissionStatus.COMPLETE,5744.47
submission_00640,2026-05-12T18:24:37Z,SubmissionStatus.COMPLETE,5743.37
submission_00641,2026-05-12T18:28:35Z,SubmissionStatus.COMPLETE,5745.54
submission_00642,2026-05-12T18:32:32Z,SubmissionStatus.COMPLETE,5745.41
submission_00643,2026-05-12T18:37:08Z,SubmissionStatus.COMPLETE,5742.14
submission_00644,2026-05-12T18:42:11Z,SubmissionStatus.COMPLETE,5742.26
submission_00645,2026-05-12T18:46:11Z,SubmissionStatus.COMPLETE,5745.29
submission_00646,2026-05-12T18:50:17Z,SubmissionStatus.COMPLETE,5745.48
submission_00647,2026-05-12T19:43:13Z,SubmissionStatus.COMPLETE,5743.47
submission_00648,2026-05-12T19:49:03Z,SubmissionStatus.COMPLETE,5741.68
submission_00649,2026-05-12T19:55:05Z,SubmissionStatus.COMPLETE,5746.2
submission_00650,2026-05-12T20:01:12Z,SubmissionStatus.COMPLETE,5746.2
submission_00651,2026-05-12T20:52:40Z,SubmissionStatus.COMPLETE,5744.44
submission_00652,2026-05-12T20:57:09Z,SubmissionStatus.COMPLETE,5743.0
submission_00653,2026-05-12T21:01:25Z,SubmissionStatus.COMPLETE,5745.66
submission_00654,2026-05-12T21:05:28Z,SubmissionStatus.COMPLETE,5746.19
submission_00655,2026-05-12T21:09:26Z,SubmissionStatus.COMPLETE,5742.97
submission_00656,2026-05-12T21:13:32Z,SubmissionStatus.COMPLETE,5744.41
submission_00657,2026-05-12T21:17:32Z,SubmissionStatus.COMPLETE,5745.34
submission_00658,2026-05-12T21:21:30Z,SubmissionStatus.COMPLETE,5741.23
submission_00659,2026-05-12T21:26:05Z,SubmissionStatus.COMPLETE,5745.59
submission_00660,2026-05-12T21:32:47Z,SubmissionStatus.COMPLETE,5745.88
submission_00661,2026-05-12T22:49:02Z,SubmissionStatus.COMPLETE,5746.2
submission_00662,2026-05-16T01:26:32Z,SubmissionStatus.COMPLETE,5745.88
submission_00663,2026-05-16T20:31:02Z,SubmissionStatus.COMPLETE,5747.24
submission_00664,2026-05-16T20:42:03Z,SubmissionStatus.COMPLETE,5748.41
submission_00665,2026-05-16T21:12:44Z,SubmissionStatus.COMPLETE,5748.41
submission_00666,2026-05-17T03:48:12Z,SubmissionStatus.COMPLETE,5748.77
submission_00667,2026-05-17T03:54:35Z,SubmissionStatus.COMPLETE,5749.12
submission_00668,2026-05-17T04:00:13Z,SubmissionStatus.COMPLETE,5749.56
submission_00669,2026-05-17T04:06:22Z,SubmissionStatus.COMPLETE,5749.84
submission_00670,2026-05-17T04:12:35Z,SubmissionStatus.COMPLETE,5750.15
submission_00671,2026-05-17T04:20:17Z,SubmissionStatus.COMPLETE,5750.62
submission_00672,2026-05-17T04:27:58Z,SubmissionStatus.COMPLETE,5750.96
submission_00673,2026-05-17T04:33:39Z,SubmissionStatus.COMPLETE,5751.41
submission_00674,2026-05-17T04:39:19Z,SubmissionStatus.COMPLETE,5751.77
submission_00675,2026-05-17T04:44:49Z,SubmissionStatus.COMPLETE,5751.97
submission_00676,2026-05-17T05:14:23Z,SubmissionStatus.COMPLETE,5752.33
submission_00677,2026-05-17T05:23:50Z,SubmissionStatus.COMPLETE,5752.64
submission_00678,2026-05-17T05:30:06Z,SubmissionStatus.COMPLETE,5752.73
submission_00679,2026-05-17T05:37:44Z,SubmissionStatus.COMPLETE,5753.04
submission_00680,2026-05-17T05:43:05Z,SubmissionStatus.COMPLETE,5753.14
submission_00681,2026-05-17T05:50:06Z,SubmissionStatus.COMPLETE,5753.43
submission_00682,2026-05-17T05:55:24Z,SubmissionStatus.COMPLETE,5753.71
submission_00683,2026-05-17T06:20:21Z,SubmissionStatus.COMPLETE,5752.33
submission_00684,2026-05-17T06:31:10Z,SubmissionStatus.COMPLETE,5754.34
submission_00685,2026-05-17T06:41:33Z,SubmissionStatus.COMPLETE,5754.86
submission_00686,2026-05-17T06:59:02Z,SubmissionStatus.COMPLETE,5755.09
submission_00687,2026-05-17T07:08:09Z,SubmissionStatus.COMPLETE,5755.29
submission_00688,2026-05-17T07:28:04Z,SubmissionStatus.COMPLETE,5743.22
submission_00689,2026-05-17T07:35:20Z,SubmissionStatus.COMPLETE,5755.4
submission_00690,2026-05-17T07:41:20Z,SubmissionStatus.COMPLETE,5755.45
submission_00691,2026-05-17T07:46:28Z,SubmissionStatus.COMPLETE,5755.7
submission_00692,2026-05-17T07:57:36Z,SubmissionStatus.COMPLETE,5755.86
submission_00693,2026-05-17T08:03:13Z,SubmissionStatus.COMPLETE,5756.5
submission_00694,2026-05-17T08:08:22Z,SubmissionStatus.COMPLETE,5756.98
submission_00695,2026-05-17T08:15:35Z,SubmissionStatus.COMPLETE,5757.61
submission_00696,2026-05-17T08:20:44Z,SubmissionStatus.COMPLETE,5758.2
submission_00697,2026-05-17T08:28:23Z,SubmissionStatus.COMPLETE,5758.55
submission_00698,2026-05-17T08:56:26Z,SubmissionStatus.COMPLETE,5758.92
submission_00699,2026-05-17T09:08:40Z,SubmissionStatus.COMPLETE,5758.31
submission_00700,2026-05-17T09:14:14Z,SubmissionStatus.COMPLETE,5759.31
submission_00701,2026-05-17T09:19:49Z,SubmissionStatus.COMPLETE,5759.02
submission_00702,2026-05-17T09:25:23Z,SubmissionStatus.COMPLETE,5759.31
submission_00703,2026-05-17T10:02:37Z,SubmissionStatus.COMPLETE,5749.53
submission_00704,2026-05-17T10:07:41Z,SubmissionStatus.COMPLETE,5759.31
submission_00705,2026-05-17T10:11:36Z,SubmissionStatus.COMPLETE,5755.14
submission_00706,2026-05-17T10:16:12Z,SubmissionStatus.COMPLETE,5756.48
submission_00707,2026-05-17T10:20:32Z,SubmissionStatus.COMPLETE,5756.83
submission_00708,2026-05-17T10:31:15Z,SubmissionStatus.COMPLETE,5760.78
submission_00709,2026-05-17T10:37:03Z,SubmissionStatus.COMPLETE,5762.25
submission_00710,2026-05-17T10:41:11Z,SubmissionStatus.COMPLETE,5761.82
submission_00711,2026-05-17T10:45:34Z,SubmissionStatus.COMPLETE,5762.06
submission_00712,2026-05-17T10:49:57Z,SubmissionStatus.COMPLETE,5759.47
submission_00713,2026-05-17T10:53:59Z,SubmissionStatus.COMPLETE,5761.79
submission_00714,2026-05-17T10:58:09Z,SubmissionStatus.COMPLETE,5761.82
submission_00715,2026-05-17T11:09:02Z,SubmissionStatus.COMPLETE,5761.94
submission_00716,2026-05-17T22:02:36Z,SubmissionStatus.COMPLETE,5762.5
submission_00717,2026-05-17T22:07:11Z,SubmissionStatus.COMPLETE,5762.32
submission_00718,2026-05-17T22:29:17Z,SubmissionStatus.COMPLETE,5762.5
submission_00719,2026-05-17T22:37:29Z,SubmissionStatus.COMPLETE,5762.18
submission_00720,2026-05-17T22:46:58Z,SubmissionStatus.COMPLETE,5762.62
submission_00721,2026-05-17T22:59:47Z,SubmissionStatus.COMPLETE,5763.13
submission_00722,2026-05-17T23:10:44Z,SubmissionStatus.COMPLETE,5763.26
submission_00723,2026-05-17T23:35:35Z,SubmissionStatus.COMPLETE,5763.42
submission_00724,2026-05-18T00:10:22Z,SubmissionStatus.COMPLETE,5763.79
submission_00725,2026-05-18T00:24:19Z,SubmissionStatus.COMPLETE,5762.1
submission_00726,2026-05-18T00:41:58Z,SubmissionStatus.COMPLETE,5764.02
submission_00727,2026-05-18T01:11:47Z,SubmissionStatus.PENDING,
submission_00728,2026-05-18T01:12:53Z,SubmissionStatus.PENDING,
submission_00729,2026-05-18T01:14:28Z,SubmissionStatus.COMPLETE,5764.19
submission_00730,2026-05-18T01:43:03Z,SubmissionStatus.PENDING,
submission_00731,2026-05-18T01:44:33Z,SubmissionStatus.PENDING,
submission_00732,2026-05-18T01:46:18Z,SubmissionStatus.COMPLETE,5764.04
submission_00733,2026-05-18T05:32:09Z,SubmissionStatus.COMPLETE,5800.55
submission_00734,2026-05-18T05:58:00Z,SubmissionStatus.COMPLETE,5800.83
submission_00735,2026-05-18T06:04:21Z,SubmissionStatus.COMPLETE,5800.98
submission_00736,2026-05-18T06:19:41Z,SubmissionStatus.ERROR,
submission_00737,2026-05-18T16:47:13Z,SubmissionStatus.COMPLETE,6029.09
submission_00738,2026-05-18T17:11:11Z,SubmissionStatus.COMPLETE,6018.1
submission_00739,2026-05-18T17:17:06Z,SubmissionStatus.COMPLETE,6018.1
submission_00740,2026-05-18T17:27:24Z,SubmissionStatus.COMPLETE,6023.11
submission_00741,2026-05-18T17:33:51Z,SubmissionStatus.COMPLETE,6023.11
submission_00742,2026-05-18T17:46:05Z,SubmissionStatus.COMPLETE,6015.74
submission_00743,2026-05-18T17:48:07Z,SubmissionStatus.COMPLETE,6015.74
submission_00744,2026-05-19T02:40:18Z,SubmissionStatus.COMPLETE,6042.85
submission_00745,2026-05-19T03:15:33Z,SubmissionStatus.COMPLETE,6033.9
submission_00746,2026-05-19T07:35:12Z,SubmissionStatus.COMPLETE,6044.96
submission_00747,2026-05-19T09:32:33Z,SubmissionStatus.COMPLETE,6045.59
submission_00748,2026-05-19T09:48:45Z,SubmissionStatus.COMPLETE,6045.94
submission_00749,2026-05-19T09:54:58Z,SubmissionStatus.COMPLETE,6046.2
submission_00750,2026-05-19T10:01:04Z,SubmissionStatus.COMPLETE,6046.45
submission_00751,2026-05-19T10:07:07Z,SubmissionStatus.COMPLETE,6046.69
submission_00752,2026-05-19T10:12:52Z,SubmissionStatus.COMPLETE,6046.88
submission_00753,2026-05-19T10:18:31Z,SubmissionStatus.COMPLETE,6047.35
submission_00754,2026-05-19T10:24:28Z,SubmissionStatus.COMPLETE,6047.53
submission_00755,2026-05-19T10:30:05Z,SubmissionStatus.COMPLETE,6047.66
submission_00756,2026-05-19T10:35:41Z,SubmissionStatus.COMPLETE,6046.96
submission_00757,2026-05-19T10:41:39Z,SubmissionStatus.COMPLETE,6047.81
submission_00758,2026-05-20T02:53:47Z,SubmissionStatus.COMPLETE,6048.42
submission_00759,2026-05-20T02:58:19Z,SubmissionStatus.COMPLETE,6048.53
submission_00760,2026-05-20T03:03:35Z,SubmissionStatus.COMPLETE,6048.55
submission_00761,2026-05-20T03:09:13Z,SubmissionStatus.COMPLETE,6055.72
submission_00762,2026-05-20T03:16:07Z,SubmissionStatus.COMPLETE,6059.28
submission_00763,2026-05-20T03:16:46Z,SubmissionStatus.COMPLETE,6059.28
submission_00764,2026-05-20T03:36:36Z,SubmissionStatus.COMPLETE,6060.33
submission_00765,2026-05-20T03:53:18Z,SubmissionStatus.COMPLETE,6060.99
submission_00766,2026-05-20T03:56:12Z,SubmissionStatus.COMPLETE,6061.65
submission_00767,2026-05-20T03:59:47Z,SubmissionStatus.COMPLETE,6062.09
submission_00768,2026-05-20T04:03:41Z,SubmissionStatus.COMPLETE,6062.52
submission_00769,2026-05-20T04:06:54Z,SubmissionStatus.COMPLETE,6063.04
submission_00770,2026-05-20T04:10:06Z,SubmissionStatus.COMPLETE,6063.42
submission_00771,2026-05-20T04:13:20Z,SubmissionStatus.COMPLETE,6059.37
submission_00772,2026-05-20T04:16:54Z,SubmissionStatus.COMPLETE,6063.74
submission_00773,2026-05-20T04:20:07Z,SubmissionStatus.COMPLETE,6064.21
submission_00774,2026-05-20T04:23:19Z,SubmissionStatus.COMPLETE,6064.41
submission_00775,2026-05-20T04:26:33Z,SubmissionStatus.COMPLETE,6063.94
submission_00776,2026-05-20T04:29:45Z,SubmissionStatus.COMPLETE,6064.55
submission_00777,2026-05-20T04:33:18Z,SubmissionStatus.COMPLETE,6064.62
submission_00778,2026-05-20T04:36:30Z,SubmissionStatus.COMPLETE,6064.72
submission_00779,2026-05-20T04:44:45Z,SubmissionStatus.COMPLETE,6064.89
submission_00780,2026-05-20T04:47:59Z,SubmissionStatus.COMPLETE,6065.08
submission_00781,2026-05-20T04:52:15Z,SubmissionStatus.COMPLETE,6065.19
submission_00782,2026-05-20T04:55:49Z,SubmissionStatus.COMPLETE,6065.86
submission_00783,2026-05-20T04:59:14Z,SubmissionStatus.COMPLETE,6066.54
submission_00784,2026-05-20T05:02:48Z,SubmissionStatus.COMPLETE,6066.79
submission_00785,2026-05-20T05:06:01Z,SubmissionStatus.COMPLETE,6065.4
submission_00786,2026-05-20T05:09:55Z,SubmissionStatus.COMPLETE,6066.95
submission_00787,2026-05-20T05:13:07Z,SubmissionStatus.COMPLETE,6067.58
submission_00788,2026-05-20T05:17:01Z,SubmissionStatus.COMPLETE,6068.17
submission_00789,2026-05-20T05:20:35Z,SubmissionStatus.COMPLETE,6068.7
submission_00790,2026-05-20T05:23:47Z,SubmissionStatus.COMPLETE,6069.05
submission_00791,2026-05-20T05:26:59Z,SubmissionStatus.COMPLETE,6069.4
submission_00792,2026-05-20T05:30:12Z,SubmissionStatus.COMPLETE,6069.72
submission_00793,2026-05-20T05:33:45Z,SubmissionStatus.COMPLETE,6070.06
submission_00794,2026-05-20T05:37:19Z,SubmissionStatus.COMPLETE,6069.45
submission_00795,2026-05-20T05:40:31Z,SubmissionStatus.COMPLETE,6070.28
submission_00796,2026-05-20T05:44:04Z,SubmissionStatus.COMPLETE,6070.68
submission_00797,2026-05-20T05:47:17Z,SubmissionStatus.COMPLETE,6071.05
submission_00798,2026-05-20T05:50:50Z,SubmissionStatus.COMPLETE,6071.33
submission_00799,2026-05-20T05:54:03Z,SubmissionStatus.COMPLETE,6071.69
submission_00800,2026-05-20T05:57:36Z,SubmissionStatus.COMPLETE,6071.99
submission_00801,2026-05-20T06:01:31Z,SubmissionStatus.COMPLETE,6072.16
submission_00802,2026-05-20T06:05:05Z,SubmissionStatus.COMPLETE,6072.47
submission_00803,2026-05-20T06:08:43Z,SubmissionStatus.COMPLETE,6072.56
submission_00804,2026-05-20T06:12:18Z,SubmissionStatus.COMPLETE,6072.87
submission_00805,2026-05-20T06:15:31Z,SubmissionStatus.COMPLETE,6073.16
submission_00806,2026-05-20T06:19:04Z,SubmissionStatus.COMPLETE,6073.44
submission_00807,2026-05-20T06:22:39Z,SubmissionStatus.COMPLETE,6073.72
submission_00808,2026-05-20T06:26:33Z,SubmissionStatus.COMPLETE,6073.31
submission_00809,2026-05-20T06:30:28Z,SubmissionStatus.COMPLETE,6073.95
submission_00810,2026-05-20T06:34:03Z,SubmissionStatus.COMPLETE,6074.21
submission_00811,2026-05-20T06:37:17Z,SubmissionStatus.COMPLETE,6074.13
submission_00812,2026-05-20T06:40:30Z,SubmissionStatus.COMPLETE,6074.2
submission_00813,2026-05-20T06:44:05Z,SubmissionStatus.COMPLETE,6074.37
submission_00814,2026-05-20T06:48:00Z,SubmissionStatus.COMPLETE,6074.61
submission_00815,2026-05-20T06:51:13Z,SubmissionStatus.COMPLETE,6074.78
submission_00816,2026-05-20T06:59:46Z,SubmissionStatus.COMPLETE,6075.37
submission_00817,2026-05-20T07:03:33Z,SubmissionStatus.COMPLETE,6075.96
submission_00818,2026-05-20T07:06:46Z,SubmissionStatus.COMPLETE,6076.33
submission_00819,2026-05-20T07:10:18Z,SubmissionStatus.COMPLETE,6076.72
submission_00820,2026-05-20T07:13:52Z,SubmissionStatus.COMPLETE,6075.14
submission_00821,2026-05-20T07:17:25Z,SubmissionStatus.COMPLETE,6077.04
submission_00822,2026-05-20T07:20:38Z,SubmissionStatus.COMPLETE,6076.72
submission_00823,2026-05-20T07:23:30Z,SubmissionStatus.COMPLETE,6077.26
submission_00824,2026-05-20T07:27:04Z,SubmissionStatus.COMPLETE,6077.44
submission_00825,2026-05-20T07:30:34Z,SubmissionStatus.COMPLETE,6077.49
submission_00826,2026-05-20T07:34:28Z,SubmissionStatus.COMPLETE,6078.13
submission_00827,2026-05-20T07:38:01Z,SubmissionStatus.COMPLETE,6075.83
submission_00828,2026-05-20T07:41:56Z,SubmissionStatus.COMPLETE,6078.61
submission_00829,2026-05-20T07:45:29Z,SubmissionStatus.COMPLETE,6079.23
submission_00830,2026-05-20T07:48:25Z,SubmissionStatus.COMPLETE,6079.63
submission_00831,2026-05-20T07:51:37Z,SubmissionStatus.COMPLETE,6079.42
submission_00832,2026-05-20T07:55:52Z,SubmissionStatus.COMPLETE,6079.81
submission_00833,2026-05-20T07:59:25Z,SubmissionStatus.COMPLETE,6080.12
submission_00834,2026-05-20T08:02:39Z,SubmissionStatus.COMPLETE,6078.54
submission_00835,2026-05-20T08:05:51Z,SubmissionStatus.COMPLETE,6080.48
submission_00836,2026-05-20T08:09:25Z,SubmissionStatus.COMPLETE,6080.62
submission_00837,2026-05-20T08:12:39Z,SubmissionStatus.COMPLETE,6080.63
submission_00838,2026-05-20T08:16:54Z,SubmissionStatus.COMPLETE,6080.73
submission_00839,2026-05-20T08:20:06Z,SubmissionStatus.COMPLETE,6080.41
submission_00840,2026-05-20T08:23:40Z,SubmissionStatus.COMPLETE,6080.87
submission_00841,2026-05-20T08:26:11Z,SubmissionStatus.COMPLETE,6081.14
submission_00842,2026-05-20T08:29:46Z,SubmissionStatus.COMPLETE,6078.78
submission_00843,2026-05-20T08:33:20Z,SubmissionStatus.COMPLETE,6081.09
submission_00844,2026-05-20T08:36:33Z,SubmissionStatus.COMPLETE,6081.07
submission_00845,2026-05-20T08:39:46Z,SubmissionStatus.COMPLETE,6081.24
submission_00846,2026-05-20T08:42:59Z,SubmissionStatus.COMPLETE,6081.28
submission_00847,2026-05-20T08:46:53Z,SubmissionStatus.COMPLETE,6081.47
submission_00848,2026-05-20T08:50:05Z,SubmissionStatus.COMPLETE,6081.61
submission_00849,2026-05-20T08:53:39Z,SubmissionStatus.COMPLETE,6081.78
submission_00850,2026-05-20T08:57:12Z,SubmissionStatus.COMPLETE,6081.93
submission_00851,2026-05-20T09:05:35Z,SubmissionStatus.COMPLETE,6080.54
submission_00852,2026-05-20T09:08:48Z,SubmissionStatus.COMPLETE,6080.54
submission_00853,2026-05-20T09:12:03Z,SubmissionStatus.COMPLETE,6081.32
submission_00854,2026-05-20T09:15:36Z,SubmissionStatus.COMPLETE,6081.32
submission_00855,2026-05-20T09:19:08Z,SubmissionStatus.COMPLETE,6081.46
submission_00856,2026-05-20T09:22:22Z,SubmissionStatus.COMPLETE,6081.85
submission_00857,2026-05-20T09:25:34Z,SubmissionStatus.COMPLETE,6081.92
submission_00858,2026-05-20T09:29:35Z,SubmissionStatus.COMPLETE,6081.67
submission_00859,2026-05-21T02:48:44Z,SubmissionStatus.COMPLETE,6082.27
submission_00860,2026-05-21T03:12:34Z,SubmissionStatus.COMPLETE,6082.81
submission_00861,2026-05-21T03:16:32Z,SubmissionStatus.COMPLETE,6083.01
submission_00862,2026-05-21T03:20:33Z,SubmissionStatus.COMPLETE,6083.57
submission_00863,2026-05-21T03:26:19Z,SubmissionStatus.COMPLETE,6084.03
submission_00864,2026-05-21T03:29:56Z,SubmissionStatus.COMPLETE,6084.28
submission_00865,2026-05-21T03:33:30Z,SubmissionStatus.COMPLETE,6084.39
submission_00866,2026-05-21T03:36:24Z,SubmissionStatus.COMPLETE,6084.52
submission_00867,2026-05-21T04:19:01Z,SubmissionStatus.COMPLETE,6084.89
submission_00868,2026-05-21T04:23:34Z,SubmissionStatus.COMPLETE,6085.36
submission_00869,2026-05-21T04:23:46Z,SubmissionStatus.COMPLETE,6085.26
submission_00870,2026-05-21T04:23:46Z,SubmissionStatus.COMPLETE,6085.09
submission_00871,2026-05-21T04:30:41Z,SubmissionStatus.COMPLETE,6085.73
submission_00872,2026-05-21T04:34:33Z,SubmissionStatus.COMPLETE,6085.93
submission_00873,2026-05-21T04:40:24Z,SubmissionStatus.COMPLETE,6085.92
submission_00874,2026-05-21T04:44:07Z,SubmissionStatus.COMPLETE,6085.86
submission_00875,2026-05-21T04:51:51Z,SubmissionStatus.COMPLETE,6086.07
submission_00876,2026-05-21T04:55:57Z,SubmissionStatus.COMPLETE,6084.38
submission_00877,2026-05-21T06:03:17Z,SubmissionStatus.COMPLETE,6087.65
submission_00878,2026-05-21T06:12:59Z,SubmissionStatus.COMPLETE,6088.22
submission_00879,2026-05-21T06:19:06Z,SubmissionStatus.COMPLETE,6088.2
submission_00880,2026-05-21T07:17:11Z,SubmissionStatus.COMPLETE,6088.07
submission_00881,2026-05-21T07:46:34Z,SubmissionStatus.COMPLETE,6078.24
submission_00882,2026-05-21T07:53:58Z,SubmissionStatus.COMPLETE,6076.3
submission_00883,2026-05-21T08:04:30Z,SubmissionStatus.COMPLETE,6089.68
submission_00884,2026-05-21T08:11:07Z,SubmissionStatus.COMPLETE,6091.15
submission_00885,2026-05-21T08:17:50Z,SubmissionStatus.COMPLETE,6078.82
submission_00886,2026-05-21T08:24:57Z,SubmissionStatus.COMPLETE,6091.53
submission_00887,2026-05-21T08:34:18Z,SubmissionStatus.COMPLETE,6091.87
submission_00888,2026-05-21T08:42:04Z,SubmissionStatus.COMPLETE,6080.66
submission_00889,2026-05-21T08:42:04Z,SubmissionStatus.COMPLETE,6080.32
submission_00890,2026-05-21T08:42:05Z,SubmissionStatus.COMPLETE,6084.79
submission_00891,2026-05-21T08:42:06Z,SubmissionStatus.COMPLETE,6093.0
submission_00892,2026-05-21T08:42:06Z,SubmissionStatus.COMPLETE,6079.51
submission_00893,2026-05-21T08:42:07Z,SubmissionStatus.COMPLETE,6078.33
submission_00894,2026-05-21T08:42:08Z,SubmissionStatus.COMPLETE,6079.95
submission_00895,2026-05-21T08:48:43Z,SubmissionStatus.COMPLETE,6081.98
submission_00896,2026-05-21T08:48:44Z,SubmissionStatus.COMPLETE,6093.23
submission_00897,2026-05-21T08:48:45Z,SubmissionStatus.COMPLETE,6093.38
submission_00898,2026-05-21T08:48:46Z,SubmissionStatus.COMPLETE,6092.68
submission_00899,2026-05-21T08:48:47Z,SubmissionStatus.COMPLETE,6092.98
submission_00900,2026-05-21T08:48:47Z,SubmissionStatus.COMPLETE,6091.31
submission_00901,2026-05-21T08:52:50Z,SubmissionStatus.COMPLETE,6093.61
submission_00902,2026-05-21T08:57:41Z,SubmissionStatus.COMPLETE,6084.0
submission_00903,2026-05-21T09:00:57Z,SubmissionStatus.COMPLETE,6081.69
submission_00904,2026-05-21T09:04:12Z,SubmissionStatus.COMPLETE,6082.06
submission_00905,2026-05-21T09:07:29Z,SubmissionStatus.COMPLETE,6087.02
submission_00906,2026-05-21T09:11:26Z,SubmissionStatus.COMPLETE,6080.07
submission_00907,2026-05-21T09:26:29Z,SubmissionStatus.COMPLETE,6083.63
submission_00908,2026-05-21T09:29:43Z,SubmissionStatus.COMPLETE,6082.4
submission_00909,2026-05-21T09:33:17Z,SubmissionStatus.COMPLETE,6082.4
submission_00910,2026-05-21T09:36:31Z,SubmissionStatus.COMPLETE,6082.4
submission_00911,2026-05-21T09:39:49Z,SubmissionStatus.COMPLETE,6082.4
submission_00912,2026-05-21T09:40:04Z,SubmissionStatus.COMPLETE,6082.4
submission_00913,2026-05-21T09:44:34Z,SubmissionStatus.COMPLETE,6082.59
submission_00914,2026-05-21T09:48:41Z,SubmissionStatus.COMPLETE,6081.69
submission_00915,2026-05-21T09:51:55Z,SubmissionStatus.COMPLETE,6081.25
submission_00916,2026-05-21T09:55:39Z,SubmissionStatus.COMPLETE,6081.28
submission_00917,2026-05-21T10:01:34Z,SubmissionStatus.COMPLETE,6081.69
submission_00918,2026-05-21T10:04:48Z,SubmissionStatus.COMPLETE,6081.69
submission_00919,2026-05-21T10:08:03Z,SubmissionStatus.COMPLETE,6081.69
submission_00920,2026-05-21T10:11:17Z,SubmissionStatus.COMPLETE,6082.59
submission_00921,2026-05-21T12:00:41Z,SubmissionStatus.COMPLETE,6082.4
submission_00922,2026-05-21T12:04:16Z,SubmissionStatus.COMPLETE,6082.4
submission_00923,2026-05-21T12:07:39Z,SubmissionStatus.COMPLETE,6082.4
submission_00924,2026-05-21T12:12:02Z,SubmissionStatus.COMPLETE,6082.59
submission_00925,2026-05-21T12:15:42Z,SubmissionStatus.COMPLETE,6095.2
submission_00926,2026-05-21T12:19:20Z,SubmissionStatus.COMPLETE,6081.66
submission_00927,2026-05-21T12:23:36Z,SubmissionStatus.COMPLETE,6081.66
submission_00928,2026-05-21T12:27:10Z,SubmissionStatus.COMPLETE,6081.66
submission_00929,2026-05-21T12:30:25Z,SubmissionStatus.COMPLETE,6083.29
submission_00930,2026-05-21T12:33:40Z,SubmissionStatus.COMPLETE,6083.29
submission_00931,2026-05-21T12:37:00Z,SubmissionStatus.COMPLETE,6083.29
submission_00932,2026-05-21T12:40:16Z,SubmissionStatus.COMPLETE,6082.84
submission_00933,2026-05-21T12:43:32Z,SubmissionStatus.COMPLETE,6082.84
submission_00934,2026-05-21T12:47:07Z,SubmissionStatus.COMPLETE,6082.84
submission_00935,2026-05-21T12:50:33Z,SubmissionStatus.COMPLETE,6095.88
submission_00936,2026-05-22T17:57:17Z,SubmissionStatus.COMPLETE,6096.07
submission_00937,2026-05-22T18:02:56Z,SubmissionStatus.COMPLETE,6095.94
submission_00938,2026-05-22T18:06:07Z,SubmissionStatus.COMPLETE,6096.01
submission_00939,2026-05-22T18:09:17Z,SubmissionStatus.COMPLETE,6095.78
submission_00940,2026-05-22T18:12:08Z,SubmissionStatus.COMPLETE,6095.91
submission_00941,2026-05-22T18:15:40Z,SubmissionStatus.COMPLETE,6096.01
submission_00942,2026-05-22T18:18:50Z,SubmissionStatus.COMPLETE,6095.72
submission_00943,2026-05-22T18:22:21Z,SubmissionStatus.COMPLETE,6095.78
submission_00944,2026-05-22T18:25:31Z,SubmissionStatus.COMPLETE,6095.89
submission_00945,2026-05-22T18:28:43Z,SubmissionStatus.COMPLETE,6095.97
submission_00946,2026-05-22T18:31:59Z,SubmissionStatus.COMPLETE,6095.72
submission_00947,2026-05-22T18:35:17Z,SubmissionStatus.COMPLETE,6095.55
submission_00948,2026-05-22T18:55:59Z,SubmissionStatus.COMPLETE,6095.93
submission_00949,2026-05-22T18:59:22Z,SubmissionStatus.COMPLETE,6095.93
submission_00950,2026-05-22T19:03:04Z,SubmissionStatus.COMPLETE,6095.88
submission_00951,2026-05-22T19:06:46Z,SubmissionStatus.COMPLETE,6095.93
submission_00952,2026-05-22T19:10:30Z,SubmissionStatus.COMPLETE,6095.53
submission_00953,2026-05-22T19:14:33Z,SubmissionStatus.COMPLETE,6095.92
submission_00954,2026-05-22T19:18:18Z,SubmissionStatus.COMPLETE,6095.69
submission_00955,2026-05-22T19:21:39Z,SubmissionStatus.COMPLETE,6095.69
submission_00956,2026-05-22T20:02:07Z,SubmissionStatus.COMPLETE,6095.9
submission_00957,2026-05-22T20:06:04Z,SubmissionStatus.COMPLETE,6095.89
submission_00958,2026-05-22T20:09:16Z,SubmissionStatus.COMPLETE,6095.89
submission_00959,2026-05-22T20:12:27Z,SubmissionStatus.COMPLETE,6095.88
submission_00960,2026-05-22T20:15:45Z,SubmissionStatus.COMPLETE,6095.88
submission_00961,2026-05-22T20:19:46Z,SubmissionStatus.COMPLETE,6095.88
submission_00962,2026-05-22T20:23:05Z,SubmissionStatus.COMPLETE,6095.88
submission_00963,2026-05-22T20:26:21Z,SubmissionStatus.COMPLETE,6095.88
submission_00964,2026-05-22T20:30:01Z,SubmissionStatus.COMPLETE,6095.88
submission_00965,2026-05-22T20:33:45Z,SubmissionStatus.COMPLETE,6095.79
submission_00966,2026-05-22T20:37:12Z,SubmissionStatus.COMPLETE,6095.61
submission_00967,2026-05-22T20:40:31Z,SubmissionStatus.COMPLETE,6095.45
submission_00968,2026-05-22T20:44:03Z,SubmissionStatus.COMPLETE,6095.47
submission_00969,2026-05-22T20:47:38Z,SubmissionStatus.COMPLETE,6095.88
submission_00970,2026-05-22T20:50:55Z,SubmissionStatus.COMPLETE,6095.79
submission_00971,2026-05-22T20:54:27Z,SubmissionStatus.COMPLETE,6094.12
submission_00972,2026-05-22T20:57:38Z,SubmissionStatus.COMPLETE,6093.99
submission_00973,2026-05-22T21:00:54Z,SubmissionStatus.COMPLETE,6095.88
submission_00974,2026-05-22T21:04:30Z,SubmissionStatus.COMPLETE,6095.79
submission_00975,2026-05-22T21:07:46Z,SubmissionStatus.COMPLETE,6095.88
submission_00976,2026-05-22T21:11:02Z,SubmissionStatus.COMPLETE,6095.88
submission_00977,2026-05-22T21:14:34Z,SubmissionStatus.COMPLETE,6095.88
submission_00978,2026-05-22T21:17:50Z,SubmissionStatus.COMPLETE,6095.88
submission_00979,2026-05-22T21:21:21Z,SubmissionStatus.COMPLETE,6095.88
submission_00980,2026-05-22T21:25:00Z,SubmissionStatus.COMPLETE,6095.39
submission_00981,2026-05-22T21:27:52Z,SubmissionStatus.COMPLETE,6095.88
submission_00982,2026-05-22T21:31:23Z,SubmissionStatus.COMPLETE,6095.88
submission_00983,2026-05-22T21:34:54Z,SubmissionStatus.COMPLETE,6093.45
submission_00984,2026-05-22T21:38:04Z,SubmissionStatus.COMPLETE,6092.14
submission_00985,2026-05-22T21:42:18Z,SubmissionStatus.COMPLETE,6095.48
submission_00986,2026-05-22T21:45:49Z,SubmissionStatus.COMPLETE,6095.03
submission_00987,2026-05-22T21:48:59Z,SubmissionStatus.COMPLETE,6093.77
submission_00988,2026-05-22T21:52:30Z,SubmissionStatus.COMPLETE,6095.88
submission_00989,2026-05-22T21:56:01Z,SubmissionStatus.COMPLETE,6095.88
submission_00990,2026-05-22T21:59:32Z,SubmissionStatus.COMPLETE,6095.88
submission_00991,2026-05-22T22:02:42Z,SubmissionStatus.COMPLETE,6091.1
submission_00992,2026-05-22T22:06:33Z,SubmissionStatus.COMPLETE,6095.66
submission_00993,2026-05-22T22:09:44Z,SubmissionStatus.COMPLETE,6095.36
submission_00994,2026-05-22T22:13:16Z,SubmissionStatus.COMPLETE,6095.88
submission_00995,2026-05-22T22:16:47Z,SubmissionStatus.COMPLETE,6095.88
submission_00996,2026-05-22T22:19:57Z,SubmissionStatus.COMPLETE,6095.88
submission_00997,2026-05-22T22:23:27Z,SubmissionStatus.COMPLETE,6092.84
submission_00998,2026-05-22T22:26:58Z,SubmissionStatus.COMPLETE,6095.48
submission_00999,2026-05-22T22:30:09Z,SubmissionStatus.COMPLETE,6093.73
submission_01000,2026-05-22T22:33:20Z,SubmissionStatus.COMPLETE,6094.54
submission_01001,2026-05-22T22:36:30Z,SubmissionStatus.COMPLETE,6095.86
submission_01002,2026-05-22T22:40:01Z,SubmissionStatus.COMPLETE,6081.68
submission_01003,2026-05-22T22:43:32Z,SubmissionStatus.COMPLETE,6095.88
submission_01004,2026-05-22T22:47:04Z,SubmissionStatus.COMPLETE,6093.7
submission_01005,2026-05-22T23:33:58Z,SubmissionStatus.COMPLETE,6042.85
submission_01006,2026-05-22T23:37:44Z,SubmissionStatus.COMPLETE,6050.92
submission_01007,2026-05-22T23:42:14Z,SubmissionStatus.COMPLETE,5762.42
submission_01008,2026-05-22T23:42:53Z,SubmissionStatus.COMPLETE,6060.99
submission_01009,2026-05-22T23:44:23Z,SubmissionStatus.COMPLETE,5763.23
submission_01010,2026-05-22T23:45:45Z,SubmissionStatus.COMPLETE,6060.99
submission_01011,2026-05-22T23:46:11Z,SubmissionStatus.COMPLETE,5764.15
submission_01012,2026-05-22T23:48:29Z,SubmissionStatus.COMPLETE,5764.16
submission_01013,2026-05-22T23:49:47Z,SubmissionStatus.COMPLETE,6083.77
submission_01014,2026-05-22T23:50:38Z,SubmissionStatus.COMPLETE,5764.03
submission_01015,2026-05-22T23:53:48Z,SubmissionStatus.COMPLETE,6081.23
submission_01016,2026-05-22T23:55:04Z,SubmissionStatus.COMPLETE,5764.11
submission_01017,2026-05-22T23:57:25Z,SubmissionStatus.COMPLETE,5761.62
submission_01018,2026-05-22T23:58:49Z,SubmissionStatus.COMPLETE,6084.54
submission_01019,2026-05-23T00:02:21Z,SubmissionStatus.COMPLETE,6082.33
submission_01020,2026-05-23T00:07:47Z,SubmissionStatus.COMPLETE,6070.6
submission_01021,2026-05-23T00:10:38Z,SubmissionStatus.COMPLETE,6072.75
submission_01022,2026-05-23T00:13:29Z,SubmissionStatus.COMPLETE,6077.4
submission_01023,2026-05-23T00:17:37Z,SubmissionStatus.COMPLETE,6093.0
submission_01024,2026-05-23T00:23:33Z,SubmissionStatus.COMPLETE,6095.84
submission_01025,2026-05-23T00:27:08Z,SubmissionStatus.COMPLETE,6095.88
submission_01026,2026-05-23T00:31:04Z,SubmissionStatus.COMPLETE,6093.24
submission_01027,2026-05-23T00:34:59Z,SubmissionStatus.COMPLETE,6095.88
submission_01028,2026-05-23T00:38:34Z,SubmissionStatus.COMPLETE,6094.86
submission_01029,2026-05-23T00:41:48Z,SubmissionStatus.COMPLETE,6095.88
submission_01030,2026-05-23T00:44:59Z,SubmissionStatus.COMPLETE,6095.88
submission_01031,2026-05-23T00:48:33Z,SubmissionStatus.COMPLETE,6091.91
submission_01032,2026-05-23T00:51:48Z,SubmissionStatus.COMPLETE,6092.88
submission_01033,2026-05-23T00:55:02Z,SubmissionStatus.COMPLETE,6095.32
submission_01034,2026-05-23T00:58:36Z,SubmissionStatus.COMPLETE,6095.88
submission_01035,2026-05-24T14:57:55Z,SubmissionStatus.COMPLETE,5800.74
submission_01036,2026-05-24T14:57:55Z,SubmissionStatus.COMPLETE,5798.29
submission_01037,2026-05-24T14:57:55Z,SubmissionStatus.COMPLETE,5801.11
submission_01038,2026-05-24T14:57:55Z,SubmissionStatus.COMPLETE,5801.08
submission_01039,2026-05-24T14:57:55Z,SubmissionStatus.COMPLETE,5801.02
submission_01040,2026-05-24T14:57:55Z,SubmissionStatus.COMPLETE,5800.83
submission_01041,2026-05-24T14:57:55Z,SubmissionStatus.COMPLETE,5800.8
submission_01042,2026-05-24T14:57:55Z,SubmissionStatus.COMPLETE,5800.71
submission_01043,2026-05-24T14:57:55Z,SubmissionStatus.COMPLETE,5800.47
submission_01044,2026-05-24T14:57:55Z,SubmissionStatus.COMPLETE,5800.33
submission_01045,2026-05-24T14:57:55Z,SubmissionStatus.COMPLETE,5800.23
submission_01046,2026-05-24T14:57:55Z,SubmissionStatus.COMPLETE,5800.13
submission_01047,2026-05-24T14:57:55Z,SubmissionStatus.COMPLETE,5799.39
submission_01048,2026-05-24T14:57:55Z,SubmissionStatus.COMPLETE,5798.57
submission_01049,2026-05-24T14:57:55Z,SubmissionStatus.COMPLETE,5798.4
submission_01050,2026-05-24T14:57:55Z,SubmissionStatus.COMPLETE,5797.9
submission_01051,2026-05-24T14:57:55Z,SubmissionStatus.COMPLETE,5797.86
submission_01052,2026-05-24T14:57:55Z,SubmissionStatus.COMPLETE,6086.67
submission_01053,2026-05-24T14:57:55Z,SubmissionStatus.COMPLETE,6100.94
submission_01054,2026-05-24T14:57:55Z,SubmissionStatus.COMPLETE,6086.46
submission_01055,2026-05-24T14:57:55Z,SubmissionStatus.COMPLETE,6099.04
submission_01056,2026-05-24T14:57:55Z,SubmissionStatus.COMPLETE,6098.77
submission_01057,2026-05-24T14:57:55Z,SubmissionStatus.COMPLETE,6098.75
submission_01058,2026-05-24T14:57:55Z,SubmissionStatus.COMPLETE,6086.09
submission_01059,2026-05-24T14:57:55Z,SubmissionStatus.COMPLETE,6098.7
submission_01060,2026-05-24T14:57:55Z,SubmissionStatus.COMPLETE,6098.87
submission_01061,2026-05-24T14:57:55Z,SubmissionStatus.COMPLETE,6098.83
submission_01062,2026-05-24T14:57:55Z,SubmissionStatus.COMPLETE,6080.88
submission_01063,2026-05-24T14:57:55Z,SubmissionStatus.COMPLETE,6098.33
submission_01064,2026-05-24T14:57:55Z,SubmissionStatus.COMPLETE,6084.95
submission_01065,2026-05-24T14:57:55Z,SubmissionStatus.COMPLETE,6098.14
submission_01066,2026-05-24T14:57:55Z,SubmissionStatus.COMPLETE,6083.84
submission_01067,2026-05-24T14:57:55Z,SubmissionStatus.COMPLETE,6083.78
submission_01068,2026-05-24T14:57:55Z,SubmissionStatus.COMPLETE,6083.76
submission_01069,2026-05-24T14:57:55Z,SubmissionStatus.COMPLETE,6096.4
submission_01070,2026-05-24T14:57:55Z,SubmissionStatus.COMPLETE,6096.03
submission_01071,2026-05-24T14:57:55Z,SubmissionStatus.COMPLETE,6095.99
submission_01072,2026-05-24T14:57:55Z,SubmissionStatus.COMPLETE,6096.35
submission_01073,2026-05-24T14:57:55Z,SubmissionStatus.COMPLETE,6096.15
submission_01074,2026-05-24T14:57:55Z,SubmissionStatus.COMPLETE,6096.16
submission_01075,2026-05-24T14:57:55Z,SubmissionStatus.COMPLETE,6095.94
submission_01076,2026-05-24T14:57:55Z,SubmissionStatus.COMPLETE,6096.11
submission_01077,2026-05-24T14:57:55Z,SubmissionStatus.COMPLETE,6096.37
submission_01078,2026-05-24T14:57:55Z,SubmissionStatus.COMPLETE,6095.76
submission_01079,2026-05-24T14:57:55Z,SubmissionStatus.COMPLETE,6095.88
submission_01080,2026-05-24T14:57:55Z,SubmissionStatus.COMPLETE,6095.31
submission_01081,2026-05-24T14:57:55Z,SubmissionStatus.COMPLETE,6095.2
submission_01082,2026-05-24T14:57:55Z,SubmissionStatus.COMPLETE,6081.63
submission_01083,2026-05-24T14:57:55Z,SubmissionStatus.COMPLETE,6093.38
submission_01084,2026-05-24T14:57:55Z,SubmissionStatus.COMPLETE,6093.73
submission_01085,2026-05-24T14:57:55Z,SubmissionStatus.COMPLETE,6093.51
submission_01086,2026-05-24T14:57:55Z,SubmissionStatus.COMPLETE,6093.64
submission_01087,2026-05-24T14:57:55Z,SubmissionStatus.COMPLETE,6093.45
submission_01088,2026-05-24T14:57:55Z,SubmissionStatus.COMPLETE,6093.5
submission_01089,2026-05-24T14:57:55Z,SubmissionStatus.COMPLETE,6093.69
submission_01090,2026-05-24T14:57:55Z,SubmissionStatus.COMPLETE,6093.28
submission_01091,2026-05-24T14:57:55Z,SubmissionStatus.COMPLETE,6093.49
submission_01092,2026-05-24T14:57:55Z,SubmissionStatus.COMPLETE,6093.65
submission_01093,2026-05-24T14:57:55Z,SubmissionStatus.COMPLETE,6093.88
submission_01094,2026-05-25T13:32:16Z,SubmissionStatus.COMPLETE,6093.03
submission_01095,2026-05-25T13:32:16Z,SubmissionStatus.COMPLETE,6093.13
submission_01096,2026-05-25T13:32:16Z,SubmissionStatus.COMPLETE,6092.84
submission_01097,2026-05-25T13:32:16Z,SubmissionStatus.COMPLETE,6092.9
submission_01098,2026-05-25T13:32:16Z,SubmissionStatus.COMPLETE,6093.09
submission_01099,2026-05-25T13:32:16Z,SubmissionStatus.COMPLETE,6092.67
submission_01100,2026-05-25T13:32:16Z,SubmissionStatus.COMPLETE,6092.88
submission_01101,2026-05-25T13:32:16Z,SubmissionStatus.COMPLETE,6093.05
submission_01102,2026-05-25T13:32:16Z,SubmissionStatus.COMPLETE,6093.61
submission_01103,2026-05-25T13:32:16Z,SubmissionStatus.COMPLETE,6084.0
submission_01104,2026-05-25T13:32:16Z,SubmissionStatus.COMPLETE,6081.69
submission_01105,2026-05-25T13:32:16Z,SubmissionStatus.COMPLETE,6082.06
submission_01106,2026-05-25T13:32:16Z,SubmissionStatus.COMPLETE,6087.02
submission_01107,2026-05-25T13:32:16Z,SubmissionStatus.COMPLETE,6080.07
submission_01108,2026-05-25T13:32:16Z,SubmissionStatus.COMPLETE,6083.63
submission_01109,2026-05-25T13:32:16Z,SubmissionStatus.COMPLETE,6082.4
submission_01110,2026-05-25T13:32:16Z,SubmissionStatus.COMPLETE,6082.59
submission_01111,2026-05-25T13:32:16Z,SubmissionStatus.COMPLETE,6081.25
submission_01112,2026-05-25T13:32:16Z,SubmissionStatus.COMPLETE,6081.28
submission_01113,2026-05-25T13:32:16Z,SubmissionStatus.COMPLETE,6095.2
submission_01114,2026-05-25T13:32:16Z,SubmissionStatus.COMPLETE,6081.66
submission_01115,2026-05-25T13:32:16Z,SubmissionStatus.COMPLETE,6083.29
submission_01116,2026-05-25T13:32:16Z,SubmissionStatus.COMPLETE,6082.84
submission_01117,2026-05-25T13:32:16Z,SubmissionStatus.COMPLETE,6095.88
submission_01118,2026-05-25T13:32:16Z,SubmissionStatus.COMPLETE,6095.5
submission_01119,2026-05-25T13:32:16Z,SubmissionStatus.COMPLETE,6094.5
submission_01120,2026-05-25T13:32:16Z,SubmissionStatus.COMPLETE,6095.87
submission_01121,2026-05-25T13:32:16Z,SubmissionStatus.COMPLETE,6096.33
submission_01122,2026-05-25T13:32:16Z,SubmissionStatus.COMPLETE,6096.36
submission_01123,2026-05-25T13:32:16Z,SubmissionStatus.COMPLETE,6094.04
submission_01124,2026-05-25T13:32:16Z,SubmissionStatus.COMPLETE,6095.84
submission_01125,2026-05-25T13:32:16Z,SubmissionStatus.COMPLETE,6095.46
submission_01126,2026-05-25T13:32:16Z,SubmissionStatus.COMPLETE,6092.78
submission_01127,2026-05-25T13:32:16Z,SubmissionStatus.COMPLETE,6086.47
submission_01128,2026-05-25T13:32:16Z,SubmissionStatus.COMPLETE,6095.53
submission_01129,2026-05-25T13:32:16Z,SubmissionStatus.COMPLETE,6083.74
submission_01130,2026-05-25T13:32:16Z,SubmissionStatus.COMPLETE,6088.98
submission_01131,2026-05-25T13:32:16Z,SubmissionStatus.COMPLETE,6098.07
submission_01132,2026-05-25T13:32:16Z,SubmissionStatus.COMPLETE,6095.54
submission_01133,2026-05-25T13:32:16Z,SubmissionStatus.COMPLETE,6096.63
submission_01134,2026-05-25T13:32:16Z,SubmissionStatus.COMPLETE,6098.82
submission_01135,2026-05-25T13:32:16Z,SubmissionStatus.COMPLETE,6101.16
submission_01136,2026-05-25T13:32:16Z,SubmissionStatus.COMPLETE,6100.96
submission_01137,2026-05-25T13:32:16Z,SubmissionStatus.COMPLETE,6100.99
submission_01138,2026-05-25T13:32:16Z,SubmissionStatus.COMPLETE,6100.82
submission_01139,2026-05-25T13:32:16Z,SubmissionStatus.COMPLETE,6100.95
submission_01140,2026-05-25T13:32:16Z,SubmissionStatus.COMPLETE,6100.94
submission_01141,2026-05-25T13:32:16Z,SubmissionStatus.COMPLETE,6101.04
submission_01142,2026-05-25T13:32:16Z,SubmissionStatus.COMPLETE,6101.26
submission_01143,2026-05-26T08:55:11Z,SubmissionStatus.COMPLETE,6085.79
submission_01144,2026-05-26T09:34:32Z,SubmissionStatus.COMPLETE,6099.07
submission_01145,2026-05-26T09:34:32Z,SubmissionStatus.COMPLETE,6097.98
submission_01146,2026-05-26T09:34:32Z,SubmissionStatus.COMPLETE,6100.51
submission_01147,2026-05-26T09:34:32Z,SubmissionStatus.COMPLETE,6097.11
submission_01148,2026-05-26T09:34:32Z,SubmissionStatus.COMPLETE,6089.48
submission_01149,2026-05-26T09:34:32Z,SubmissionStatus.COMPLETE,6101.25
submission_01150,2026-05-26T09:34:32Z,SubmissionStatus.COMPLETE,6100.78
submission_01151,2026-05-26T09:34:32Z,SubmissionStatus.COMPLETE,6101.1
submission_01152,2026-05-26T09:34:32Z,SubmissionStatus.COMPLETE,6101.11
submission_01153,2026-05-26T09:34:32Z,SubmissionStatus.COMPLETE,6090.05
submission_01154,2026-05-26T09:34:32Z,SubmissionStatus.COMPLETE,6092.84
submission_01155,2026-05-26T09:34:32Z,SubmissionStatus.COMPLETE,6100.66
submission_01156,2026-05-26T09:34:32Z,SubmissionStatus.COMPLETE,6100.74
submission_01157,2026-05-26T09:34:32Z,SubmissionStatus.COMPLETE,6101.26
submission_01158,2026-05-26T09:34:32Z,SubmissionStatus.COMPLETE,6100.76
submission_01159,2026-05-26T09:34:32Z,SubmissionStatus.COMPLETE,6099.11
submission_01160,2026-05-26T09:34:32Z,SubmissionStatus.COMPLETE,6100.91
submission_01161,2026-05-26T09:34:32Z,SubmissionStatus.COMPLETE,6100.86
submission_01162,2026-05-26T09:34:32Z,SubmissionStatus.COMPLETE,6101.08
submission_01163,2026-05-26T09:34:32Z,SubmissionStatus.COMPLETE,6090.42
submission_01164,2026-05-26T09:34:32Z,SubmissionStatus.COMPLETE,6100.95
submission_01165,2026-05-26T09:34:32Z,SubmissionStatus.COMPLETE,6090.94
submission_01166,2026-05-26T09:34:32Z,SubmissionStatus.COMPLETE,6100.98
submission_01167,2026-05-26T09:34:32Z,SubmissionStatus.COMPLETE,6100.03
submission_01168,2026-05-26T09:34:32Z,SubmissionStatus.COMPLETE,6089.34
submission_01169,2026-05-26T09:34:32Z,SubmissionStatus.COMPLETE,6101.21
submission_01170,2026-05-26T09:34:32Z,SubmissionStatus.COMPLETE,6087.72
submission_01171,2026-05-26T09:34:32Z,SubmissionStatus.COMPLETE,6089.65
submission_01172,2026-05-26T09:34:32Z,SubmissionStatus.COMPLETE,6089.38
submission_01173,2026-05-26T09:34:32Z,SubmissionStatus.COMPLETE,6093.35
submission_01174,2026-05-26T09:34:32Z,SubmissionStatus.COMPLETE,6100.9
submission_01175,2026-05-26T09:34:32Z,SubmissionStatus.COMPLETE,6101.34
submission_01176,2026-05-26T09:34:32Z,SubmissionStatus.COMPLETE,6090.44
submission_01177,2026-05-26T09:34:32Z,SubmissionStatus.COMPLETE,6100.71
submission_01178,2026-05-26T09:34:32Z,SubmissionStatus.COMPLETE,6101.15
submission_01179,2026-05-26T09:34:32Z,SubmissionStatus.COMPLETE,6101.22
submission_01180,2026-05-26T09:34:32Z,SubmissionStatus.COMPLETE,6100.49
submission_01181,2026-05-26T09:34:32Z,SubmissionStatus.COMPLETE,6101.03
submission_01182,2026-05-26T09:34:32Z,SubmissionStatus.COMPLETE,6101.07
submission_01183,2026-05-26T09:34:32Z,SubmissionStatus.COMPLETE,6101.31
submission_01184,2026-05-26T09:34:32Z,SubmissionStatus.COMPLETE,6101.14
submission_01185,2026-05-26T09:34:32Z,SubmissionStatus.COMPLETE,6096.89
submission_01186,2026-05-26T09:34:32Z,SubmissionStatus.COMPLETE,6100.88
submission_01187,2026-05-26T09:34:32Z,SubmissionStatus.COMPLETE,6100.68
submission_01188,2026-05-26T09:34:32Z,SubmissionStatus.COMPLETE,6100.69
submission_01189,2026-05-27T00:24:30Z,SubmissionStatus.COMPLETE,6101.39
submission_01190,2026-05-27T00:24:31Z,SubmissionStatus.COMPLETE,6101.18
submission_01191,2026-05-27T00:24:32Z,SubmissionStatus.COMPLETE,6100.82
submission_01192,2026-05-27T00:24:33Z,SubmissionStatus.COMPLETE,6101.34
submission_01193,2026-05-27T00:24:34Z,SubmissionStatus.COMPLETE,6101.34
submission_01194,2026-05-27T00:24:35Z,SubmissionStatus.COMPLETE,6101.34
submission_01195,2026-05-27T00:24:36Z,SubmissionStatus.COMPLETE,6101.34
submission_01196,2026-05-27T00:24:39Z,SubmissionStatus.COMPLETE,6101.34
submission_01197,2026-05-27T00:24:40Z,SubmissionStatus.COMPLETE,6101.34
submission_01198,2026-05-27T00:24:41Z,SubmissionStatus.COMPLETE,6101.34
submission_01199,2026-05-27T00:24:42Z,SubmissionStatus.COMPLETE,6101.33
submission_01200,2026-05-27T00:24:44Z,SubmissionStatus.COMPLETE,6101.34
submission_01201,2026-05-27T00:24:45Z,SubmissionStatus.COMPLETE,6101.29
submission_01202,2026-05-27T00:24:45Z,SubmissionStatus.COMPLETE,6101.22
submission_01203,2026-05-27T00:24:46Z,SubmissionStatus.COMPLETE,6101.22
submission_01204,2026-05-27T00:24:47Z,SubmissionStatus.COMPLETE,6092.91
submission_01205,2026-05-27T00:24:47Z,SubmissionStatus.COMPLETE,6101.11
submission_01206,2026-05-27T00:24:48Z,SubmissionStatus.COMPLETE,6101.06
submission_01207,2026-05-27T00:24:49Z,SubmissionStatus.COMPLETE,6101.02
submission_01208,2026-05-27T00:24:50Z,SubmissionStatus.COMPLETE,6101.03
submission_01209,2026-05-27T00:24:50Z,SubmissionStatus.COMPLETE,6101.19
submission_01210,2026-05-27T00:24:51Z,SubmissionStatus.COMPLETE,6100.98
submission_01211,2026-05-27T00:24:52Z,SubmissionStatus.COMPLETE,6100.95
submission_01212,2026-05-27T00:24:53Z,SubmissionStatus.COMPLETE,6100.94
submission_01213,2026-05-27T00:24:53Z,SubmissionStatus.COMPLETE,6097.19
submission_01214,2026-05-27T00:24:54Z,SubmissionStatus.COMPLETE,6101.33
submission_01215,2026-05-27T00:24:55Z,SubmissionStatus.COMPLETE,6100.86
submission_01216,2026-05-27T00:24:55Z,SubmissionStatus.COMPLETE,6100.79
submission_01217,2026-05-27T00:24:56Z,SubmissionStatus.COMPLETE,6100.77
submission_01218,2026-05-27T00:24:57Z,SubmissionStatus.COMPLETE,6100.59
submission_01219,2026-05-28T23:59:46Z,SubmissionStatus.COMPLETE,6100.78
submission_01220,2026-05-29T00:00:25Z,SubmissionStatus.COMPLETE,6100.78
submission_01221,2026-05-29T00:11:37Z,SubmissionStatus.COMPLETE,6101.41
submission_01222,2026-05-29T00:45:17Z,SubmissionStatus.COMPLETE,6101.57
submission_01223,2026-05-29T00:58:04Z,SubmissionStatus.COMPLETE,6102.05
submission_01224,2026-05-29T00:59:59Z,SubmissionStatus.COMPLETE,6101.57
submission_01225,2026-05-29T01:00:00Z,SubmissionStatus.COMPLETE,6101.57
submission_01226,2026-05-29T01:00:00Z,SubmissionStatus.COMPLETE,6101.14
submission_01227,2026-05-29T01:00:01Z,SubmissionStatus.COMPLETE,6101.14
submission_01228,2026-05-29T01:00:01Z,SubmissionStatus.COMPLETE,6100.44
submission_01229,2026-05-29T01:00:02Z,SubmissionStatus.COMPLETE,6100.44
submission_01230,2026-05-29T01:00:03Z,SubmissionStatus.COMPLETE,6100.44
submission_01231,2026-05-29T01:00:04Z,SubmissionStatus.COMPLETE,6100.44
submission_01232,2026-05-29T01:00:04Z,SubmissionStatus.COMPLETE,6099.27
submission_01233,2026-05-29T11:30:36Z,SubmissionStatus.COMPLETE,6102.41
submission_01234,2026-05-29T11:35:40Z,SubmissionStatus.COMPLETE,6102.67
submission_01235,2026-05-29T11:40:05Z,SubmissionStatus.COMPLETE,6102.91
submission_01236,2026-05-29T11:45:40Z,SubmissionStatus.COMPLETE,6102.87
submission_01237,2026-05-29T11:50:28Z,SubmissionStatus.COMPLETE,6102.88
submission_01238,2026-05-29T13:16:12Z,SubmissionStatus.COMPLETE,6103.24
submission_01239,2026-06-01T01:38:14Z,SubmissionStatus.COMPLETE,6151.18
submission_01240,2026-06-01T01:44:03Z,SubmissionStatus.COMPLETE,6151.32
submission_01241,2026-06-02T01:01:22Z,SubmissionStatus.COMPLETE,6154.71
submission_01242,2026-06-02T01:09:36Z,SubmissionStatus.COMPLETE,6155.03
submission_01243,2026-06-02T01:16:52Z,SubmissionStatus.COMPLETE,6155.45
submission_01244,2026-06-02T01:23:13Z,SubmissionStatus.COMPLETE,6155.62
submission_01245,2026-06-02T01:27:51Z,SubmissionStatus.COMPLETE,6155.67
submission_01246,2026-06-02T01:32:17Z,SubmissionStatus.COMPLETE,6155.84
submission_01247,2026-06-02T01:37:54Z,SubmissionStatus.COMPLETE,6156.05
submission_01248,2026-06-02T01:42:21Z,SubmissionStatus.COMPLETE,6156.29
submission_01249,2026-06-02T01:48:21Z,SubmissionStatus.COMPLETE,6156.43
submission_01250,2026-06-02T01:56:08Z,SubmissionStatus.COMPLETE,6144.94
submission_01251,2026-06-02T01:59:14Z,SubmissionStatus.COMPLETE,6145.77
submission_01252,2026-06-02T02:07:55Z,SubmissionStatus.COMPLETE,6143.85
submission_01253,2026-06-02T02:12:37Z,SubmissionStatus.COMPLETE,6157.43
submission_01254,2026-06-02T02:17:24Z,SubmissionStatus.COMPLETE,6158.3
submission_01255,2026-06-02T02:22:08Z,SubmissionStatus.COMPLETE,6145.07
submission_01256,2026-06-02T02:27:20Z,SubmissionStatus.COMPLETE,6158.84
submission_01257,2026-06-02T02:31:57Z,SubmissionStatus.COMPLETE,6158.91
submission_01258,2026-06-02T02:36:04Z,SubmissionStatus.COMPLETE,6159.25
submission_01259,2026-06-02T02:40:25Z,SubmissionStatus.COMPLETE,6159.59
submission_01260,2026-06-02T02:44:26Z,SubmissionStatus.COMPLETE,6159.9
submission_01261,2026-06-02T12:36:50Z,SubmissionStatus.COMPLETE,6148.41
submission_01262,2026-06-02T12:41:00Z,SubmissionStatus.COMPLETE,6149.24
submission_01263,2026-06-02T12:45:43Z,SubmissionStatus.COMPLETE,6159.9
submission_01264,2026-06-02T12:50:00Z,SubmissionStatus.COMPLETE,6159.9
submission_01265,2026-06-02T12:55:20Z,SubmissionStatus.COMPLETE,6159.76
submission_01266,2026-06-02T12:59:31Z,SubmissionStatus.COMPLETE,6160.31
submission_01267,2026-06-02T13:04:05Z,SubmissionStatus.COMPLETE,6160.62
submission_01268,2026-06-02T13:08:18Z,SubmissionStatus.COMPLETE,6160.93
submission_01269,2026-06-02T13:13:17Z,SubmissionStatus.COMPLETE,6161.24
submission_01270,2026-06-02T13:17:44Z,SubmissionStatus.COMPLETE,6161.56
submission_01271,2026-06-02T13:22:21Z,SubmissionStatus.COMPLETE,6161.89
submission_01272,2026-06-02T18:41:09Z,SubmissionStatus.COMPLETE,6162.15
submission_01273,2026-06-02T18:46:04Z,SubmissionStatus.COMPLETE,6162.31
submission_01274,2026-06-02T18:52:08Z,SubmissionStatus.COMPLETE,6208.06
submission_01275,2026-06-02T19:13:05Z,SubmissionStatus.COMPLETE,6208.2
submission_01276,2026-06-03T05:29:50Z,SubmissionStatus.COMPLETE,6196.72
submission_01277,2026-06-03T05:34:33Z,SubmissionStatus.COMPLETE,6208.09
submission_01278,2026-06-03T05:50:33Z,SubmissionStatus.COMPLETE,6197.54
submission_01279,2026-06-03T20:46:51Z,SubmissionStatus.COMPLETE,6254.64
submission_01280,2026-06-03T20:51:39Z,SubmissionStatus.COMPLETE,6254.69
submission_01281,2026-06-03T20:55:44Z,SubmissionStatus.COMPLETE,6254.87
submission_01282,2026-06-03T20:59:52Z,SubmissionStatus.COMPLETE,6255.01
submission_01283,2026-06-03T21:00:55Z,SubmissionStatus.COMPLETE,6255.01
submission_01284,2026-06-03T21:19:07Z,SubmissionStatus.COMPLETE,6254.81
submission_01285,2026-06-03T21:23:23Z,SubmissionStatus.COMPLETE,6255.18
submission_01286,2026-06-03T21:27:26Z,SubmissionStatus.COMPLETE,6255.34
submission_01287,2026-06-03T21:31:27Z,SubmissionStatus.COMPLETE,6241.09
submission_01288,2026-06-03T21:35:36Z,SubmissionStatus.COMPLETE,6255.51
submission_01289,2026-06-03T21:40:17Z,SubmissionStatus.COMPLETE,6255.38
submission_01290,2026-06-03T21:40:33Z,SubmissionStatus.COMPLETE,6255.51
submission_01291,2026-06-03T21:53:58Z,SubmissionStatus.COMPLETE,6255.61
submission_01292,2026-06-03T22:00:57Z,SubmissionStatus.COMPLETE,6255.63
submission_01293,2026-06-03T22:04:58Z,SubmissionStatus.COMPLETE,6255.73
submission_01294,2026-06-03T22:08:58Z,SubmissionStatus.COMPLETE,6255.78
submission_01295,2026-06-03T22:18:19Z,SubmissionStatus.COMPLETE,6255.8
submission_01296,2026-06-03T22:24:12Z,SubmissionStatus.COMPLETE,6255.65
submission_01297,2026-06-04T13:52:09Z,SubmissionStatus.COMPLETE,6245.14
submission_01298,2026-06-04T14:11:35Z,SubmissionStatus.COMPLETE,6255.69
submission_01299,2026-06-04T14:33:42Z,SubmissionStatus.COMPLETE,6241.55
submission_01300,2026-06-04T14:46:58Z,SubmissionStatus.COMPLETE,6256.26
submission_01301,2026-06-04T15:21:56Z,SubmissionStatus.COMPLETE,6245.6
submission_01302,2026-06-04T15:36:03Z,SubmissionStatus.COMPLETE,6243.13
submission_01303,2026-06-04T15:43:14Z,SubmissionStatus.COMPLETE,6256.06
submission_01304,2026-06-04T15:53:34Z,SubmissionStatus.COMPLETE,6256.13
submission_01305,2026-06-04T16:00:56Z,SubmissionStatus.COMPLETE,6256.54
submission_01306,2026-06-04T16:14:28Z,SubmissionStatus.COMPLETE,6256.35
submission_01307,2026-06-04T16:21:11Z,SubmissionStatus.COMPLETE,6256.75
submission_01308,2026-06-04T16:28:50Z,SubmissionStatus.COMPLETE,6239.25
submission_01309,2026-06-04T16:35:14Z,SubmissionStatus.COMPLETE,6257.01
submission_01310,2026-06-04T16:42:17Z,SubmissionStatus.COMPLETE,6243.41
submission_01311,2026-06-05T01:51:17Z,SubmissionStatus.COMPLETE,6243.61
submission_01312,2026-06-08T13:45:47Z,SubmissionStatus.COMPLETE,6258.86
submission_01313,2026-06-08T13:54:25Z,SubmissionStatus.COMPLETE,6260.99
submission_01314,2026-06-08T13:58:12Z,SubmissionStatus.COMPLETE,6262.27
submission_01315,2026-06-08T14:01:41Z,SubmissionStatus.COMPLETE,6263.52
submission_01316,2026-06-08T14:15:17Z,SubmissionStatus.COMPLETE,6272.5
submission_01317,2026-06-08T14:27:38Z,SubmissionStatus.COMPLETE,6272.54
submission_01318,2026-06-08T14:30:24Z,SubmissionStatus.COMPLETE,6258.4
submission_01319,2026-06-08T14:33:47Z,SubmissionStatus.COMPLETE,6272.64
submission_01320,2026-06-08T14:36:57Z,SubmissionStatus.COMPLETE,6273.01
submission_01321,2026-06-08T14:40:32Z,SubmissionStatus.COMPLETE,6273.37
submission_01322,2026-06-08T14:52:03Z,SubmissionStatus.COMPLETE,6273.51
submission_01323,2026-06-09T23:14:49Z,SubmissionStatus.COMPLETE,6275.09
submission_01324,2026-06-10T22:17:34Z,SubmissionStatus.COMPLETE,6322.39
submission_01325,2026-06-10T22:29:02Z,SubmissionStatus.PENDING,
submission_01326,2026-06-10T22:29:53Z,SubmissionStatus.PENDING,
submission_01327,2026-06-10T22:31:30Z,SubmissionStatus.COMPLETE,6322.35
submission_01328,2026-06-10T22:32:44Z,SubmissionStatus.PENDING,
submission_01329,2026-06-10T22:34:16Z,SubmissionStatus.COMPLETE,6322.29
submission_01330,2026-06-10T22:40:10Z,SubmissionStatus.PENDING,
submission_01331,2026-06-10T22:41:41Z,SubmissionStatus.PENDING,
submission_01332,2026-06-10T22:43:48Z,SubmissionStatus.COMPLETE,6322.57
submission_01333,2026-06-10T22:44:25Z,SubmissionStatus.PENDING,
submission_01334,2026-06-10T22:45:56Z,SubmissionStatus.COMPLETE,6322.79
submission_01335,2026-06-11T00:14:22Z,SubmissionStatus.PENDING,
submission_01336,2026-06-11T00:15:59Z,SubmissionStatus.PENDING,
submission_01337,2026-06-11T00:18:18Z,SubmissionStatus.COMPLETE,6325.22
submission_01338,2026-06-11T00:36:12Z,SubmissionStatus.PENDING,
submission_01339,2026-06-11T00:38:35Z,SubmissionStatus.COMPLETE,6325.12
submission_01340,2026-06-11T01:07:23Z,SubmissionStatus.PENDING,
submission_01341,2026-06-11T01:10:25Z,SubmissionStatus.COMPLETE,6325.5
submission_01342,2026-06-11T01:11:33Z,SubmissionStatus.PENDING,
submission_01343,2026-06-11T01:16:30Z,SubmissionStatus.COMPLETE,6325.64
submission_01344,2026-06-11T01:31:44Z,SubmissionStatus.PENDING,
submission_01345,2026-06-11T01:34:33Z,SubmissionStatus.COMPLETE,6325.57
submission_01346,2026-06-11T01:50:47Z,SubmissionStatus.PENDING,
submission_01347,2026-06-11T01:52:48Z,SubmissionStatus.COMPLETE,6326.1
submission_01348,2026-06-11T01:57:22Z,SubmissionStatus.PENDING,
submission_01349,2026-06-11T01:59:20Z,SubmissionStatus.COMPLETE,6326.38
submission_01350,2026-06-11T02:06:18Z,SubmissionStatus.PENDING,
submission_01351,2026-06-11T02:08:16Z,SubmissionStatus.COMPLETE,6326.86
submission_01352,2026-06-11T02:10:39Z,SubmissionStatus.PENDING,
submission_01353,2026-06-11T02:12:45Z,SubmissionStatus.COMPLETE,6326.82
submission_01354,2026-06-11T02:15:06Z,SubmissionStatus.PENDING,
submission_01355,2026-06-11T02:17:04Z,SubmissionStatus.COMPLETE,6326.9
submission_01356,2026-06-11T02:19:28Z,SubmissionStatus.PENDING,
submission_01357,2026-06-11T02:21:46Z,SubmissionStatus.COMPLETE,6327.12
submission_01358,2026-06-11T02:24:35Z,SubmissionStatus.PENDING,
submission_01359,2026-06-11T02:27:06Z,SubmissionStatus.COMPLETE,6327.35
submission_01360,2026-06-11T02:30:41Z,SubmissionStatus.PENDING,
submission_01361,2026-06-11T02:33:35Z,SubmissionStatus.COMPLETE,6327.51
submission_01362,2026-06-11T02:37:09Z,SubmissionStatus.PENDING,
submission_01363,2026-06-11T02:39:15Z,SubmissionStatus.COMPLETE,6327.72
submission_01364,2026-06-11T02:42:44Z,SubmissionStatus.PENDING,
submission_01365,2026-06-11T02:44:52Z,SubmissionStatus.COMPLETE,6327.9
submission_01366,2026-06-11T02:50:23Z,SubmissionStatus.PENDING,
submission_01367,2026-06-11T02:52:30Z,SubmissionStatus.COMPLETE,6329.21
submission_01368,2026-06-11T02:54:50Z,SubmissionStatus.PENDING,
submission_01369,2026-06-11T02:57:12Z,SubmissionStatus.COMPLETE,6330.33
submission_01370,2026-06-11T02:59:38Z,SubmissionStatus.PENDING,
submission_01371,2026-06-11T03:02:02Z,SubmissionStatus.COMPLETE,6331.45
submission_01372,2026-06-11T03:04:47Z,SubmissionStatus.PENDING,
submission_01373,2026-06-11T03:07:12Z,SubmissionStatus.COMPLETE,6331.41
submission_01374,2026-06-11T03:10:20Z,SubmissionStatus.PENDING,
submission_01375,2026-06-11T03:12:44Z,SubmissionStatus.COMPLETE,6331.82
submission_01376,2026-06-11T03:16:01Z,SubmissionStatus.PENDING,
submission_01377,2026-06-11T03:18:36Z,SubmissionStatus.COMPLETE,6332.25
submission_01378,2026-06-11T03:21:20Z,SubmissionStatus.PENDING,
submission_01379,2026-06-11T03:23:40Z,SubmissionStatus.COMPLETE,6332.55
submission_01380,2026-06-11T03:46:31Z,SubmissionStatus.COMPLETE,6335.3
submission_01381,2026-06-11T03:53:39Z,SubmissionStatus.COMPLETE,6335.83
submission_01382,2026-06-11T04:02:03Z,SubmissionStatus.COMPLETE,6336.3
submission_01383,2026-06-11T04:10:30Z,SubmissionStatus.COMPLETE,6336.76
submission_01384,2026-06-11T04:18:33Z,SubmissionStatus.COMPLETE,6337.04
submission_01385,2026-06-11T04:26:36Z,SubmissionStatus.COMPLETE,6337.08
submission_01386,2026-06-11T04:34:29Z,SubmissionStatus.COMPLETE,6337.31
submission_01387,2026-06-11T04:42:48Z,SubmissionStatus.COMPLETE,6337.53
submission_01388,2026-06-11T04:50:59Z,SubmissionStatus.COMPLETE,6337.82
submission_01389,2026-06-11T04:59:06Z,SubmissionStatus.COMPLETE,6337.99
submission_01390,2026-06-11T05:07:14Z,SubmissionStatus.COMPLETE,6338.23
submission_01391,2026-06-11T05:15:14Z,SubmissionStatus.COMPLETE,6338.44
submission_01392,2026-06-11T05:23:16Z,SubmissionStatus.COMPLETE,6338.67
submission_01393,2026-06-11T05:31:32Z,SubmissionStatus.COMPLETE,6338.85
submission_01394,2026-06-11T05:39:49Z,SubmissionStatus.COMPLETE,6338.99
submission_01395,2026-06-11T05:47:50Z,SubmissionStatus.COMPLETE,6339.14
submission_01396,2026-06-11T06:02:15Z,SubmissionStatus.PENDING,
submission_01397,2026-06-11T06:02:20Z,SubmissionStatus.PENDING,
submission_01398,2026-06-11T06:03:12Z,SubmissionStatus.PENDING,
submission_01399,2026-06-11T06:04:50Z,SubmissionStatus.COMPLETE,6339.37
submission_01400,2026-06-11T06:07:16Z,SubmissionStatus.PENDING,
submission_01401,2026-06-11T06:08:36Z,SubmissionStatus.PENDING,
submission_01402,2026-06-11T06:10:44Z,SubmissionStatus.COMPLETE,6339.62
submission_01403,2026-06-11T06:13:07Z,SubmissionStatus.PENDING,
submission_01404,2026-06-11T06:14:57Z,SubmissionStatus.PENDING,
submission_01405,2026-06-11T06:17:35Z,SubmissionStatus.COMPLETE,6339.88
submission_01406,2026-06-11T06:57:16Z,SubmissionStatus.COMPLETE,6339.88
submission_01407,2026-06-11T07:04:53Z,SubmissionStatus.PENDING,
submission_01408,2026-06-11T07:06:31Z,SubmissionStatus.PENDING,
submission_01409,2026-06-11T07:08:39Z,SubmissionStatus.COMPLETE,6339.92
submission_01410,2026-06-11T07:22:37Z,SubmissionStatus.COMPLETE,6339.92
submission_01411,2026-06-11T07:23:43Z,SubmissionStatus.COMPLETE,6339.92
submission_01412,2026-06-11T08:03:05Z,SubmissionStatus.COMPLETE,6325.04
submission_01413,2026-06-11T08:03:46Z,SubmissionStatus.COMPLETE,6325.04
submission_01414,2026-06-11T08:49:09Z,SubmissionStatus.COMPLETE,6340.84
submission_01415,2026-06-11T08:57:42Z,SubmissionStatus.COMPLETE,6336.26
submission_01416,2026-06-11T09:44:42Z,SubmissionStatus.COMPLETE,6341.13
submission_01417,2026-06-11T10:04:25Z,SubmissionStatus.COMPLETE,6341.25
submission_01418,2026-06-11T10:04:55Z,SubmissionStatus.COMPLETE,6341.25
submission_01419,2026-06-11T10:05:03Z,SubmissionStatus.COMPLETE,6341.25
submission_01420,2026-06-11T10:15:38Z,SubmissionStatus.COMPLETE,6341.41
submission_01421,2026-06-11T10:31:43Z,SubmissionStatus.COMPLETE,6342.11
submission_01422,2026-06-11T11:09:56Z,SubmissionStatus.COMPLETE,6341.09
submission_01423,2026-06-13T01:53:23Z,COMPLETE,6372.62
submission_01424,2026-06-13T02:01:57Z,COMPLETE,6372.9
submission_01425,2026-06-13T02:06:21Z,COMPLETE,6373.05
submission_01426,2026-06-16T04:53:03Z,SubmissionStatus.COMPLETE,6405.61
submission_01427,2026-06-16T05:02:29Z,SubmissionStatus.COMPLETE,6405.51
submission_01428,2026-06-16T05:12:37Z,SubmissionStatus.COMPLETE,6405.94
submission_01429,2026-06-16T05:15:35Z,SubmissionStatus.COMPLETE,6406.08
submission_01430,2026-06-17T10:31:03Z,SubmissionStatus.COMPLETE,6423.87
submission_01431,2026-06-17T10:36:05Z,SubmissionStatus.COMPLETE,6424.23
submission_01432,2026-06-17T10:38:30Z,SubmissionStatus.COMPLETE,6424.37
submission_01433,2026-06-17T11:01:22Z,SubmissionStatus.COMPLETE,6424.53
submission_01434,2026-06-17T12:00:33Z,SubmissionStatus.COMPLETE,6424.76
submission_01435,2026-06-17T12:52:35Z,SubmissionStatus.COMPLETE,6411.05
submission_01436,2026-06-17T13:43:14Z,SubmissionStatus.COMPLETE,6424.21
submission_01437,2026-06-17T14:01:28Z,SubmissionStatus.COMPLETE,6424.69
submission_01438,2026-06-17T14:05:00Z,SubmissionStatus.COMPLETE,6423.16
submission_01439,2026-06-17T14:08:34Z,SubmissionStatus.COMPLETE,6425.68
submission_01440,2026-06-17T14:13:04Z,SubmissionStatus.COMPLETE,6422.92
submission_01441,2026-06-17T14:16:38Z,SubmissionStatus.COMPLETE,6422.91
submission_01442,2026-06-17T16:36:48Z,SubmissionStatus.COMPLETE,6411.97
submission_01443,2026-06-17T17:22:12Z,SubmissionStatus.COMPLETE,6426.85
submission_01444,2026-06-17T17:39:24Z,SubmissionStatus.COMPLETE,6411.6
submission_01445,2026-06-17T19:18:30Z,COMPLETE,6427.05
submission_01446,2026-06-17T19:37:42Z,COMPLETE,6426.17
submission_01447,2026-06-17T19:46:47Z,COMPLETE,6426.29
submission_01448,2026-06-17T19:53:19Z,COMPLETE,6424.94
submission_01449,2026-06-17T20:07:39Z,SubmissionStatus.COMPLETE,6425.78
submission_01450,2026-06-17T20:11:52Z,SubmissionStatus.COMPLETE,6425.68
submission_01451,2026-06-17T21:32:15Z,SubmissionStatus.COMPLETE,6407.34
submission_01452,2026-06-17T21:38:17Z,SubmissionStatus.COMPLETE,6409.87
submission_01453,2026-06-18T01:09:17Z,SubmissionStatus.COMPLETE,6427.38
submission_01454,2026-06-18T01:13:15Z,SubmissionStatus.COMPLETE,6426.94
submission_01455,2026-06-18T01:23:45Z,SubmissionStatus.COMPLETE,6427.62
submission_01456,2026-06-18T01:26:44Z,SubmissionStatus.COMPLETE,6427.78
submission_01457,2026-06-18T01:38:07Z,SubmissionStatus.PENDING,
submission_01458,2026-06-18T01:38:12Z,SubmissionStatus.PENDING,
submission_01459,2026-06-18T01:38:20Z,SubmissionStatus.PENDING,
submission_01460,2026-06-18T01:38:27Z,SubmissionStatus.PENDING,
submission_01461,2026-06-18T01:38:56Z,SubmissionStatus.PENDING,
submission_01462,2026-06-18T01:39:08Z,SubmissionStatus.PENDING,
submission_01463,2026-06-18T01:39:56Z,SubmissionStatus.PENDING,
submission_01464,2026-06-18T01:41:09Z,SubmissionStatus.COMPLETE,6428.23
submission_01465,2026-06-18T01:42:33Z,SubmissionStatus.PENDING,
submission_01466,2026-06-18T01:43:14Z,SubmissionStatus.PENDING,
submission_01467,2026-06-18T01:43:53Z,SubmissionStatus.PENDING,
submission_01468,2026-06-18T01:44:48Z,SubmissionStatus.PENDING,
submission_01469,2026-06-18T01:46:02Z,SubmissionStatus.COMPLETE,6428.41
submission_01470,2026-06-18T01:49:45Z,SubmissionStatus.PENDING,
submission_01471,2026-06-18T01:50:49Z,SubmissionStatus.PENDING,
submission_01472,2026-06-18T01:51:59Z,SubmissionStatus.COMPLETE,6413.35
submission_01473,2026-06-18T05:50:57Z,SubmissionStatus.COMPLETE,6428.31
submission_01474,2026-06-18T05:55:59Z,SubmissionStatus.COMPLETE,6428.26
submission_01475,2026-06-18T07:03:18Z,SubmissionStatus.COMPLETE,6428.59
submission_01476,2026-06-18T07:09:49Z,SubmissionStatus.COMPLETE,6429.02
submission_01477,2026-06-18T07:14:55Z,SubmissionStatus.COMPLETE,6428.58
submission_01478,2026-06-18T08:26:27Z,SubmissionStatus.COMPLETE,6428.62
submission_01479,2026-06-18T08:28:56Z,SubmissionStatus.COMPLETE,6428.15
submission_01480,2026-06-18T08:31:20Z,SubmissionStatus.COMPLETE,6429.03
submission_01481,2026-06-18T08:33:41Z,SubmissionStatus.COMPLETE,6429.03
submission_01482,2026-06-18T08:55:11Z,SubmissionStatus.COMPLETE,6429.07
submission_01483,2026-06-18T08:57:58Z,SubmissionStatus.COMPLETE,6428.22
submission_01484,2026-06-18T09:00:15Z,SubmissionStatus.COMPLETE,6428.36
submission_01485,2026-06-18T09:02:29Z,SubmissionStatus.COMPLETE,6425.18
submission_01486,2026-06-18T09:13:38Z,SubmissionStatus.COMPLETE,6429.0
submission_01487,2026-06-18T09:15:57Z,SubmissionStatus.COMPLETE,6428.52
submission_01488,2026-06-18T09:18:45Z,SubmissionStatus.COMPLETE,6428.79
submission_01489,2026-06-18T13:10:04Z,SubmissionStatus.COMPLETE,6425.01
submission_01490,2026-06-18T13:13:55Z,SubmissionStatus.COMPLETE,6410.87
submission_01491,2026-06-18T13:29:16Z,SubmissionStatus.COMPLETE,6425.49
submission_01492,2026-06-18T13:38:16Z,SubmissionStatus.COMPLETE,6428.62
submission_01493,2026-06-18T14:19:09Z,SubmissionStatus.COMPLETE,6429.07
submission_01494,2026-06-18T15:18:11Z,SubmissionStatus.COMPLETE,6414.86
submission_01495,2026-06-18T15:22:13Z,SubmissionStatus.COMPLETE,6429.28
submission_01496,2026-06-18T15:25:54Z,SubmissionStatus.COMPLETE,6415.8
submission_01497,2026-06-18T15:30:02Z,SubmissionStatus.COMPLETE,6429.1
submission_01498,2026-06-19T04:34:00Z,SubmissionStatus.COMPLETE,7015.36
submission_01499,2026-06-19T04:35:00Z,SubmissionStatus.COMPLETE,7015.36
submission_01500,2026-06-19T04:41:51Z,SubmissionStatus.COMPLETE,7090.24
submission_01501,2026-06-19T04:55:21Z,SubmissionStatus.COMPLETE,7089.57
submission_01502,2026-06-19T04:59:46Z,SubmissionStatus.COMPLETE,7085.86
submission_01503,2026-06-20T00:48:49Z,SubmissionStatus.COMPLETE,7116.65
submission_01504,2026-06-20T01:09:35Z,SubmissionStatus.COMPLETE,7115.98
submission_01505,2026-06-20T01:34:42Z,SubmissionStatus.COMPLETE,7116.66
submission_01506,2026-06-21T08:10:02Z,SubmissionStatus.COMPLETE,7117.01
submission_01507,2026-06-21T08:24:36Z,SubmissionStatus.COMPLETE,7117.03
submission_01508,2026-06-22T12:01:26Z,SubmissionStatus.COMPLETE,7141.56
submission_01509,2026-06-22T12:05:49Z,SubmissionStatus.COMPLETE,7141.56
submission_01510,2026-06-22T12:12:04Z,SubmissionStatus.COMPLETE,7141.14
submission_01511,2026-06-22T12:15:28Z,SubmissionStatus.COMPLETE,7139.66
submission_01512,2026-06-23T00:13:12Z,SubmissionStatus.COMPLETE,7149.18
submission_01513,2026-06-23T00:19:16Z,SubmissionStatus.COMPLETE,7149.45
submission_01514,2026-06-24T11:26:15Z,SubmissionStatus.COMPLETE,7158.59
submission_01515,2026-06-29T00:49:31Z,SubmissionStatus.COMPLETE,7174.2
submission_01516,2026-06-29T00:49:52Z,SubmissionStatus.COMPLETE,7174.2
submission_01517,2026-06-29T00:53:21Z,SubmissionStatus.COMPLETE,7174.29
submission_01518,2026-06-29T02:53:13Z,SubmissionStatus.COMPLETE,7173.62
submission_01519,2026-06-29T03:23:23Z,SubmissionStatus.COMPLETE,7174.29
submission_01520,2026-06-29T03:53:08Z,SubmissionStatus.COMPLETE,7174.29
submission_01521,2026-06-29T04:07:30Z,SubmissionStatus.COMPLETE,7174.29
submission_01522,2026-06-29T04:20:17Z,SubmissionStatus.COMPLETE,7174.29
submission_01523,2026-06-29T04:36:55Z,SubmissionStatus.COMPLETE,7174.29
submission_01524,2026-06-29T23:00:05Z,SubmissionStatus.COMPLETE,7178.49
submission_01525,2026-06-29T23:07:34Z,SubmissionStatus.COMPLETE,7178.49
submission_01526,2026-06-30T00:41:24Z,SubmissionStatus.COMPLETE,7178.52
submission_01527,2026-06-30T00:52:41Z,SubmissionStatus.COMPLETE,7178.62
submission_01528,2026-06-30T23:20:06Z,SubmissionStatus.COMPLETE,7180.33
submission_01529,2026-06-30T23:23:29Z,SubmissionStatus.COMPLETE,7180.25
submission_01530,2026-06-30T23:25:47Z,SubmissionStatus.COMPLETE,7180.35
submission_01531,2026-06-30T23:28:03Z,SubmissionStatus.COMPLETE,7180.35
submission_01532,2026-06-30T23:30:23Z,SubmissionStatus.COMPLETE,7179.72
submission_01533,2026-06-30T23:32:42Z,SubmissionStatus.COMPLETE,7179.81
submission_01534,2026-06-30T23:36:31Z,SubmissionStatus.COMPLETE,7180.35
submission_01535,2026-06-30T23:40:07Z,SubmissionStatus.COMPLETE,6337.17
submission_01536,2026-06-30T23:42:57Z,SubmissionStatus.COMPLETE,7180.42
submission_01537,2026-06-30T23:49:23Z,SubmissionStatus.COMPLETE,7178.62
submission_01538,2026-06-30T23:51:32Z,SubmissionStatus.COMPLETE,7178.62
submission_01539,2026-06-30T23:53:44Z,SubmissionStatus.COMPLETE,7178.62
submission_01540,2026-06-30T23:55:59Z,SubmissionStatus.COMPLETE,7178.38
submission_01541,2026-06-30T23:57:41Z,SubmissionStatus.COMPLETE,7178.23
submission_01542,2026-06-30T23:59:51Z,SubmissionStatus.COMPLETE,7178.62
submission_01543,2026-07-01T00:02:03Z,SubmissionStatus.COMPLETE,7178.62
submission_01544,2026-07-01T00:04:14Z,SubmissionStatus.COMPLETE,7178.36
submission_01545,2026-07-01T00:06:58Z,SubmissionStatus.COMPLETE,7174.2
submission_01546,2026-07-01T00:09:10Z,SubmissionStatus.COMPLETE,7174.1
submission_01547,2026-07-01T00:10:50Z,SubmissionStatus.COMPLETE,7174.29
submission_01548,2026-07-01T03:19:48Z,SubmissionStatus.COMPLETE,7180.55
submission_01549,2026-07-01T03:38:22Z,COMPLETE,7179.89
submission_01550,2026-07-02T03:13:00Z,SubmissionStatus.COMPLETE,7184.21
submission_01551,2026-07-02T03:44:34Z,SubmissionStatus.COMPLETE,7184.38
submission_01552,2026-07-08T09:34:51Z,SubmissionStatus.COMPLETE,7250.24
submission_01553,2026-07-08T09:47:21Z,SubmissionStatus.COMPLETE,7237.36
submission_01554,2026-07-08T09:57:00Z,SubmissionStatus.COMPLETE,7202.92
submission_01555,2026-07-08T10:36:16Z,SubmissionStatus.COMPLETE,7250.21
submission_01556,2026-07-08T22:54:54Z,SubmissionStatus.COMPLETE,7266.61
submission_01557,2026-07-08T23:05:29Z,SubmissionStatus.COMPLETE,7266.72
submission_01558,2026-07-08T23:12:29Z,SubmissionStatus.COMPLETE,7219.51
submission_01559,2026-07-09T02:18:45Z,SubmissionStatus.COMPLETE,7263.84
submission_01560,2026-07-09T02:18:56Z,SubmissionStatus.COMPLETE,7263.84
submission_01561,2026-07-09T03:37:26Z,SubmissionStatus.COMPLETE,7266.69
submission_01562,2026-07-09T05:33:04Z,SubmissionStatus.COMPLETE,7267.3
submission_01563,2026-07-09T08:39:38Z,SubmissionStatus.COMPLETE,7267.31
submission_01564,2026-07-09T08:44:02Z,SubmissionStatus.COMPLETE,7267.32
submission_01565,2026-07-09T09:39:54Z,SubmissionStatus.COMPLETE,7267.44
submission_01566,2026-07-09T10:10:42Z,SubmissionStatus.COMPLETE,7267.46
submission_01567,2026-07-09T11:18:16Z,SubmissionStatus.COMPLETE,7251.47
submission_01568,2026-07-09T12:59:34Z,SubmissionStatus.COMPLETE,7267.55
submission_01569,2026-07-09T14:57:58Z,SubmissionStatus.COMPLETE,7267.55
submission_01570,2026-07-09T16:02:31Z,SubmissionStatus.COMPLETE,7267.56
submission_01571,2026-07-09T16:33:46Z,SubmissionStatus.ERROR,
submission_01572,2026-07-09T18:01:31Z,SubmissionStatus.COMPLETE,7266.83
submission_01573,2026-07-09T18:04:51Z,UNKNOWN,
submission_01574,2026-07-09T18:05:03Z,SubmissionStatus.COMPLETE,7267.71
submission_01575,2026-07-09T18:22:17Z,SubmissionStatus.COMPLETE,7268.0
